PRAGMA foreign_keys=OFF;
BEGIN TRANSACTION;
CREATE TABLE schema_migrations (version uint64,dirty bool);
INSERT INTO schema_migrations VALUES(31,0);
CREATE TABLE refresh_tokens (
    id          INTEGER  PRIMARY KEY AUTOINCREMENT,
    user_id     INTEGER  NOT NULL REFERENCES users(id) ON DELETE CASCADE,
    token_hash  TEXT     NOT NULL UNIQUE,
    expires_at  DATETIME NOT NULL,
    created_at  DATETIME NOT NULL DEFAULT CURRENT_TIMESTAMP
);
INSERT INTO refresh_tokens VALUES(62,1,'245b91041e91c1a7cb7ec8e44703af10a709ea5f1749e62caa2803babb8fe32d','2026-05-26 21:22:35.48979601 +0000 UTC m=+612485.032826072','2026-05-19 21:22:35');
INSERT INTO refresh_tokens VALUES(73,1,'3bfd69a2737a7c1478a67e3cb425d3b97f449c474ac9edb091b105bd0cac1d03','2026-05-27 16:53:35.420221588 +0000 UTC m=+606370.975291384','2026-05-20 16:53:35');
INSERT INTO refresh_tokens VALUES(81,1,'a18b58a11e370dc99f40f00a4a739344fccae28c84846442d8eb7c775951148f','2026-05-27 18:25:12.339163538 +0000 UTC m=+606024.220025905','2026-05-20 18:25:12');
INSERT INTO refresh_tokens VALUES(82,1,'b28f305aa10f49c738695521d9ab19438daabbb1fa7ce7034f617feb6e142907','2026-05-27 19:15:53.588208099 +0000 UTC m=+609065.469070475','2026-05-20 19:15:53');
INSERT INTO refresh_tokens VALUES(85,1,'a24bfbf94c9d1252a66ef178e3ae88accfcc2ce0165e69bea78893313d90469a','2026-05-27 19:41:17.744674974 +0000 UTC m=+605395.069706084','2026-05-20 19:41:17');
INSERT INTO refresh_tokens VALUES(94,1,'d8dff9ef7c2827c86cb06af3f753b8ddd4f8f823e88b9a07d2562dca42b3dbf9','2026-05-27 20:56:38.812130907 +0000 UTC m=+606056.509073465','2026-05-20 20:56:38');
INSERT INTO refresh_tokens VALUES(97,4,'4955a78f193c3c43c30f212cf080905b609bb4a1986102bc9daf381efa31f9a0','2026-05-27 21:01:14.846880683 +0000 UTC m=+606332.543823211','2026-05-20 21:01:14');
INSERT INTO refresh_tokens VALUES(104,1,'21c20f47fc9bf3aabdf7c5fcc43b68dc45d023516b315ee363bc42374d2ab732','2026-05-27 21:32:06.729588904 +0000 UTC m=+605286.752585682','2026-05-20 21:32:06');
INSERT INTO refresh_tokens VALUES(110,1,'81af7718248e2ac2bcf1596a10984bb51ff5d9ea344f75edaa1b08f63528460a','2026-05-27 22:01:21.813729941 +0000 UTC m=+606203.312628473','2026-05-20 22:01:21');
INSERT INTO refresh_tokens VALUES(143,4,'80e10a67945e4713118d437c161a336c46b0d6370cc9a338edb1788263e0f326','2026-05-28 07:11:02.361877712 +0000 UTC m=+605041.744840132','2026-05-21 07:11:02');
INSERT INTO refresh_tokens VALUES(146,1,'295563bde2d6f16f9be8ef3b634f644b7f76836f748f8ed03d57ef9d6618c3ec','2026-05-28 07:56:24.449781875 +0000 UTC m=+605671.303904808','2026-05-21 07:56:24');
INSERT INTO refresh_tokens VALUES(147,4,'dc9e1891ff7276a3f34387c36bfc936cff36dc1e162bcf6654510405f183fb89','2026-05-28 10:49:05.954121736 +0000 UTC m=+616032.808244659','2026-05-21 10:49:05');
INSERT INTO refresh_tokens VALUES(154,1,'4a88b4fac1265758c6c6afd75cc276f55ba6e53fc06baa8f724d7a71f79c7685','2026-05-28 18:02:54.71812936 +0000 UTC m=+607872.823196311','2026-05-21 18:02:54');
INSERT INTO refresh_tokens VALUES(156,1,'23f58faafa671ef6d3872fd98aeda8cf6643e052c1b3bedd1100e9b701af8531','2026-05-23 19:10:34.519495921 +0000 UTC m=+173807.028217614','2026-05-21 19:10:34');
INSERT INTO refresh_tokens VALUES(157,1,'f76467bf17858fd2b1a5419bff45d904cf758bfaa27dbadc8ca90dd442363ee2','2026-05-23 20:54:32.499719934 +0000 UTC m=+180045.008441647','2026-05-21 20:54:32');
INSERT INTO refresh_tokens VALUES(158,7,'3f5ec72441bea684d4ab440e19e0c597e12408123684406c48f94419456f4a36','2026-05-24 05:11:50.98460275 +0000 UTC m=+209883.493324453','2026-05-22 05:11:50');
INSERT INTO refresh_tokens VALUES(187,1,'42f9de6ab76660534ed10bc2406156bfad5a77052dee05dac0415d03cccdfd99','2026-05-24 08:35:49.78802657 +0000 UTC m=+172978.484799011','2026-05-22 08:35:49');
INSERT INTO refresh_tokens VALUES(231,1,'00ac07fdc00f7dc2bde6783f3d1555f71e944b305927ca1d5766287cd4d4e38f','2026-05-25 12:29:13.544471491 +0000 UTC m=+172806.918237603','2026-05-23 12:29:13');
INSERT INTO refresh_tokens VALUES(303,8,'f2519993497df76cff550fd0f8a2461c9392b64565d6c4d20c5a86091c36c032','2026-05-26 11:30:49.106629673 +0000 UTC m=+174472.787897537','2026-05-24 11:30:49');
INSERT INTO refresh_tokens VALUES(305,8,'823f1fe02a1c0ce06d23bb900dfe6dc3a0e3a3a13305518de6631b2ec4680a73','2026-05-26 11:44:31.779047524 +0000 UTC m=+175295.460315388','2026-05-24 11:44:31');
INSERT INTO refresh_tokens VALUES(312,1,'69e9ac7b12fbee915267b995713bd5ee18137d3738ef2266236098c3add3b48d','2026-05-26 13:14:14.377612732 +0000 UTC m=+173236.966782737','2026-05-24 13:14:14');
INSERT INTO refresh_tokens VALUES(337,10,'5196c0eb89087fea45c9cf1b849795cc09d84828d2fb351896419abc4f4999c7','2026-05-26 15:37:15.662051263 +0000 UTC m=+174977.244470197','2026-05-24 15:37:15');
INSERT INTO refresh_tokens VALUES(352,1,'9378186cd0ce78c1e70a634b8a19c5c0fca1267596c1e199847799614cf01a2b','2026-05-26 16:46:47.458140644 +0000 UTC m=+173104.432751806','2026-05-24 16:46:47');
INSERT INTO refresh_tokens VALUES(355,8,'d5ab9d015ed70c223477359fd8267d4f721977a86b2fdac8686f4a8dad5bdf12','2026-05-26 16:57:50.10470532 +0000 UTC m=+173767.079316482','2026-05-24 16:57:50');
INSERT INTO refresh_tokens VALUES(385,1,'cea71c910d638269cf55cc277eec48d72d43bd891a4188320859eb9d99f6201f','2026-05-26 20:51:43.965977576 +0000 UTC m=+172815.023924141','2026-05-24 20:51:43');
INSERT INTO refresh_tokens VALUES(396,8,'2ed0291a9fa9e36910cc5540b04f4b313b91d28da96a1b255f65c0da0b23b585','2026-05-26 21:19:38.850763933 +0000 UTC m=+174015.047568713','2026-05-24 21:19:38');
INSERT INTO refresh_tokens VALUES(403,4,'c7179da5b6b11f1caef8d5f4107467005f81c7449267904d292bc46292f34992','2026-05-26 21:43:08.713932515 +0000 UTC m=+173290.383276860','2026-05-24 21:43:08');
INSERT INTO refresh_tokens VALUES(412,1,'501c31988437886021bf198fe0a6a0a896bd7e7245eae9499f28503aff8eead0','2026-05-26 22:08:49.006804962 +0000 UTC m=+174830.676149287','2026-05-24 22:08:49');
INSERT INTO refresh_tokens VALUES(413,1,'5f80b5069798c6b5a8093ad34b617bdbb5af3db49c1bb824426653c3d0870eea','2026-05-27 05:58:44.438744564 +0000 UTC m=+203026.108088919','2026-05-25 05:58:44');
INSERT INTO refresh_tokens VALUES(420,1,'c2b4ab4c8daa37d15ceb5f978a6867f5f6e8f59c7c396878858b2b57b4cc47a7','2026-05-27 11:38:18.723200858 +0000 UTC m=+223400.392545183','2026-05-25 11:38:18');
INSERT INTO refresh_tokens VALUES(421,9,'ab8d8cf58fb547d7caefdb42e8209123dcb310e345a893958426f5e52b3ac830','2026-05-27 15:00:37.409390807 +0000 UTC m=+235539.078735152','2026-05-25 15:00:37');
INSERT INTO refresh_tokens VALUES(423,11,'792777bf83f3a48f220e73084b63a4999dedb19a9bce7ca01b90f692c6002961','2026-05-28 19:26:01.160459459 +0000 UTC m=+337862.829803814','2026-05-26 19:26:01');
INSERT INTO refresh_tokens VALUES(424,1,'eb9d96ccf6e0496c3ae7effcb99d3033d235cb5cfcc8280e66d12d174c213c2c','2026-05-29 17:50:30.215720402 +0000 UTC m=+418531.885064727','2026-05-27 17:50:30');
INSERT INTO refresh_tokens VALUES(472,8,'0c533a69938bbb8cad44763bcf69995cb491361ba0530163c4143953d1a14523','2026-06-01 18:51:58.048694888 +0000 UTC m=+176171.820114828','2026-05-30 18:51:58');
INSERT INTO refresh_tokens VALUES(496,4,'3a74db7d055a82200c8c658a820baec82c723b5e97df3838b7d57244d3e8a3a3','2026-06-01 20:42:00.455663856 +0000 UTC m=+176141.600620835','2026-05-30 20:42:00');
INSERT INTO refresh_tokens VALUES(547,1,'96dcb59f7acaddfc2f5421952fb92a948923b9ccad364f5f7e7f32a0e1be5928','2026-06-03 18:48:17.941206245 +0000 UTC m=+174467.881137270','2026-06-01 18:48:17');
INSERT INTO refresh_tokens VALUES(548,1,'d45fce7f443ac5929ce9b37f55fb5801304d01dab2d8c4ff2643d68cc8756404','2026-06-03 18:50:03.367713138 +0000 UTC m=+174573.307644163','2026-06-01 18:50:03');
INSERT INTO refresh_tokens VALUES(569,8,'53ac9849dbd4d4d0cee583f8c280929db56147bd11c2082fc759675185c1311f','2026-06-03 21:11:57.37403504 +0000 UTC m=+174127.225718173','2026-06-01 21:11:57');
INSERT INTO refresh_tokens VALUES(614,9,'050bf47aa3fa5e89ad8b5b07cf9bbdadaef2d4d5aec4564db5a502854ee0dbaa','2026-06-05 09:02:37.873787719 +0000 UTC m=+235966.451884167','2026-06-03 09:02:37');
INSERT INTO refresh_tokens VALUES(649,12,'0fb357d949f2865691ccf2976a447f9fa94bbed07b14a22c955f0b69b4c8e35f','2026-06-05 21:39:14.565075911 +0000 UTC m=+175935.523109359','2026-06-03 21:39:14');
INSERT INTO refresh_tokens VALUES(653,1,'dc73d96e69f57c7e80a754607d479d3da681f5695d5bc6c840a0b093be487ae7','2026-06-05 21:49:28.430278394 +0000 UTC m=+173397.384084499','2026-06-03 21:49:28');
INSERT INTO refresh_tokens VALUES(661,12,'f2f6995570dce0ff87ab1c2f87ed62fcd679955a60641669ba46827fa0e7f0f7','2026-06-05 22:04:25.419255877 +0000 UTC m=+174294.373061962','2026-06-03 22:04:25');
INSERT INTO refresh_tokens VALUES(682,12,'40f8eb1824a2c46f1db878994c039cd8f9b328ef9042ee59623975b34e48caee','2026-06-06 13:40:13.539287517 +0000 UTC m=+192189.313490000','2026-06-04 13:40:13');
INSERT INTO refresh_tokens VALUES(691,6,'3e5d3bdae2bd48bef415e49d0c81400cc42e7ef58e19e45b63c93ffba630fe36','2026-06-06 14:00:38.275870835 +0000 UTC m=+193414.050073297','2026-06-04 14:00:38');
INSERT INTO refresh_tokens VALUES(696,12,'f45e03ec0ae0ba82bb26352e15b330efdaeef0a0cd8acc1e573dae302b58358f','2026-06-06 14:07:24.533803076 +0000 UTC m=+193820.308005528','2026-06-04 14:07:24');
INSERT INTO refresh_tokens VALUES(716,13,'6b631fe2273ef6fea2cbd743ac108f005a50b2d32b9376b822f912a7c6345504','2026-06-06 15:01:50.294000622 +0000 UTC m=+197086.068203074','2026-06-04 15:01:50');
INSERT INTO refresh_tokens VALUES(720,1,'eb2c9ea79c36a2ab3a115867b215ebc4f5557f46514ce5ef6c5ff2ddff4166a1','2026-06-06 15:15:55.000994724 +0000 UTC m=+197930.775197176','2026-06-04 15:15:55');
INSERT INTO refresh_tokens VALUES(738,1,'1003b348d57ffae30ef6760dcb2a5d1d1677cf96272d81aec4298d3e3ea8339f','2026-06-06 17:02:25.880292494 +0000 UTC m=+173386.040249731','2026-06-04 17:02:25');
INSERT INTO refresh_tokens VALUES(766,12,'4a25c86e8a027858dc6203d76f491cbf4255c38e9b06bb5f0ad1f9c88fb7e6b9','2026-06-06 19:32:29.732440681 +0000 UTC m=+178137.185214475','2026-06-04 19:32:29');
INSERT INTO refresh_tokens VALUES(769,8,'0b293fccd925be16cb98051bbfeaaca2d3caf2c5883fcc08ea6222d378754b2d','2026-06-06 19:50:20.644129831 +0000 UTC m=+179208.096903595','2026-06-04 19:50:20');
INSERT INTO refresh_tokens VALUES(823,1,'a96612bd6d8dc3e2151621bbb5c4e98351e082241118ce3b46a3cd01f8b33902','2026-06-07 13:56:09.943478844 +0000 UTC m=+172855.929180797','2026-06-05 13:56:09');
INSERT INTO refresh_tokens VALUES(830,1,'501a7391904f5d203bcbcb33bf750fb28e57f2924100515b55d152240158c815','2026-06-07 14:22:31.148282035 +0000 UTC m=+173382.641145230','2026-06-05 14:22:31');
INSERT INTO refresh_tokens VALUES(839,8,'189e0c2f31b47b85d13ffeded6896141e11ebbdd6f5bbe01f996ed5c3399e0e3','2026-06-07 15:58:51.295187114 +0000 UTC m=+174777.043040783','2026-06-05 15:58:51');
INSERT INTO refresh_tokens VALUES(841,1,'1de3ac070b6fa40a0b43a0ec4725d666e5f5c40328b5a32834b85f9c824419ac','2026-06-07 16:03:41.828448342 +0000 UTC m=+172860.127388842','2026-06-05 16:03:41');
INSERT INTO refresh_tokens VALUES(854,1,'9465c758ff44aa86f620d31a20b41263a5b5c287c90d4dd871511d8a5f1a8de7','2026-06-07 17:19:27.353901593 +0000 UTC m=+175697.124024018','2026-06-05 17:19:27');
INSERT INTO refresh_tokens VALUES(929,1,'00cd0ce5bbbe801c19e47a0e59584622d43cca56d0106d28fde93b332f796ccc','2026-06-07 20:34:40.348986882 +0000 UTC m=+187410.119109287','2026-06-05 20:34:40');
INSERT INTO refresh_tokens VALUES(936,12,'140d232e9afd89dc9d7efbaad2c79750d802d7b39acf64ae46a0a3fd61026585','2026-06-07 20:53:17.031962109 +0000 UTC m=+188526.802084544','2026-06-05 20:53:17');
INSERT INTO refresh_tokens VALUES(988,6,'752d64d8e168c5685aecc7d8edae2e5059e384b006c24f779445c9a930c74ef3','2026-06-08 08:21:31.00561337 +0000 UTC m=+206905.458288415','2026-06-06 08:21:31');
INSERT INTO refresh_tokens VALUES(990,1,'d2d75c2c9995bd1e51d90ea3708bee673109ad3d518ae21ca9647988da43a5c1','2026-06-08 08:29:17.616214584 +0000 UTC m=+207372.068889618','2026-06-06 08:29:17');
INSERT INTO refresh_tokens VALUES(1012,11,'c17c89b0b78eaf95f262bcab6a5eaa047bab601596d4725ee65907363b31681a','2026-06-08 10:31:05.802439907 +0000 UTC m=+175810.871407644','2026-06-06 10:31:05');
INSERT INTO refresh_tokens VALUES(1013,11,'0cf41bdef3ea3265f152f85caa8f9fe65b3abc4e34b79fc7fd4a5f7a72c6174d','2026-06-08 10:31:26.113113978 +0000 UTC m=+175831.182081685','2026-06-06 10:31:26');
INSERT INTO refresh_tokens VALUES(1031,11,'1db1b41e42d64082c9728769b70ee4fcc4d32490be6b2b1683915b14da8d4a9a','2026-06-08 11:30:44.743244276 +0000 UTC m=+179389.812211983','2026-06-06 11:30:44');
INSERT INTO refresh_tokens VALUES(1055,1,'15cb972f2137ef8347d2a3e9171a6d75b51e81ab881b4340cd07284e1e2ec820','2026-06-08 12:30:39.411869232 +0000 UTC m=+173077.420508178','2026-06-06 12:30:39');
INSERT INTO refresh_tokens VALUES(1097,5,'6944dc339d3a2b24186df116d9b6b6efa1634c47ea697a2cf48fc81d216f843c','2026-06-08 16:14:14.565567026 +0000 UTC m=+178609.835298517','2026-06-06 16:14:14');
INSERT INTO refresh_tokens VALUES(1115,5,'32da6d1dab53a1414fdb7e78b4cb63ffdccdd1c15f0dade9652689bf8e83208e','2026-06-08 16:37:04.074952655 +0000 UTC m=+179979.344684106','2026-06-06 16:37:04');
INSERT INTO refresh_tokens VALUES(1139,5,'7cf5d467d1a5590497b37bfd7a6575a05bb68c8f04f6883ce529929a539a17a2','2026-06-08 16:49:54.698283055 +0000 UTC m=+180749.968014506','2026-06-06 16:49:54');
INSERT INTO refresh_tokens VALUES(1203,1,'8114004377a26753b2a1ba445cc8a5e886e196a515f0b427f387874d284a8aa3','2026-06-08 21:07:58.59759028 +0000 UTC m=+174302.784391913','2026-06-06 21:07:58');
INSERT INTO refresh_tokens VALUES(1281,14,'05928009851ab719d5df5ceddf350ae436c3ade4a7d9af6c74d51a700a6e953c','2026-06-09 12:37:37.421863824 +0000 UTC m=+180255.641932343','2026-06-07 12:37:37');
INSERT INTO refresh_tokens VALUES(1287,15,'4cb1968579aa536be80e5ca6b54b682552988d228b842fd01df2fb33f3fcc003','2026-06-09 13:08:21.230154939 +0000 UTC m=+182099.450223478','2026-06-07 13:08:21');
INSERT INTO refresh_tokens VALUES(1307,18,'b2f7a67987bf8f9d21607d59a2682f3cf5fe51f9f9fec5542bedbfb112e0d73f','2026-06-09 18:00:33.379810201 +0000 UTC m=+173922.762781867','2026-06-07 18:00:33');
INSERT INTO refresh_tokens VALUES(1316,1,'9a72d63938b89690e119b78a7f6c4469eb9c4552b09d428afe47bfa0efa93a86','2026-06-09 18:41:32.531284021 +0000 UTC m=+174192.747095342','2026-06-07 18:41:32');
INSERT INTO refresh_tokens VALUES(1323,11,'fc681d1e189335ac6763c6651bc5c7706c6d3a95cf0c58f2b84beb228e90a8ce','2026-06-09 19:52:11.004730347 +0000 UTC m=+178431.220541689','2026-06-07 19:52:11');
INSERT INTO refresh_tokens VALUES(1326,14,'ce3755babf2f728faff79dfa980326c20c47449152e273d3f232a85fb4e98ed0','2026-06-09 19:55:28.672313271 +0000 UTC m=+178628.888124592','2026-06-07 19:55:28');
INSERT INTO refresh_tokens VALUES(1338,8,'d7fa47f03292bc2ccf6d459774639ea007d5588208459faed37a36eafb453ea8','2026-06-10 04:11:23.770142564 +0000 UTC m=+202383.311202946','2026-06-08 04:11:23');
INSERT INTO refresh_tokens VALUES(1339,16,'5b58e96b8ac718bc6c71b249c8b7bc9a5519b5dd3a9d3d3abac22f72411145ab','2026-06-10 04:32:34.006934356 +0000 UTC m=+203653.547994728','2026-06-08 04:32:34');
INSERT INTO refresh_tokens VALUES(1341,6,'02e33e0fefb45af40712926c5c57cc3f6a62d2cfc85ec01fbeea2cb425053b88','2026-06-10 05:16:19.541000743 +0000 UTC m=+206279.082061125','2026-06-08 05:16:19');
INSERT INTO refresh_tokens VALUES(1363,8,'7799e5ba64ac9515bf082fe1ef0be0f1fcaff09472cdc1fba694af32380da2e2','2026-06-10 12:48:50.914535406 +0000 UTC m=+233430.455595778','2026-06-08 12:48:50');
INSERT INTO refresh_tokens VALUES(1374,17,'fcf7458aff923951f75657812e977325f12c6ec698d9e0c04d4e4ba14e0c3cf4','2026-06-10 14:13:45.043251609 +0000 UTC m=+238524.584311981','2026-06-08 14:13:45');
INSERT INTO refresh_tokens VALUES(1379,6,'2087e9884a0ab5958abc6276451fc72cc71e7f63ff8ddcbd92c856b1a4e61da8','2026-06-10 16:08:29.827120156 +0000 UTC m=+245409.368180558','2026-06-08 16:08:29');
INSERT INTO refresh_tokens VALUES(1385,12,'a68d989c5b1e621f74a95b7e16f9db6ea9fce446cb2d448205c9c55c87dad5de','2026-06-10 17:36:40.677098099 +0000 UTC m=+174887.788888887','2026-06-08 17:36:40');
INSERT INTO refresh_tokens VALUES(1386,4,'9803b105c1323a6775b2a75ddf574ac09178fbfa0f01a5f739adcb0b88c348bd','2026-06-10 18:04:01.016594545 +0000 UTC m=+176528.128385333','2026-06-08 18:04:01');
INSERT INTO refresh_tokens VALUES(1391,13,'7038792421eef7edd0be8d4ad1d40a5e2c9bb86cbef4f8cd0c1e31ccf3e6e3cf','2026-06-10 18:44:49.196657733 +0000 UTC m=+178976.308448521','2026-06-08 18:44:49');
INSERT INTO refresh_tokens VALUES(1392,15,'ee2745db74fa73ef7eb223656cfe754997feb752936d786b81a7aea3cdc288ca','2026-06-10 18:55:36.200876851 +0000 UTC m=+179623.312667689','2026-06-08 18:55:36');
INSERT INTO refresh_tokens VALUES(1393,4,'b11b4c23da70af2ddcb4d021404473086c6d19ead8b635b7dc5f377063ad9611','2026-06-10 18:56:41.008697229 +0000 UTC m=+179688.120488017','2026-06-08 18:56:41');
CREATE TABLE password_reset_tokens (
    id          INTEGER  PRIMARY KEY AUTOINCREMENT,
    user_id     INTEGER  NOT NULL REFERENCES users(id) ON DELETE CASCADE,
    token       TEXT     NOT NULL UNIQUE,
    expires_at  DATETIME NOT NULL,
    used_at     DATETIME,
    created_at  DATETIME NOT NULL DEFAULT CURRENT_TIMESTAMP
);
INSERT INTO password_reset_tokens VALUES(1,6,'5b8115022740fd24c53fa9cd6690dbc078daecc1db13914da832f00dce4b901f','2026-06-04 14:43:21.619591165 +0000 UTC m=+23177.393793617','2026-06-04 13:44:16','2026-06-04 13:43:21');
INSERT INTO password_reset_tokens VALUES(2,5,'e407882b16c5c532938c10abaf10528a61f511e6461cff9cd862eda2ee1029c2','2026-06-04 16:01:36.391085471 +0000 UTC m=+27872.165287923','2026-06-04 15:02:14','2026-06-04 15:01:36');
CREATE TABLE clubs (
    id          INTEGER PRIMARY KEY AUTOINCREMENT,
    name        TEXT    NOT NULL,
    logo_url    TEXT,
    address     TEXT,
    updated_at  DATETIME NOT NULL DEFAULT CURRENT_TIMESTAMP
);
INSERT INTO clubs VALUES(1,'Team Stuttgart',NULL,NULL,'2026-05-18 21:19:17');
CREATE TABLE seasons (
    id          INTEGER  PRIMARY KEY AUTOINCREMENT,
    name        TEXT     NOT NULL UNIQUE,
    start_date  DATE     NOT NULL,
    end_date    DATE     NOT NULL,
    is_active   INTEGER  NOT NULL DEFAULT 0,
    created_at  DATETIME NOT NULL DEFAULT CURRENT_TIMESTAMP
);
INSERT INTO seasons VALUES(1,'2025/26','2025-09-01','2026-06-30',0,'2026-05-19 05:19:32');
INSERT INTO seasons VALUES(2,'2026/27','2026-07-01','2027-06-30',1,'2026-05-19 06:26:55');
CREATE TABLE teams (
    id          INTEGER PRIMARY KEY AUTOINCREMENT,
    name        TEXT    NOT NULL,
    age_class   TEXT    NOT NULL,
    gender      TEXT    NOT NULL CHECK (gender IN ('m','f','mixed')),
    is_active   INTEGER NOT NULL DEFAULT 1,
    created_at  DATETIME NOT NULL DEFAULT CURRENT_TIMESTAMP
);
INSERT INTO teams VALUES(1,'Gemischte D-Jugend','D-Jugend','mixed',1,'2026-05-19 05:57:34');
INSERT INTO teams VALUES(2,'A-Jugend männlich 1','A-Jugend','m',1,'2026-05-19 05:59:46');
INSERT INTO teams VALUES(11,'A-Jugend männlich 2','A-Jugend','m',1,'2026-05-22 08:50:28');
INSERT INTO teams VALUES(12,'A-Jugend weiblich','A-Jugend','f',1,'2026-05-22 08:56:31');
INSERT INTO teams VALUES(13,'A-Jugend männlich','A-Jugend','m',1,'2026-05-22 08:56:31');
INSERT INTO teams VALUES(14,'B-Jugend weiblich','B-Jugend','f',1,'2026-05-22 08:56:31');
INSERT INTO teams VALUES(15,'B-Jugend männlich','B-Jugend','m',1,'2026-05-22 08:56:31');
INSERT INTO teams VALUES(16,'C-Jugend weiblich','C-Jugend','f',1,'2026-05-22 08:56:31');
INSERT INTO teams VALUES(17,'C-Jugend männlich','C-Jugend','m',1,'2026-05-22 08:56:31');
INSERT INTO teams VALUES(18,'D-Jugend gemischt','D-Jugend','mixed',1,'2026-05-22 08:56:31');
INSERT INTO teams VALUES(19,'A-Jugend männlich 2','A-Jugend','m',1,'2026-05-22 08:56:31');
INSERT INTO teams VALUES(20,'B-Jugend männlich 2','B-Jugend','m',1,'2026-05-22 08:56:31');
INSERT INTO teams VALUES(21,'C-Jugend männlich 2','C-Jugend','m',1,'2026-05-22 08:56:31');
INSERT INTO teams VALUES(22,'A-Jugend männlich 3','A-Jugend','m',1,'2026-05-22 08:57:16');
CREATE TABLE family_links (
    parent_user_id  INTEGER NOT NULL REFERENCES users(id)   ON DELETE CASCADE,
    member_id       INTEGER NOT NULL REFERENCES members(id) ON DELETE CASCADE,
    PRIMARY KEY (parent_user_id, member_id)
);
INSERT INTO family_links VALUES(4,4);
INSERT INTO family_links VALUES(8,4);
INSERT INTO family_links VALUES(4,3);
INSERT INTO family_links VALUES(11,13);
INSERT INTO family_links VALUES(8,3);
INSERT INTO family_links VALUES(12,32);
INSERT INTO family_links VALUES(10,33);
INSERT INTO family_links VALUES(14,11);
INSERT INTO family_links VALUES(7,11);
INSERT INTO family_links VALUES(6,127);
INSERT INTO family_links VALUES(16,191);
INSERT INTO family_links VALUES(18,191);
CREATE TABLE vehicle_info (
    user_id     INTEGER PRIMARY KEY REFERENCES users(id) ON DELETE CASCADE,
    seats       INTEGER NOT NULL DEFAULT 0,
    notes       TEXT,
    updated_at  DATETIME NOT NULL DEFAULT CURRENT_TIMESTAMP
);
INSERT INTO vehicle_info VALUES(4,3,'','2026-06-01 19:25:37.936965811 +0000 UTC m=+385.815732610');
INSERT INTO vehicle_info VALUES(13,7,'','2026-06-04 19:56:57.660048167 +0000 UTC m=+6805.112821961');
CREATE TABLE duty_types (
    id              INTEGER PRIMARY KEY AUTOINCREMENT,
    name            TEXT    NOT NULL,
    hours_value     REAL    NOT NULL DEFAULT 1.0,
    cash_substitute REAL,
    created_at      DATETIME NOT NULL DEFAULT CURRENT_TIMESTAMP
, default_anchor TEXT NOT NULL DEFAULT 'start', default_offset_minutes INTEGER NOT NULL DEFAULT 0, consecutive_behavior TEXT NOT NULL DEFAULT 'normal' CHECK (consecutive_behavior IN ('normal', 'skip', 'reduced')), consecutive_variant_id INTEGER REFERENCES duty_types(id), same_day_behavior TEXT NOT NULL DEFAULT 'normal' CHECK (same_day_behavior IN ('normal', 'skip', 'reduced')), same_day_variant_id INTEGER REFERENCES duty_types(id), adjacent_day_behavior TEXT NOT NULL DEFAULT 'normal' CHECK (adjacent_day_behavior IN ('normal', 'skip', 'reduced')), adjacent_day_variant_id INTEGER REFERENCES duty_types(id), target_role TEXT NOT NULL DEFAULT 'elternteil' CHECK(target_role IN ('spieler','elternteil','trainer','admin','vorstand')), audiences TEXT);
INSERT INTO duty_types VALUES(1,'Aufbau klein',0.25,NULL,'2026-05-19 05:55:41','start',-90,'normal',NULL,'skip',NULL,'normal',NULL,'elternteil',NULL);
INSERT INTO duty_types VALUES(2,'Abbau Klein',0.25,NULL,'2026-05-19 05:55:53','end',30,'normal',NULL,'skip',NULL,'normal',NULL,'elternteil',NULL);
INSERT INTO duty_types VALUES(3,'Verkauf',1.0,NULL,'2026-05-19 05:56:08','start',-30,'normal',NULL,'normal',NULL,'normal',NULL,'elternteil',NULL);
INSERT INTO duty_types VALUES(4,'Kamera',1.0,NULL,'2026-05-19 05:56:12','start',-15,'normal',NULL,'normal',NULL,'normal',NULL,'elternteil',NULL);
INSERT INTO duty_types VALUES(5,'Zeitnehmer',1.0,NULL,'2026-05-19 05:56:16','start',-15,'normal',NULL,'normal',NULL,'normal',NULL,'elternteil',NULL);
INSERT INTO duty_types VALUES(8,'Aufbau Groß',0.5,NULL,'2026-05-22 06:32:40','start',-90,'normal',NULL,'skip',NULL,'reduced',1,'elternteil',NULL);
INSERT INTO duty_types VALUES(9,'Abbau Groß',0.5,NULL,'2026-05-22 06:33:10','end',30,'normal',NULL,'skip',NULL,'reduced',2,'elternteil',NULL);
INSERT INTO duty_types VALUES(10,'Sekretär',1.0,NULL,'2026-05-22 20:08:03','start',-15,'normal',NULL,'normal',NULL,'normal',NULL,'elternteil',NULL);
INSERT INTO duty_types VALUES(11,'Kuchen',1.0,NULL,'2026-05-23 12:54:40','start',-60,'normal',NULL,'normal',NULL,'normal',NULL,'elternteil',NULL);
INSERT INTO duty_types VALUES(12,'Spielbericht',1.0,NULL,'2026-05-24 13:33:01','start',2880,'normal',NULL,'normal',NULL,'normal',NULL,'elternteil',NULL);
INSERT INTO duty_types VALUES(13,'Schlüssel, Kasse, Laptops',0.25,NULL,'2026-05-24 14:05:53','start',-90,'normal',NULL,'normal',NULL,'normal',NULL,'elternteil',NULL);
INSERT INTO duty_types VALUES(14,'Einkauf',0.5,NULL,'2026-05-24 14:06:18','start',-90,'normal',NULL,'normal',NULL,'normal',NULL,'elternteil',NULL);
CREATE TABLE duty_assignments (
    id              INTEGER  PRIMARY KEY AUTOINCREMENT,
    duty_slot_id    INTEGER  NOT NULL REFERENCES duty_slots(id)  ON DELETE CASCADE,
    user_id         INTEGER  NOT NULL REFERENCES users(id)        ON DELETE CASCADE,
    status          TEXT     NOT NULL DEFAULT 'assigned' CHECK (status IN ('assigned','fulfilled','cash_substitute')),
    cash_amount     REAL,
    fulfilled_at    DATETIME,
    created_at      DATETIME NOT NULL DEFAULT CURRENT_TIMESTAMP,
    UNIQUE (duty_slot_id, user_id)
);
INSERT INTO duty_assignments VALUES(20,347,16,'assigned',NULL,NULL,'2026-06-06 11:04:34');
INSERT INTO duty_assignments VALUES(21,339,16,'assigned',NULL,NULL,'2026-06-06 11:08:56');
INSERT INTO duty_assignments VALUES(22,328,11,'assigned',NULL,NULL,'2026-06-06 14:00:38');
INSERT INTO duty_assignments VALUES(23,366,14,'assigned',NULL,NULL,'2026-06-06 18:12:12');
CREATE TABLE duty_accounts (
    id          INTEGER PRIMARY KEY AUTOINCREMENT,
    user_id     INTEGER NOT NULL REFERENCES users(id)    ON DELETE CASCADE,
    season_id   INTEGER NOT NULL REFERENCES seasons(id)  ON DELETE CASCADE,
    soll        REAL    NOT NULL DEFAULT 0,
    ist         REAL    NOT NULL DEFAULT 0,
    UNIQUE (user_id, season_id)
);
CREATE TABLE duty_season_targets (
    season_id       INTEGER NOT NULL REFERENCES seasons(id)    ON DELETE CASCADE,
    duty_type_id    INTEGER NOT NULL REFERENCES duty_types(id) ON DELETE CASCADE,
    target_hours    REAL    NOT NULL DEFAULT 0,
    PRIMARY KEY (season_id, duty_type_id)
);
CREATE TABLE IF NOT EXISTS "membership_requests" (
    id          INTEGER  PRIMARY KEY AUTOINCREMENT,
    email       TEXT     NOT NULL,
    team_id     INTEGER  REFERENCES teams(id) ON DELETE SET NULL,
    status      TEXT     NOT NULL DEFAULT 'pending' CHECK (status IN ('pending','approved','rejected')),
    handled_by  INTEGER  REFERENCES users(id) ON DELETE SET NULL,
    handled_at  DATETIME,
    created_at  DATETIME NOT NULL DEFAULT CURRENT_TIMESTAMP
, comment TEXT, first_name TEXT NOT NULL DEFAULT '', last_name  TEXT NOT NULL DEFAULT '');
INSERT INTO membership_requests VALUES(2,'andrea@diefranks.eu',NULL,'approved',1,'2026-05-23 12:45:52','2026-05-23 12:45:44',NULL,'Andrea','Frank');
INSERT INTO membership_requests VALUES(3,'ulrich.frank@vector.com',NULL,'approved',1,'2026-06-02 18:37:01','2026-06-02 18:35:02','Kommentar','Max','Mustermann');
INSERT INTO membership_requests VALUES(4,'jakob@diefranks.eu',NULL,'rejected',1,'2026-06-04 14:49:27','2026-06-04 14:08:07',NULL,'Jakob','Frank');
CREATE TABLE email_change_tokens (
    id          INTEGER  PRIMARY KEY AUTOINCREMENT,
    user_id     INTEGER  NOT NULL REFERENCES users(id) ON DELETE CASCADE,
    token       TEXT     NOT NULL UNIQUE,
    new_email   TEXT     NOT NULL,
    expires_at  DATETIME NOT NULL,
    used_at     DATETIME,
    created_at  DATETIME NOT NULL DEFAULT CURRENT_TIMESTAMP
);
CREATE TABLE game_template_items (
    id             INTEGER  PRIMARY KEY AUTOINCREMENT,
    template_id    INTEGER  NOT NULL REFERENCES game_templates(id) ON DELETE CASCADE,
    duty_type_id   INTEGER  NOT NULL REFERENCES duty_types(id)     ON DELETE RESTRICT,
    anchor         TEXT     NOT NULL DEFAULT 'start' CHECK (anchor IN ('start','end')),
    offset_minutes INTEGER  NOT NULL DEFAULT 0,
    slots_count    INTEGER  NOT NULL DEFAULT 1,
    sort_order     INTEGER  NOT NULL DEFAULT 0,
    created_at     DATETIME NOT NULL DEFAULT CURRENT_TIMESTAMP
, audiences TEXT);
INSERT INTO game_template_items VALUES(111,1,8,'start',-90,2,0,'2026-06-05 17:57:01','["eltern"]');
INSERT INTO game_template_items VALUES(112,1,4,'start',-15,1,1,'2026-06-05 17:57:01','["eltern"]');
INSERT INTO game_template_items VALUES(113,1,5,'start',-15,1,2,'2026-06-05 17:57:01','["eltern"]');
INSERT INTO game_template_items VALUES(114,1,3,'start',-30,2,3,'2026-06-05 17:57:01','["eltern"]');
INSERT INTO game_template_items VALUES(115,1,3,'start',30,2,4,'2026-06-05 17:57:01','["eltern"]');
INSERT INTO game_template_items VALUES(116,1,9,'end',30,2,5,'2026-06-05 17:57:01','["eltern"]');
INSERT INTO game_template_items VALUES(117,1,14,'start',-90,1,6,'2026-06-05 17:57:01','["eltern"]');
INSERT INTO game_template_items VALUES(118,1,13,'start',-90,1,7,'2026-06-05 17:57:01','["eltern"]');
INSERT INTO game_template_items VALUES(119,1,11,'start',-60,1,8,'2026-06-05 17:57:01','["eltern"]');
INSERT INTO game_template_items VALUES(120,1,12,'start',2880,1,9,'2026-06-05 17:57:01','["eltern"]');
INSERT INTO game_template_items VALUES(121,2,4,'start',-15,1,0,'2026-06-05 17:57:17','["eltern"]');
INSERT INTO game_template_items VALUES(122,2,10,'start',-15,1,1,'2026-06-05 17:57:17','["eltern"]');
INSERT INTO game_template_items VALUES(123,2,12,'start',2880,1,2,'2026-06-05 17:57:17','["eltern"]');
CREATE TABLE IF NOT EXISTS "kader" (
    id                   INTEGER  PRIMARY KEY AUTOINCREMENT,
    season_id            INTEGER  NOT NULL REFERENCES seasons(id) ON DELETE CASCADE,
    age_class            TEXT     NOT NULL,
    gender               TEXT     NOT NULL CHECK (gender IN ('m', 'f', 'mixed')),
    team_number          INTEGER  NOT NULL DEFAULT 1,
    dedicated_birth_year INTEGER,
    created_at           DATETIME NOT NULL DEFAULT CURRENT_TIMESTAMP,
    updated_at           DATETIME NOT NULL DEFAULT CURRENT_TIMESTAMP
, team_id INTEGER REFERENCES teams(id), games_per_season INTEGER NOT NULL DEFAULT 0);
INSERT INTO kader VALUES(1,1,'A-Jugend','m',1,2007,'2026-05-19 19:57:59','2026-06-02 18:06:30.175981202 +0000 UTC m=+9398.754077619',13,0);
INSERT INTO kader VALUES(2,1,'A-Jugend','f',1,NULL,'2026-05-19 19:57:59','2026-05-19 19:57:59',12,0);
INSERT INTO kader VALUES(3,1,'B-Jugend','m',1,2009,'2026-05-19 19:57:59','2026-05-24 16:27:25.029377927 +0000 UTC m=+417.507196905',15,0);
INSERT INTO kader VALUES(4,1,'B-Jugend','f',1,NULL,'2026-05-19 19:57:59','2026-05-19 19:57:59',14,0);
INSERT INTO kader VALUES(5,1,'C-Jugend','m',1,2011,'2026-05-19 19:57:59','2026-05-30 19:57:01.035551439 +0000 UTC m=+642.180508418',17,0);
INSERT INTO kader VALUES(6,1,'C-Jugend','f',1,NULL,'2026-05-19 19:57:59','2026-05-19 19:57:59',16,0);
INSERT INTO kader VALUES(7,1,'D-Jugend','mixed',1,NULL,'2026-05-19 19:57:59','2026-05-19 20:07:47.548514423 +0000 UTC m=+3197.091544455',18,0);
INSERT INTO kader VALUES(8,2,'A-Jugend','m',1,NULL,'2026-05-19 20:15:21','2026-06-06 12:02:49.182541499 +0000 UTC m=+8514.251509206',13,0);
INSERT INTO kader VALUES(10,2,'B-Jugend','m',1,NULL,'2026-05-19 20:15:21','2026-06-07 09:23:55.226957415 +0000 UTC m=+41260.510609884',15,0);
INSERT INTO kader VALUES(11,2,'B-Jugend','f',1,2011,'2026-05-19 20:15:21','2026-06-07 09:23:45.759072794 +0000 UTC m=+41251.042725263',14,0);
INSERT INTO kader VALUES(12,2,'C-Jugend','m',1,2012,'2026-05-19 20:15:21','2026-05-20 11:04:07.117895587 +0000 UTC m=+17274.725929875',17,0);
INSERT INTO kader VALUES(13,2,'C-Jugend','f',1,NULL,'2026-05-19 20:15:21','2026-05-19 20:15:21',16,0);
INSERT INTO kader VALUES(14,2,'D-Jugend','mixed',1,NULL,'2026-05-19 20:15:21','2026-05-19 20:19:19.652497939 +0000 UTC m=+3889.195527971',18,0);
INSERT INTO kader VALUES(15,2,'C-Jugend','m',2,2013,'2026-05-20 11:04:19','2026-06-05 13:31:03.927229022 +0000 UTC m=+140.025335535',21,0);
INSERT INTO kader VALUES(16,2,'B-Jugend','m',2,2011,'2026-05-20 11:04:35','2026-05-20 16:38:53.011501829 +0000 UTC m=+688.566571635',20,0);
INSERT INTO kader VALUES(17,2,'A-Jugend','m',2,2009,'2026-05-20 11:05:07','2026-05-20 11:06:26.581737056 +0000 UTC m=+17414.189771324',11,0);
INSERT INTO kader VALUES(26,1,'A-Jugend','m',2,2008,'2026-05-22 08:57:01','2026-05-24 16:28:02.109064729 +0000 UTC m=+454.586883726',11,0);
INSERT INTO kader VALUES(27,1,'A-Jugend','m',3,NULL,'2026-05-22 08:57:16','2026-05-24 16:28:07.815717379 +0000 UTC m=+460.293536346',22,0);
INSERT INTO kader VALUES(28,1,'B-Jugend','m',2,2010,'2026-05-24 16:27:18','2026-05-24 16:27:18',20,0);
INSERT INTO kader VALUES(29,1,'C-Jugend','m',2,2012,'2026-05-24 16:27:42','2026-05-24 16:27:42',21,0);
CREATE TABLE kader_members (
    id        INTEGER  PRIMARY KEY AUTOINCREMENT,
    kader_id  INTEGER  NOT NULL REFERENCES kader(id) ON DELETE CASCADE,
    member_id INTEGER  NOT NULL REFERENCES members(id) ON DELETE CASCADE,
    added_at  DATETIME NOT NULL DEFAULT CURRENT_TIMESTAMP,
    UNIQUE (kader_id, member_id)
);
INSERT INTO kader_members VALUES(62,5,6,'2026-05-30 19:57:01');
INSERT INTO kader_members VALUES(63,5,3,'2026-05-30 19:58:08');
INSERT INTO kader_members VALUES(64,5,5,'2026-05-30 19:58:08');
INSERT INTO kader_members VALUES(66,5,7,'2026-05-30 19:58:08');
INSERT INTO kader_members VALUES(67,5,8,'2026-05-30 19:58:08');
INSERT INTO kader_members VALUES(68,5,9,'2026-05-30 19:58:08');
INSERT INTO kader_members VALUES(69,5,10,'2026-05-30 19:58:08');
INSERT INTO kader_members VALUES(70,5,11,'2026-05-30 19:58:08');
INSERT INTO kader_members VALUES(71,5,12,'2026-05-30 19:58:08');
INSERT INTO kader_members VALUES(72,5,13,'2026-05-30 19:58:08');
INSERT INTO kader_members VALUES(73,5,14,'2026-05-30 19:58:08');
INSERT INTO kader_members VALUES(74,5,15,'2026-05-30 19:58:08');
INSERT INTO kader_members VALUES(75,5,16,'2026-05-30 19:58:08');
INSERT INTO kader_members VALUES(76,5,17,'2026-05-30 19:58:08');
INSERT INTO kader_members VALUES(77,7,4,'2026-05-30 19:58:08');
INSERT INTO kader_members VALUES(78,10,30,'2026-06-05 12:50:11');
INSERT INTO kader_members VALUES(79,10,33,'2026-06-05 12:50:11');
INSERT INTO kader_members VALUES(80,10,39,'2026-06-05 12:50:11');
INSERT INTO kader_members VALUES(81,10,41,'2026-06-05 12:50:11');
INSERT INTO kader_members VALUES(82,10,45,'2026-06-05 12:50:11');
INSERT INTO kader_members VALUES(83,10,54,'2026-06-05 12:50:11');
INSERT INTO kader_members VALUES(84,10,56,'2026-06-05 12:50:11');
INSERT INTO kader_members VALUES(85,10,61,'2026-06-05 12:50:11');
INSERT INTO kader_members VALUES(86,10,72,'2026-06-05 12:50:11');
INSERT INTO kader_members VALUES(87,10,78,'2026-06-05 12:50:11');
INSERT INTO kader_members VALUES(88,10,89,'2026-06-05 12:50:11');
INSERT INTO kader_members VALUES(89,10,91,'2026-06-05 12:50:11');
INSERT INTO kader_members VALUES(90,10,92,'2026-06-05 12:50:11');
INSERT INTO kader_members VALUES(91,10,94,'2026-06-05 12:50:11');
INSERT INTO kader_members VALUES(92,10,101,'2026-06-05 12:50:11');
INSERT INTO kader_members VALUES(93,10,106,'2026-06-05 12:50:11');
INSERT INTO kader_members VALUES(94,10,124,'2026-06-05 12:50:11');
INSERT INTO kader_members VALUES(95,10,142,'2026-06-05 12:50:11');
INSERT INTO kader_members VALUES(96,10,149,'2026-06-05 12:50:11');
INSERT INTO kader_members VALUES(97,10,151,'2026-06-05 12:50:11');
INSERT INTO kader_members VALUES(98,10,152,'2026-06-05 12:50:11');
INSERT INTO kader_members VALUES(99,10,158,'2026-06-05 12:50:11');
INSERT INTO kader_members VALUES(100,10,188,'2026-06-05 12:50:11');
INSERT INTO kader_members VALUES(101,10,195,'2026-06-05 12:50:11');
INSERT INTO kader_members VALUES(102,16,3,'2026-06-05 12:50:11');
INSERT INTO kader_members VALUES(103,16,5,'2026-06-05 12:50:11');
INSERT INTO kader_members VALUES(104,16,6,'2026-06-05 12:50:11');
INSERT INTO kader_members VALUES(105,16,7,'2026-06-05 12:50:11');
INSERT INTO kader_members VALUES(106,16,8,'2026-06-05 12:50:11');
INSERT INTO kader_members VALUES(107,16,9,'2026-06-05 12:50:11');
INSERT INTO kader_members VALUES(108,16,10,'2026-06-05 12:50:11');
INSERT INTO kader_members VALUES(109,16,11,'2026-06-05 12:50:11');
INSERT INTO kader_members VALUES(110,16,12,'2026-06-05 12:50:11');
INSERT INTO kader_members VALUES(111,16,13,'2026-06-05 12:50:11');
INSERT INTO kader_members VALUES(112,16,14,'2026-06-05 12:50:11');
INSERT INTO kader_members VALUES(113,16,15,'2026-06-05 12:50:11');
INSERT INTO kader_members VALUES(114,16,16,'2026-06-05 12:50:11');
INSERT INTO kader_members VALUES(115,16,17,'2026-06-05 12:50:11');
INSERT INTO kader_members VALUES(117,16,36,'2026-06-05 12:50:11');
INSERT INTO kader_members VALUES(124,15,4,'2026-06-05 13:00:43');
INSERT INTO kader_members VALUES(125,15,43,'2026-06-05 13:00:43');
INSERT INTO kader_members VALUES(126,15,50,'2026-06-05 13:00:43');
INSERT INTO kader_members VALUES(127,15,82,'2026-06-05 13:00:43');
INSERT INTO kader_members VALUES(128,15,88,'2026-06-05 13:00:43');
INSERT INTO kader_members VALUES(129,15,122,'2026-06-05 13:00:43');
INSERT INTO kader_members VALUES(130,15,125,'2026-06-05 13:00:43');
INSERT INTO kader_members VALUES(131,15,144,'2026-06-05 13:00:43');
INSERT INTO kader_members VALUES(132,15,180,'2026-06-05 13:00:43');
INSERT INTO kader_members VALUES(133,15,191,'2026-06-05 13:00:43');
INSERT INTO kader_members VALUES(134,15,192,'2026-06-05 13:00:43');
INSERT INTO kader_members VALUES(135,15,193,'2026-06-05 13:00:43');
INSERT INTO kader_members VALUES(136,12,46,'2026-06-05 13:02:06');
INSERT INTO kader_members VALUES(137,12,55,'2026-06-05 13:02:06');
INSERT INTO kader_members VALUES(138,12,64,'2026-06-05 13:02:06');
INSERT INTO kader_members VALUES(139,12,75,'2026-06-05 13:02:06');
INSERT INTO kader_members VALUES(140,12,103,'2026-06-05 13:02:06');
INSERT INTO kader_members VALUES(141,12,108,'2026-06-05 13:02:06');
INSERT INTO kader_members VALUES(142,12,148,'2026-06-05 13:02:06');
INSERT INTO kader_members VALUES(143,12,171,'2026-06-05 13:02:06');
INSERT INTO kader_members VALUES(144,12,175,'2026-06-05 13:02:06');
INSERT INTO kader_members VALUES(145,12,176,'2026-06-05 13:02:06');
INSERT INTO kader_members VALUES(146,12,177,'2026-06-05 13:02:06');
INSERT INTO kader_members VALUES(147,12,185,'2026-06-05 13:02:06');
INSERT INTO kader_members VALUES(148,12,189,'2026-06-05 13:02:06');
INSERT INTO kader_members VALUES(149,15,127,'2026-06-05 13:30:39');
INSERT INTO kader_members VALUES(150,15,59,'2026-06-05 13:30:49');
INSERT INTO kader_members VALUES(151,15,66,'2026-06-05 13:30:53');
INSERT INTO kader_members VALUES(152,15,145,'2026-06-05 13:31:03');
INSERT INTO kader_members VALUES(153,11,28,'2026-06-05 13:41:50');
INSERT INTO kader_members VALUES(154,11,84,'2026-06-05 13:41:50');
INSERT INTO kader_members VALUES(155,11,100,'2026-06-05 13:41:50');
INSERT INTO kader_members VALUES(156,11,111,'2026-06-05 13:41:50');
INSERT INTO kader_members VALUES(157,11,116,'2026-06-05 13:41:50');
INSERT INTO kader_members VALUES(158,11,136,'2026-06-05 13:41:50');
INSERT INTO kader_members VALUES(159,11,139,'2026-06-05 13:41:50');
INSERT INTO kader_members VALUES(160,11,147,'2026-06-05 13:41:50');
INSERT INTO kader_members VALUES(161,11,153,'2026-06-05 13:41:50');
INSERT INTO kader_members VALUES(162,11,160,'2026-06-05 13:41:50');
INSERT INTO kader_members VALUES(163,11,165,'2026-06-05 13:41:50');
INSERT INTO kader_members VALUES(164,11,170,'2026-06-05 13:41:50');
INSERT INTO kader_members VALUES(165,11,181,'2026-06-05 13:41:50');
INSERT INTO kader_members VALUES(166,11,186,'2026-06-05 13:41:50');
INSERT INTO kader_members VALUES(167,13,40,'2026-06-05 13:41:50');
INSERT INTO kader_members VALUES(168,13,48,'2026-06-05 13:41:50');
INSERT INTO kader_members VALUES(169,13,63,'2026-06-05 13:41:50');
INSERT INTO kader_members VALUES(170,13,67,'2026-06-05 13:41:50');
INSERT INTO kader_members VALUES(171,13,74,'2026-06-05 13:41:50');
INSERT INTO kader_members VALUES(172,13,80,'2026-06-05 13:41:50');
INSERT INTO kader_members VALUES(173,13,83,'2026-06-05 13:41:50');
INSERT INTO kader_members VALUES(174,13,112,'2026-06-05 13:41:50');
INSERT INTO kader_members VALUES(175,13,118,'2026-06-05 13:41:50');
CREATE TABLE kader_trainers (
    kader_id  INTEGER NOT NULL REFERENCES kader(id) ON DELETE CASCADE,
    member_id INTEGER NOT NULL REFERENCES members(id) ON DELETE CASCADE,
    PRIMARY KEY (kader_id, member_id)
);
INSERT INTO kader_trainers VALUES(5,18);
INSERT INTO kader_trainers VALUES(5,19);
INSERT INTO kader_trainers VALUES(7,2);
INSERT INTO kader_trainers VALUES(7,24);
INSERT INTO kader_trainers VALUES(7,25);
INSERT INTO kader_trainers VALUES(15,2);
INSERT INTO kader_trainers VALUES(15,25);
INSERT INTO kader_trainers VALUES(15,24);
INSERT INTO kader_trainers VALUES(16,18);
INSERT INTO kader_trainers VALUES(16,19);
CREATE TABLE user_phones (
    id          INTEGER PRIMARY KEY AUTOINCREMENT,
    user_id     INTEGER NOT NULL REFERENCES users(id) ON DELETE CASCADE,
    label       TEXT    NOT NULL,
    number      TEXT    NOT NULL,
    sort_order  INTEGER NOT NULL DEFAULT 0
);
INSERT INTO user_phones VALUES(2,4,'Mobil','+49 1525 6707463',0);
INSERT INTO user_phones VALUES(3,12,'','+491733201171',0);
INSERT INTO user_phones VALUES(4,5,'','+49 174 3652146',0);
INSERT INTO user_phones VALUES(5,14,'Mobil','01711954558',0);
INSERT INTO user_phones VALUES(6,11,'Mobil','+491732576055',0);
INSERT INTO user_phones VALUES(7,13,'','+49 152 26632407',0);
INSERT INTO user_phones VALUES(8,8,'','+4915258118507',0);
INSERT INTO user_phones VALUES(9,15,'','+491796025041',0);
CREATE TABLE user_visibility (
    user_id         INTEGER PRIMARY KEY REFERENCES users(id) ON DELETE CASCADE,
    phones_visible  INTEGER NOT NULL DEFAULT 0,
    address_visible INTEGER NOT NULL DEFAULT 0,
    photo_visible   INTEGER NOT NULL DEFAULT 0
, email_visible INTEGER NOT NULL DEFAULT 0);
INSERT INTO user_visibility VALUES(4,1,1,1,1);
INSERT INTO user_visibility VALUES(5,1,0,1,0);
INSERT INTO user_visibility VALUES(6,0,0,0,0);
INSERT INTO user_visibility VALUES(8,0,0,1,0);
INSERT INTO user_visibility VALUES(10,0,0,0,0);
INSERT INTO user_visibility VALUES(11,1,1,1,1);
INSERT INTO user_visibility VALUES(13,1,0,1,0);
INSERT INTO user_visibility VALUES(14,1,0,1,0);
INSERT INTO user_visibility VALUES(15,1,0,0,0);
CREATE TABLE member_change_drafts (
  id INTEGER PRIMARY KEY AUTOINCREMENT,
  member_id INTEGER NOT NULL,
  field_name VARCHAR(50) NOT NULL,
  old_value TEXT NOT NULL,
  new_value TEXT NOT NULL,
  created_at TIMESTAMP DEFAULT CURRENT_TIMESTAMP,
  created_by_user_id INTEGER,

  FOREIGN KEY (member_id) REFERENCES members(id) ON DELETE CASCADE,
  FOREIGN KEY (created_by_user_id) REFERENCES users(id),
  UNIQUE(member_id, field_name)
);
INSERT INTO member_change_drafts VALUES(27,19,'profil',X'7b2263697479223a22222c2266697273745f6e616d65223a22466c6f7269616e20222c226c6173745f6e616d65223a22537465696e6c65222c22737472656574223a22222c227a6970223a22227d',X'7b2266697273745f6e616d65223a22466c6f7269616e20222c226c6173745f6e616d65223a22537465696e6c65222c22737472656574223a2250666c6173746572c3a4636b657273747261c39f65203633222c227a6970223a223730313836222c2263697479223a2253747574746761727420227d','2026-06-06 11:00:05',11);
CREATE TABLE IF NOT EXISTS "game_templates" (
    id                    INTEGER  PRIMARY KEY AUTOINCREMENT,
    name                  TEXT     NOT NULL DEFAULT 'Heimspiel Standard',
    duration_minutes INTEGER  NOT NULL DEFAULT 90,
    is_active             INTEGER  NOT NULL DEFAULT 0,
    template_type         TEXT     NOT NULL DEFAULT 'generisch'
                          CHECK(template_type IN ('heim','auswärts','generisch')),
    created_at            DATETIME NOT NULL DEFAULT CURRENT_TIMESTAMP
);
INSERT INTO game_templates VALUES(1,'Heimspiel',60,1,'heim','2026-05-19 05:15:01');
INSERT INTO game_templates VALUES(2,'Auswärts',60,0,'auswärts','2026-05-21 20:58:33');
INSERT INTO game_templates VALUES(4,'Sommerfest',360,0,'generisch','2026-05-23 12:53:13');
CREATE TABLE game_teams (
    game_id  INTEGER NOT NULL REFERENCES games(id) ON DELETE CASCADE,
    team_id  INTEGER NOT NULL REFERENCES teams(id) ON DELETE RESTRICT,
    PRIMARY KEY (game_id, team_id)
);
INSERT INTO game_teams VALUES(22,13);
INSERT INTO game_teams VALUES(22,11);
INSERT INTO game_teams VALUES(22,15);
INSERT INTO game_teams VALUES(22,20);
INSERT INTO game_teams VALUES(22,14);
INSERT INTO game_teams VALUES(22,17);
INSERT INTO game_teams VALUES(22,21);
INSERT INTO game_teams VALUES(22,16);
INSERT INTO game_teams VALUES(22,18);
CREATE TABLE IF NOT EXISTS "games" (
    id          INTEGER  PRIMARY KEY AUTOINCREMENT,
    season_id   INTEGER  NOT NULL REFERENCES seasons(id) ON DELETE CASCADE,
    opponent    TEXT     NOT NULL,
    date        DATE     NOT NULL,
    time        TEXT     NOT NULL DEFAULT '00:00',
    is_home     INTEGER  NOT NULL DEFAULT 1,
    source      TEXT     NOT NULL DEFAULT 'manual',
    event_type  TEXT     NOT NULL DEFAULT 'heim' CHECK (event_type IN ('heim', 'auswärts', 'generisch')),
    created_at  DATETIME NOT NULL DEFAULT CURRENT_TIMESTAMP
, template_id INTEGER REFERENCES game_templates(id), end_time TEXT, rsvp_opt_out INTEGER NOT NULL DEFAULT 0, rsvp_require_reason INTEGER NOT NULL DEFAULT 1, venue_id INTEGER REFERENCES venues(id) ON DELETE SET NULL);
INSERT INTO games VALUES(22,2,'Sommerfest','2026-06-27','15:00',0,'manual','generisch','2026-06-06 21:01:41',4,'22:00',0,0,1822);
CREATE TABLE IF NOT EXISTS "age_class_game_rules" (
    age_class              TEXT    PRIMARY KEY CHECK(age_class IN ('A-Jugend','B-Jugend','C-Jugend','D-Jugend')),
    half_duration_minutes  INTEGER NOT NULL CHECK(half_duration_minutes > 0),
    break_minutes          INTEGER NOT NULL CHECK(break_minutes > 0)
);
INSERT INTO age_class_game_rules VALUES('A-Jugend',30,15);
INSERT INTO age_class_game_rules VALUES('B-Jugend',25,10);
INSERT INTO age_class_game_rules VALUES('C-Jugend',25,10);
INSERT INTO age_class_game_rules VALUES('D-Jugend',20,10);
CREATE TABLE push_subscriptions (
    id         INTEGER PRIMARY KEY AUTOINCREMENT,
    user_id    INTEGER NOT NULL REFERENCES users(id) ON DELETE CASCADE,
    endpoint   TEXT    NOT NULL UNIQUE,
    p256dh     TEXT    NOT NULL,
    auth       TEXT    NOT NULL,
    created_at DATETIME NOT NULL DEFAULT CURRENT_TIMESTAMP
);
INSERT INTO push_subscriptions VALUES(1,1,'https://fcm.googleapis.com/fcm/send/elnhobDyXh0:APA91bFyvtRSRocZ_asBoFY8U0uaS2velHMzE3XrP1IsR29IDs_8TZ1CrJA8RO6sGCFTkoCwTyDvCW9r6JtaftBv_XxkCuTcorxfy4g2z5m--5J1AjDKN9wLjEdhe4c6wNM3kqUVat9n','BMVGSfMIiUiwTe9XyVh_MIGuySYoZLpgg_CWYtVDv96LerBuuoed6jBh1aR75anw_NQ4cd8pTr1qLfZ9DtEKK5U','IR6ruYNIwyPCNZ42meVw-w','2026-05-24 21:37:52');
INSERT INTO push_subscriptions VALUES(5,4,'https://fcm.googleapis.com/fcm/send/dkkW8ErWMYs:APA91bH9v_WcTjCWvXxRLtRpBB7GgiaOTGyrQxITjZ_F__SH2GgELdwhcZvoZh4JxK2w2you0c5bfnzMWBlsuMGtZy5VmHTo6w8ep4FHE_9FPxXAU4LJEvt90z9OQmWxLWLguP3HKQkP','BKR94bojvAvj_-edIsJNu_ULG72Uj2YoZuu7zk4eHHBlrQyGjevzP_JbJF5IRv0GGKfZofS_XVapdRW-y3F55tQ','vaaNPyKhC2lhveNVgFtlPA','2026-05-29 18:39:39');
INSERT INTO push_subscriptions VALUES(7,1,'https://web.push.apple.com/QMTwZX5YOZcsKLvSyhkvWbngiFcQIBNT8UNkJ9gkgvdy8EXbtd5C0-zGQGC0Pbs9DZsMdFKI0o_CmtLEbwzTLxDNjZnTOI52PTzZvFsJ8BSfyVRqUOuhckXfUne8fUYW7jMMiabyDBSSkAoxElRQBJm5EN3W6UjlXrBw_ZkN_Hw','BOaA3SkjhXzgCuOPZK4T0C68AWKD3zSUhpeQS2HEffcLSdUNph3u6PaGUALouTbDTbgj3xvxSVfdtUKc3vo-4dE','S49ylb27SUTAJ1Dz0C1AvA','2026-05-29 19:46:12');
INSERT INTO push_subscriptions VALUES(23,1,'https://web.push.apple.com/QOvx1YageqOQkQMuRwWWdjGaxRpboWaZC-YlOCSYJjrYIocc1oAVAR4M9V4ETLwQwYUO2672zu_DBA-JOZ--Ec_Kt8_iblOsJHC4qsZEeumit9q_3GF0CoezFPUK3BKAVwvJGdZ6F-uTwpd9KiggzgLjlXobdQ_xNXpM-B3ulWE','BDCTwuGz3IVVYhSZcxgiNAn2VuxQgoPAJBF4UCz4aItphDg4MoylrXKYybn4LSfZjf8gp6ENGZWlZdFiziJGNDk','kdxywitZzzVOKHNtbeJ_ew','2026-05-30 07:25:44');
INSERT INTO push_subscriptions VALUES(78,4,'https://web.push.apple.com/QKlXqrhP7cnSHYnUXFfV9E6wsUQIbbK5-LcO4AVqiCz4o1fccRFBWx79hoo7Inx5JZkClbL20FDnA3_ygmNTptpTWtCbG3DaLs1Eia2BHAdMutliLoa4pZA3jjb5Htx7Dcq7hPYuGd99qxOWx9v3OEJ3L2EYm5dYAuIw7-oHzJU','BFeICQRiDikAgXC2MDHrgyYQQJ1mEfjNjOgAEn1lnL7ytMqxkfmxbjblGI-dzL76FtxXaH9-6Qo1GpOIFEoJCbg','pn7KUwNlM8Dr93rMXtHAjQ','2026-05-31 20:36:51');
INSERT INTO push_subscriptions VALUES(86,1,'https://fcm.googleapis.com/fcm/send/csZv8TPy8SY:APA91bFgMFsRsw4Dfv5wktgxxbHKEZKZjqHJp2suFGMGLhVDF5gauBBvtKIjexnrY8yDRMsIkBQAnePDqZogsZoA5cQsjdjl4Iy8BbZacFQNgqKAkeyPoB7r2QK_4OaYdGgfq6jphYZK','BKWwGRTm1z2A3tOu-woyr2jstjbq9DRU_5Qp7-tBLt5P0xHeiFxrPCoPARPZDz7jAQwG4Y_UJhaEHt4jpjlx3kY','PHYpSshwB1w59FenBC1aeg','2026-06-01 18:50:39');
INSERT INTO push_subscriptions VALUES(141,8,'https://web.push.apple.com/QOJK9G1KcgVKh32GtkGbne1KaJR9HEgdJLVjllZrdCZhUBIu0oFJUUXfnX2bGgigS9TE_iIJ6MLrSwy0VrHW9nHSunWY0siW0tVBO7qXGvVHwG6CcA6llU6IyUJiLg9q-NcRkF9XsDGLe44gfe4npEqNwyqVOG5JiXI-D_EEAys','BATjVyqi7k4rKKWoDeEyF7aVP8i6xSMOboktAhYLyXqqX5dpWQfa_U36ayCYJghyPNPm1uHaNDuDBFhL4iQqjC8','PTFiJbrPRkMfSKv2p68feA','2026-06-03 21:20:28');
INSERT INTO push_subscriptions VALUES(142,12,'https://fcm.googleapis.com/fcm/send/dCSai_7LOxU:APA91bE1Dj6amEby2XWXHXhXcaglQjvIz5IAoJ_q7BAM5fhJLshvij5_6B7WVi-0Ngq-xXkKiWxh4-2GGqp1sv6opZ0dX3yPrRQKejJ_w0dUIs3jf8gjUXEjhyqG8tUQU5fDosFxweKO','BGOwFMb8OR0v2x5voUeIfE05byKQ82UkjHGwjJWXfL7dNra4lu2_TO1XKKww8ESGzGyzmE9Uag4bUElHHK4SLqg','eptO8Uu5acKOD34hxyQetQ','2026-06-03 21:39:21');
INSERT INTO push_subscriptions VALUES(155,6,'https://web.push.apple.com/QHEneDXZX3Xkbw0p4Mq-HRIrpeDOnf7tcRDTrAnUkxLhkF35Tkmqx_siNq2DW3ItKLNxxp7mTaGByrxDQMHFM2HJzfdbnuxpwluo-iICqxJRyoXPRunLEL8iDQSaIXs-Xyv7jF_LjoBN6yrwGOUc-x7NmyeqJsK3j46qFD8EmTI','BKYaZiBgBy_Sv0AyqTaZwX26dghsbwXxfnWwSWpcZSgUjNKNT59Zie8a7nA5Wl8S7fbn8A7s-9adeeQk5IenW80','ir_oyG4jSqA3KDAAni5nMA','2026-06-04 13:44:57');
INSERT INTO push_subscriptions VALUES(159,6,'https://web.push.apple.com/QKxphpOgbbWlxM0lfTh270pFVuHru9hfM9_g-GxI2WCvhsJ_s2RHdPlnPAhQh9gc5SqjRB01eGUjhpI0QvfY7wqJb5w5EHh7ycxxnztc2imSrf2V2ZiiBUtn77RZ9VzmiTCKfQfjHzZ8rziov8sJ5s2ZWL212n5aC6bhgMQO_A4','BCWPsh8Ri-nIBUv57roRXXnRaFcfju6v2NQUM-maxXHAkObqy6ETnSQR40aCP0lKy_p8_6z-w90vzjPUht5XwDk','xZbebX9i5lMiN559IBf5Xw','2026-06-04 14:05:20');
INSERT INTO push_subscriptions VALUES(228,14,'https://fcm.googleapis.com/fcm/send/cypGbA7Wb0w:APA91bF9wJcMXpaQxWXRxAX4XBijU_k_0dAk8ZEP4R6ZBPT2w3rDDv1t7SWcqPEk0CUZDp0YxP2Psw9f5mH5tLO4gRCn0uJeBy5yJZTom7HBurTmjwCCAnZwwS2TPNCEmNYUQkJ_Qo_1','BK0oUcCnaFPabxtQ3t9BE7rxl3TyvpJ-IdCRejWId1W2jooE6mkDcP9xZ5R2lkszHCE8IQA_QLJozI0KLk-Pjf4','AcXf01sHVZr24ozL0hZ9kQ','2026-06-05 17:41:34');
INSERT INTO push_subscriptions VALUES(288,8,'https://web.push.apple.com/QLVFtt3c7f35K4AFXwxWE6ey8d0XvJkBrdMXekhWg4pTzyPDIExnLBow7_PkBG-uzaNEbYfg-oVipTEQI2bDuoVwSeO82ZCfVsorOs_e-RP9jlsGv07iuMkQRfS1VcJraUBSR3P7tlMqAwmnWIfv2fiHpEXBetrPLVEPigqe39k','BNOnI1RWJpJqsjWvlNCkaaYjBF5k0ayDzdMJmzfBjnHJEYQbTWb_02d51RrpsX_zmIsU2_gLC3M6qe6cvImfhso','_Y_OAerUfraYq7VMTnU_9Q','2026-06-06 08:08:57');
INSERT INTO push_subscriptions VALUES(311,11,'https://fcm.googleapis.com/fcm/send/f4F6340qO7g:APA91bEZLD7dbo6v4NyB8O6EDbKJ9ZGUXWrzNIGg2uS95kknIrI5lEyjwEowPp-Mrly3Ok4ZRuUmBrqtDeze52jJ2LozfdRmh_lvAqhv5IFZMnv-7PXRk3hHASt4laS_m4V2Gnx2Xt1v','BL191YMZpkjhixWE6mKoMFRwJKyWociSaOHLeiXFHx-mcAaeGYGESkT6VkyeWEAVBQ_rk8wzLlQECtGUJPMz5io','uks8GCv-rIkk9F6Tm7ka5w','2026-06-06 10:32:31');
INSERT INTO push_subscriptions VALUES(345,16,'https://web.push.apple.com/QNkIqdz1zedboA7hmhjo1WWt96m4HsRkjFaRK4CaFN1syCU3zXeKURPiyEeviuxuTYnoTCQtqk0UCIxI5wgLFXFxX2VFot93r9hxN3HkwzraBkhMhr9wtciwSptP906byCbRhWgrhgMI0rE_J0zNRWw72Z-EXTTFL7vrkg3abqI','BIl9o2XYbDf5Fv9bTdqRJRwDkU6fP1c_pHgHEChVQqs6SkueX1ZOkMcRz_hsFlyNOYmse6BgBDNQb9PRO4ZBaHU','kRVTHI_3rJZNVgBduqnkPg','2026-06-06 14:03:05');
INSERT INTO push_subscriptions VALUES(365,13,'https://web.push.apple.com/QEeNaYJNklT9zNH2P7GGQRTa78trnIPDoPOiBm7uyCteI_jRKRTEfb9uY6MzorTt4ls9fz7Ic2QnVZEu5Fp7K7GzPXG_KQY1dPj25XkOh76rorcOjtSWD_TA1s45_8Y-raImPKq_aMivwT7Tm6tSOOYYBQUbsD6SYSIIjf0_NnY','BMoBKiG2l_wVGDGzkaDQAjvgbecsUX0lT7VqFmZGQPilW88PC19Obz_t81IemfCh-VfXtpNu58Wh0McO9IIg3Cc','OJlUM_OFpY22kcEK8ao2tw','2026-06-06 16:29:44');
INSERT INTO push_subscriptions VALUES(369,5,'https://web.push.apple.com/QINNiqknJCxj0DftQ4g8-wiNHC2YXZrV6Aow_uI4SKA2cg71kQf55iEyTaD-o9iLpnVvHjY0AulOCzw926xjMMyBLXi6URxKjOyUSY8TlrpoMFgbrty8Y6E_ES-g5LvJa9N6C0hbgKVxuz0JD9_rI6FdB0QPAnqzW4atVdOgnps','BAbZrxegkrduYR0EjrIyQ-NG26vaacLlBYHg1vVlzsrDJRvIMYK9AogqVi5Sbla-tN_0czSTzZdWF9_uf_jt3MQ','SyULN-YndrBFpdl_HIZ4MQ','2026-06-06 16:37:06');
INSERT INTO push_subscriptions VALUES(418,1,'https://web.push.apple.com/QLat7t9RK9K-1LLrENNbCukYANSbqeRs9pNBJqaD5NBWOVrxA7yhtctEO1Kz8yBaZ2Y7NSbF_y5dhjCaNA0_K0Xm8XN6_5z-3i2jsMxEbS8MVstzvKzRde-kGO7Jn3vGIAvRImkTUun66sfo4s0K0RC7c7yf8zvFSvuGn4p-iww','BMuVEdJ-LWUNbx_V82_BzkUl3ebTi9z8JWzRAVXlb8hOXGebfI0s3bHNvbTXJhWmgFVvW-dJQfZXxHGIiw-K3uQ','4822z1fzLLK5AgbXsOUerQ','2026-06-06 19:24:37');
INSERT INTO push_subscriptions VALUES(512,15,'https://fcm.googleapis.com/fcm/send/diqwPf7x4jg:APA91bEIiNq4a1CRTPty1iC0ONMNifcq85A3DtfRM1c72POCxXkiaxB7dQnvTDaltTZJXUZ-A2nI87RBBICc9YJA6ktB0b16rlJYrAJEV4KOetQNz2qV-C19xd3a7AWj9hJJOmWcMh8p','BIt8XXs3hks8VKTTUCD_YDkTi7OqjMHGnwh0YMVFwGevo3D-XAfViHxu-HSzqFMgF4lGHaqPJ5w8Elxs6kDUdFM','Fr2GdavJceDeNZ4urza7sw','2026-06-07 17:15:56');
INSERT INTO push_subscriptions VALUES(513,15,'https://fcm.googleapis.com/fcm/send/eBjuj81-j54:APA91bFjgUxRiGrS_U-1CNojNEwKUDil2qHcGTM1qgJC65YOYBxa7AwOBeK4ZUQuqVioiMm4hF7j1LShZ0VYQwe_n_Z62Q2kFdjfU8YuLsnzC0fUWrdQb_2Tv4Rrey82MMoC_b5Id7Xr','BNREWBz9CK0CHIyfK1tXl18BQo1uF4rx-5UAvDlyRWZ3R-AlOaixFg3ixCRS0F1qddXtMOTYDuNg7AEH43oeVFg','rql8YyySrJ1QZ9lIzoUMIg','2026-06-07 17:17:01');
CREATE TABLE IF NOT EXISTS "mitfahrgelegenheiten" (
  id         INTEGER  PRIMARY KEY AUTOINCREMENT,
  game_id    INTEGER  NOT NULL REFERENCES games(id) ON DELETE CASCADE,
  user_id    INTEGER  NOT NULL REFERENCES users(id) ON DELETE CASCADE,
  typ        TEXT     NOT NULL CHECK(typ IN ('biete','suche')),
  plaetze    INTEGER,
  treffpunkt TEXT,
  notiz      TEXT,
  created_at DATETIME NOT NULL DEFAULT CURRENT_TIMESTAMP,
  updated_at DATETIME NOT NULL DEFAULT CURRENT_TIMESTAMP
);
CREATE TABLE mitfahrt_paarungen (
  id            INTEGER  PRIMARY KEY AUTOINCREMENT,
  biete_id      INTEGER  NOT NULL REFERENCES mitfahrgelegenheiten(id) ON DELETE CASCADE,
  suche_id      INTEGER  NOT NULL REFERENCES mitfahrgelegenheiten(id) ON DELETE CASCADE,
  initiiert_von TEXT     NOT NULL CHECK(initiiert_von IN ('biete','suche')),
  status        TEXT     NOT NULL DEFAULT 'pending'
                         CHECK(status IN ('pending','confirmed','rejected')),
  created_at    DATETIME NOT NULL DEFAULT CURRENT_TIMESTAMP,
  updated_at    DATETIME NOT NULL DEFAULT CURRENT_TIMESTAMP,
  UNIQUE(biete_id, suche_id)
);
CREATE TABLE carpooling_events (
  id         INTEGER  PRIMARY KEY AUTOINCREMENT,
  user_id    INTEGER  NOT NULL REFERENCES users(id) ON DELETE CASCADE,
  game_id    INTEGER  NOT NULL REFERENCES games(id) ON DELETE CASCADE,
  type       TEXT     NOT NULL CHECK(type IN (
               'biete_created','suche_created',
               'pairing_requested','pairing_confirmed','pairing_rejected','pairing_cancelled',
               'biete_deleted','suche_deleted'
             )),
  actor_name TEXT     NOT NULL,
  created_at DATETIME NOT NULL DEFAULT CURRENT_TIMESTAMP
);
CREATE TABLE IF NOT EXISTS "invitation_tokens" (
    id         INTEGER  PRIMARY KEY AUTOINCREMENT,
    email      TEXT     NOT NULL,
    team_id    INTEGER  REFERENCES teams(id) ON DELETE SET NULL,
    role       TEXT     NOT NULL DEFAULT 'standard'
               CHECK (role IN ('admin','standard')),
    token      TEXT     NOT NULL UNIQUE,
    expires_at DATETIME NOT NULL,
    used_at    DATETIME,
    created_at DATETIME NOT NULL DEFAULT CURRENT_TIMESTAMP,
    comment    TEXT
, first_name TEXT NOT NULL DEFAULT '', last_name  TEXT NOT NULL DEFAULT '', member_id INTEGER REFERENCES members(id) ON DELETE SET NULL);
INSERT INTO invitation_tokens VALUES(6,'Ulrich@diefranks.eu',NULL,'standard','6b2f1f3af7d2b95e0fc6245aac20cb0c4cad0139c8d246682c23f48d91879e34','2026-05-20 20:49:08.303554095 +0000 UTC m=+172911.734540538','2026-05-18 20:49:31','2026-05-18 20:49:08',NULL,'','',NULL);
INSERT INTO invitation_tokens VALUES(7,'jakob@diefranks.eu',5,'standard','dbd0dbfa72240a6db3921204254662787513cff994168cd5e772cf6be1eb2b93','2026-05-21 17:18:51.360716801 +0000 UTC m=+173176.437684069','2026-05-19 17:20:16','2026-05-19 17:18:51',NULL,'','',NULL);
INSERT INTO invitation_tokens VALUES(8,'mail@team-stuttgart.org',NULL,'standard','3e24b422ebcf54496369ebd8b71e26747a05881c2937c3923adc531b2074b963','2026-05-22 17:39:52.660292381 +0000 UTC m=+172902.656994229','2026-05-21 15:17:25','2026-05-20 17:39:52',NULL,'','',NULL);
INSERT INTO invitation_tokens VALUES(9,'steffen.bader@gmx.net',NULL,'standard','51e5a2d983f7be04d869a16f0ef716288184fcd6967d7b7d31ece0092004c995','2026-05-23 19:13:05.505114825 +0000 UTC m=+173958.013836528','2026-05-22 05:11:10','2026-05-21 19:13:05',NULL,'','',NULL);
INSERT INTO invitation_tokens VALUES(10,'vorstand@team-stuttgart.org',NULL,'standard','3e6766a56a855e02ffa0ea50a97e2a932c792bf98c8671568996fe8e0279186a','2026-05-25 12:01:18.007230713 +0000 UTC m=+175800.212682721','2026-05-24 15:36:39','2026-05-23 12:01:18','Hallo Marko, anbei die Einladung zu TeamWERK.','','',NULL);
INSERT INTO invitation_tokens VALUES(11,'meike_weigel@web.de',NULL,'standard','7116485ed7e48801d22a929c2e9a9de78f5b7c5d96021b6b859cdc261dfa26c0','2026-05-25 12:42:12.73875263 +0000 UTC m=+173586.112518722','2026-05-23 12:56:28','2026-05-23 12:42:12','Hier die Einladung: Gruß - Ulrich','','',NULL);
INSERT INTO invitation_tokens VALUES(14,'andrea@diefranks.eu',NULL,'standard','c8ad6f3b2e20bca237da92104d88f4746b17d42791b68888dcd2d2eeafbf2531','2026-05-25 12:47:14.113573805 +0000 UTC m=+173887.487339887','2026-05-23 12:47:49','2026-05-23 12:47:14',NULL,'','',NULL);
INSERT INTO invitation_tokens VALUES(15,'florian.steinle@gmx.de',NULL,'standard','f8b3a129160c228d3d69f0037f7af818db97aa8320e98b5005547cfee6852b9a','2026-05-26 14:59:52.904111353 +0000 UTC m=+173615.351295457','2026-05-26 10:28:11','2026-05-24 14:59:52','Hallo Flo, viel Spass beim Ausprobieren. Sobald Du angenommen hast, kann ich Dich als Mitglied verknüpfen. Noch alles in reinem Testbetrieb...','','',NULL);
INSERT INTO invitation_tokens VALUES(17,'mail@matthias-baisch.de',NULL,'standard','c78a17ce56289a61fe36df189963e64f1af0685603a0ca62f247bb28b4b7b83f','2026-06-05 16:45:38.329806922 +0000 UTC m=+177898.469735676','2026-06-03 21:05:28','2026-06-03 16:45:38',NULL,'','',NULL);
INSERT INTO invitation_tokens VALUES(18,'jannes@diefranks.eu',NULL,'standard','6d5c9cfadc28a7c2e52d39f4a02a294a283191e3f47f76f05664e7139be9b12e','2026-06-06 14:04:55.052088247 +0000 UTC m=+193670.826290739','2026-06-04 14:06:07','2026-06-04 14:04:55',NULL,'','',NULL);
INSERT INTO invitation_tokens VALUES(19,'einies@gmx.net',NULL,'standard','a52a05f03f1aa3db48641ea2ea0ef653c79c00139630cd10912217c22293829b','2026-06-06 17:29:53.295911488 +0000 UTC m=+173716.001685460','2026-06-04 19:08:40','2026-06-04 17:29:53','Hallo Ines, anbei die Einladung zur Team-Stuttgart Intranet Seite','','',NULL);
INSERT INTO invitation_tokens VALUES(20,'christiane.albrecht1@gmail.com',NULL,'standard','2e07119c6809c25767cdaae4a7beff252f669c1713ea48458c35148f8d087959','2026-07-05 16:33:59.619109941 +0000 UTC m=+2592169.389232346',NULL,'2026-06-05 16:33:59',NULL,'','',NULL);
INSERT INTO invitation_tokens VALUES(21,'tobias.albrecht@mailbox.org',NULL,'standard','84616e72bd9e862b6748cc62c81190eba2d93229a9625f5aac5dca140e31cf87','2026-07-05 16:33:59.619109941 +0000 UTC m=+2592169.389232346',NULL,'2026-06-05 16:33:59',NULL,'','',NULL);
INSERT INTO invitation_tokens VALUES(22,'albrecht_emma@gmx.de',NULL,'standard','2ec0c1779a5d13bfdc01efaece30701b7042eb8c6f77ae786d2479c60dc94604','2026-07-05 16:33:59.619109941 +0000 UTC m=+2592169.389232346',NULL,'2026-06-05 16:33:59',NULL,'','',NULL);
INSERT INTO invitation_tokens VALUES(23,'steffen.albrecht@gmail.com',NULL,'standard','7dd115116064cc84af9a38e5638b6619d0e210c310e557fc88ea9bb2e219778b','2026-07-05 16:33:59.619109941 +0000 UTC m=+2592169.389232346',NULL,'2026-06-05 16:33:59',NULL,'','',NULL);
INSERT INTO invitation_tokens VALUES(24,'danomoye@gmail.com',NULL,'standard','d58a38c6a2737bb60e4786684a4d054987eb60110e93452e6b231fdbded4fe51','2026-07-05 16:33:59.619109941 +0000 UTC m=+2592169.389232346',NULL,'2026-06-05 16:33:59',NULL,'','',NULL);
INSERT INTO invitation_tokens VALUES(25,'ehizaramude@gmail.com',NULL,'standard','54d8463d4d76bf250a94876fc2d4f36df71ca55c1e47db849bad4a82dfdb59f5','2026-07-05 16:33:59.619109941 +0000 UTC m=+2592169.389232346',NULL,'2026-06-05 16:33:59',NULL,'','',NULL);
INSERT INTO invitation_tokens VALUES(27,'leopold@matthias-baisch.de',NULL,'standard','f29baa707280174b5725dd1fefb6dd7e2b8fddfac6019b1af9105293ba0ae1ae','2026-07-05 16:33:59.619109941 +0000 UTC m=+2592169.389232346',NULL,'2026-06-05 16:33:59',NULL,'','',32);
INSERT INTO invitation_tokens VALUES(28,'jakob.baisch@gmail.com',NULL,'standard','d463c9683bc4c6be5b7078416e8945de01d89e566427bf155e56e602ad9ca6ed','2026-07-05 16:33:59.619109941 +0000 UTC m=+2592169.389232346',NULL,'2026-06-05 16:33:59',NULL,'','',33);
INSERT INTO invitation_tokens VALUES(29,'darinusik098@ukr.net',NULL,'standard','460f951bdad16eb8501169c673b9d6c82c6f6c46377676dc1ceb1f9a2817bd72','2026-07-05 16:33:59.619109941 +0000 UTC m=+2592169.389232346',NULL,'2026-06-05 16:33:59',NULL,'','',NULL);
INSERT INTO invitation_tokens VALUES(30,'nicole.baumueller@gmx.de',NULL,'standard','05381159a51dd69c7cfa1508a94fabdf4682e06fec20ebe6de34973c3f984717','2026-07-05 16:33:59.619109941 +0000 UTC m=+2592169.389232346',NULL,'2026-06-05 16:33:59',NULL,'','',NULL);
INSERT INTO invitation_tokens VALUES(31,'karolina.behrendsen@outlook.de',NULL,'standard','afd5d7b7dac8622f82ba688b6f23f2566cda8d122d63d490fc7e1f8108e87f62','2026-07-05 16:33:59.619109941 +0000 UTC m=+2592169.389232346',NULL,'2026-06-05 16:33:59',NULL,'','',NULL);
INSERT INTO invitation_tokens VALUES(32,'kirstenortgiese@gmx.de',NULL,'standard','6e984a677b74a955192881294fb30fc94a6bd1eeb02241c244c47f257286025e','2026-07-05 16:33:59.619109941 +0000 UTC m=+2592169.389232346',NULL,'2026-06-05 16:33:59',NULL,'','',NULL);
INSERT INTO invitation_tokens VALUES(33,'timbidell@gmx.de',NULL,'standard','4dc639a35dca348e276074932fb1868b3f8321e329bd51edd72197be60feb927','2026-07-05 16:33:59.619109941 +0000 UTC m=+2592169.389232346',NULL,'2026-06-05 16:33:59',NULL,'','',NULL);
INSERT INTO invitation_tokens VALUES(34,'uwebieler@t-online.de',NULL,'standard','f8802123741f2502c84a14817aafcb3f779760656d3553d8ca0fec0153dad1e0','2026-07-05 16:33:59.619109941 +0000 UTC m=+2592169.389232346',NULL,'2026-06-05 16:33:59',NULL,'','',NULL);
INSERT INTO invitation_tokens VALUES(35,'marcobifulco@gmx.de',NULL,'standard','dbf328b3911063fbbe83018e9d029f9adaa6945a90a7a0670e4b5b9502843835','2026-07-05 16:33:59.619109941 +0000 UTC m=+2592169.389232346',NULL,'2026-06-05 16:33:59',NULL,'','',NULL);
INSERT INTO invitation_tokens VALUES(37,'manuelbirkle@gmail.com',NULL,'standard','ef8b460382bf5bdf6c406e9dc61046d92e4f597c9565af6b65a3db4a294fc25e','2026-07-05 16:33:59.619109941 +0000 UTC m=+2592169.389232346',NULL,'2026-06-05 16:33:59',NULL,'','',NULL);
INSERT INTO invitation_tokens VALUES(38,'sambirkle2010@gmail.com',NULL,'standard','272c0fd06d544d1c97072d001372334ca80bea120d0b37dc2e10331534db9c9c','2026-07-05 16:33:59.619109941 +0000 UTC m=+2592169.389232346',NULL,'2026-06-05 16:33:59',NULL,'','',NULL);
INSERT INTO invitation_tokens VALUES(39,'juergenbitz@t-online.de',NULL,'standard','52e842f794f905f3f2fbb70d85ca2464034043c8baefbbd05f2bc313e8393b28','2026-07-05 16:33:59.619109941 +0000 UTC m=+2592169.389232346',NULL,'2026-06-05 16:33:59',NULL,'','',NULL);
INSERT INTO invitation_tokens VALUES(40,'swetabitz@t-online.de',NULL,'standard','32e8ce47a371a9c9ba1d92e17ca2083c9b43068870f89339502d85e759111446','2026-07-05 16:33:59.619109941 +0000 UTC m=+2592169.389232346',NULL,'2026-06-05 16:33:59',NULL,'','',NULL);
INSERT INTO invitation_tokens VALUES(41,'clausblanz@web.de',NULL,'standard','e8fbc78dec3419cf50bfb8d9e1eb339f651cbe75cbed5dd29f880c585563b538','2026-07-05 16:33:59.619109941 +0000 UTC m=+2592169.389232346',NULL,'2026-06-05 16:33:59',NULL,'','',NULL);
INSERT INTO invitation_tokens VALUES(42,'heiko.blocher@gmx.de',NULL,'standard','014a378db0e8197f977e5196f27bacdf52e1e97b7a7bb02b37223d574826435f','2026-07-05 16:33:59.619109941 +0000 UTC m=+2592169.389232346',NULL,'2026-06-05 16:33:59',NULL,'','',NULL);
INSERT INTO invitation_tokens VALUES(43,'jutta.jung@gmx.de',NULL,'standard','d99214589bef59005e6a881ae4e4c52d3cdf389e59aac61ecb475dfa1f647803','2026-07-05 16:33:59.619109941 +0000 UTC m=+2592169.389232346',NULL,'2026-06-05 16:33:59',NULL,'','',NULL);
INSERT INTO invitation_tokens VALUES(44,'blum.leonard@gmx.de',NULL,'standard','1a407a8c71cb4337a1415e7f32715a89e0b4b2ac6ec5fb0f26379b160259c020','2026-07-05 16:33:59.619109941 +0000 UTC m=+2592169.389232346',NULL,'2026-06-05 16:33:59',NULL,'','',NULL);
INSERT INTO invitation_tokens VALUES(45,'denise-ina@gmx.de',NULL,'standard','8a57753b530f4272c0e9c6223894bb94d968e31f018c50aedcbce737fe05733c','2026-07-05 16:33:59.619109941 +0000 UTC m=+2592169.389232346',NULL,'2026-06-05 16:33:59',NULL,'','',NULL);
INSERT INTO invitation_tokens VALUES(46,'blum.aaron@gmx.de',NULL,'standard','b32769c1583a83c25f6125487bd42f8d07f6e5932e4abbe51a975e228ad5ac29','2026-07-05 16:33:59.619109941 +0000 UTC m=+2592169.389232346',NULL,'2026-06-05 16:33:59',NULL,'','',NULL);
INSERT INTO invitation_tokens VALUES(47,'wintertanja@aol.com',NULL,'standard','d025a4f4825813264b7247755fb8d4202e1996b01177735c6c0dd2ca0f9efd9e','2026-07-05 16:33:59.619109941 +0000 UTC m=+2592169.389232346',NULL,'2026-06-05 16:33:59',NULL,'','',NULL);
INSERT INTO invitation_tokens VALUES(48,'s.bohnert@gmx.net',NULL,'standard','c18f805494ec3a641653c02a10ac88fd6e835d296caa7e2075b5dc222a1ef3e3','2026-07-05 16:33:59.619109941 +0000 UTC m=+2592169.389232346',NULL,'2026-06-05 16:33:59',NULL,'','',NULL);
INSERT INTO invitation_tokens VALUES(49,'fam_braun@posteo.de',NULL,'standard','f86ee1badc442a3e4bde5c2c80d46b87d54f1b5a5ec187c4dc0f78074ea03645','2026-07-05 16:33:59.619109941 +0000 UTC m=+2592169.389232346',NULL,'2026-06-05 16:33:59',NULL,'','',NULL);
INSERT INTO invitation_tokens VALUES(50,'jule.braun@posteo.de',NULL,'standard','f60248f02680f680d6de111104229415fe7378d2d21c472f213d6c6901b1029e','2026-07-05 16:33:59.619109941 +0000 UTC m=+2592169.389232346',NULL,'2026-06-05 16:33:59',NULL,'','',NULL);
INSERT INTO invitation_tokens VALUES(51,'patricka.buehler@t-online.de',NULL,'standard','4ef05be379ff310ade4823f1a259b805c753e4ea168fb05016305e0d51d4be4f','2026-07-05 16:33:59.619109941 +0000 UTC m=+2592169.389232346',NULL,'2026-06-05 16:33:59',NULL,'','',NULL);
INSERT INTO invitation_tokens VALUES(52,'mb-17@web.de',NULL,'standard','66ed711dcccf9aaf26fde90c5f75d9c673f7de9307af88672950fd2e0aabb183','2026-07-05 16:33:59.619109941 +0000 UTC m=+2592169.389232346',NULL,'2026-06-05 16:33:59',NULL,'','',NULL);
INSERT INTO invitation_tokens VALUES(53,'weiblen.heike@web.de',NULL,'standard','2f710fbf213171d9becd810da1bc0439c14ceefae41f68b80146c3fcd752f049','2026-07-05 16:33:59.619109941 +0000 UTC m=+2592169.389232346',NULL,'2026-06-05 16:33:59',NULL,'','',NULL);
INSERT INTO invitation_tokens VALUES(54,'domme_03@web.de',NULL,'standard','23949462210f2c1bd40e72c30f206232da2b0f3e5e8c992ffe14eb97019ad1bb','2026-07-05 16:33:59.619109941 +0000 UTC m=+2592169.389232346',NULL,'2026-06-05 16:33:59',NULL,'','',NULL);
INSERT INTO invitation_tokens VALUES(55,'sandra.safran@gmx.de',NULL,'standard','65babbea120ea188d9b72f954872a216e8c794c405630c27c2b612e09c1a3fbc','2026-07-05 16:33:59.619109941 +0000 UTC m=+2592169.389232346',NULL,'2026-06-05 16:33:59',NULL,'','',NULL);
INSERT INTO invitation_tokens VALUES(56,'lucaburic@gmx.de',NULL,'standard','f11c66362a81cbc44ec91265a68594da79ecc8e3ac7cf04117ee84156148bf85','2026-07-05 16:33:59.619109941 +0000 UTC m=+2592169.389232346',NULL,'2026-06-05 16:33:59',NULL,'','',NULL);
INSERT INTO invitation_tokens VALUES(57,'thilo.burkert@icloud.com',NULL,'standard','e5f14f4400a48335357ce902742895b28819f6a84d43efa0833dddff14b1ce45','2026-07-05 16:33:59.619109941 +0000 UTC m=+2592169.389232346',NULL,'2026-06-05 16:33:59',NULL,'','',NULL);
INSERT INTO invitation_tokens VALUES(58,'aaron13.burkert@icloud.com',NULL,'standard','afd973cb4bf5dc216a4037a5fa1af6bfd60e5c036dbb58ea05fac69b037fee2a','2026-07-05 16:33:59.619109941 +0000 UTC m=+2592169.389232346',NULL,'2026-06-05 16:33:59',NULL,'','',NULL);
INSERT INTO invitation_tokens VALUES(59,'karen.andy@t-online.de',NULL,'standard','4cdb40ad531cf716a2f40aa7242c2c7305f7b6e760ce10f4872b40349f69a2f9','2026-07-05 16:33:59.619109941 +0000 UTC m=+2592169.389232346',NULL,'2026-06-05 16:33:59',NULL,'','',NULL);
INSERT INTO invitation_tokens VALUES(60,'lasse.mats@icloud.com',NULL,'standard','5d254e275958e4764625a7a36c7db3aedb392d0c8c9f7ecd2ad821c85ab70d9c','2026-07-05 16:33:59.619109941 +0000 UTC m=+2592169.389232346',NULL,'2026-06-05 16:33:59',NULL,'','',NULL);
INSERT INTO invitation_tokens VALUES(61,'famdiehl@gmx.de',NULL,'standard','30d2e8834080c8d812c5afd4b20018d6c4aac8529422375ff1dc548cf7d8476e','2026-07-05 16:33:59.619109941 +0000 UTC m=+2592169.389232346',NULL,'2026-06-05 16:33:59',NULL,'','',NULL);
INSERT INTO invitation_tokens VALUES(62,'kati.diekmann@yahoo.de',NULL,'standard','65a8de8cd42b5e9f1a309b383ecdc7adbeccad5323a4ba005fa2e09be1543395','2026-07-05 16:33:59.619109941 +0000 UTC m=+2592169.389232346',NULL,'2026-06-05 16:33:59',NULL,'','',NULL);
INSERT INTO invitation_tokens VALUES(63,'ebermann.joerg@gmail.com',NULL,'standard','dea28505ae98120f2991bf25f578d9dac1688cc34e460779b2cfa2c7e9a77227','2026-07-05 16:33:59.619109941 +0000 UTC m=+2592169.389232346',NULL,'2026-06-05 16:33:59',NULL,'','',NULL);
INSERT INTO invitation_tokens VALUES(64,'paulebermann@t-online.de',NULL,'standard','7fdac572780e9403b47b23a57752212a139ce15134b16a0b38c7ad1417b27ab3','2026-07-05 16:33:59.619109941 +0000 UTC m=+2592169.389232346',NULL,'2026-06-05 16:33:59',NULL,'','',NULL);
INSERT INTO invitation_tokens VALUES(66,'charlotte.eich@online.de',NULL,'standard','48afbafe614a8695c83cbb85bd441732592c572bf742b00ba7305037d5c7c74f','2026-07-05 16:33:59.619109941 +0000 UTC m=+2592169.389232346',NULL,'2026-06-05 16:33:59',NULL,'','',NULL);
INSERT INTO invitation_tokens VALUES(67,'tom.eich@web.de',NULL,'standard','2068263611c4bc1e90a8f3956670c883c33168f24ff0cdb62788f0637a079316','2026-07-05 16:33:59.619109941 +0000 UTC m=+2592169.389232346',NULL,'2026-06-05 16:33:59',NULL,'','',NULL);
INSERT INTO invitation_tokens VALUES(68,'eisele.thomas@arcor.de',NULL,'standard','f7e63528172a30eaebfe26af927abfa2b969a19f6dcfc464cf36b03c155432ca','2026-07-05 16:33:59.619109941 +0000 UTC m=+2592169.389232346',NULL,'2026-06-05 16:33:59',NULL,'','',NULL);
INSERT INTO invitation_tokens VALUES(69,'eisele.thomas.te@gmail.com',NULL,'standard','ce359229cb7ed1fe9ffcb036a6e3476cdca8aa17c878601c1e8a46802f54afd9','2026-07-05 16:33:59.619109941 +0000 UTC m=+2592169.389232346',NULL,'2026-06-05 16:33:59',NULL,'','',NULL);
INSERT INTO invitation_tokens VALUES(70,'familieettling@gmx.de',NULL,'standard','2939107f481fcf1a21a937b9ec78fe08172f4947474a4e264e4399b3084c4463','2026-07-05 16:33:59.619109941 +0000 UTC m=+2592169.389232346',NULL,'2026-06-05 16:33:59',NULL,'','',NULL);
INSERT INTO invitation_tokens VALUES(71,'alex_fa@gmx.de',NULL,'standard','4b2652672813d610ed37cc7a367ee00140e32a6c4b9ca40a0c5fe5127bd65c4b','2026-07-05 16:33:59.619109941 +0000 UTC m=+2592169.389232346',NULL,'2026-06-05 16:33:59',NULL,'','',NULL);
INSERT INTO invitation_tokens VALUES(72,'tanja_faber@gmx.de',NULL,'standard','32b7984fbcb827d9bca5a8021117170f6b00787bfe7486617703cc06a55081a7','2026-07-05 16:33:59.619109941 +0000 UTC m=+2592169.389232346',NULL,'2026-06-05 16:33:59',NULL,'','',NULL);
INSERT INTO invitation_tokens VALUES(73,'mathiasfink@gmx.de',NULL,'standard','4e4ff77cf7de5844cc029f28ec7cac35c63b65ffe0f08a6ff6f401cb4e160377','2026-07-05 16:33:59.619109941 +0000 UTC m=+2592169.389232346',NULL,'2026-06-05 16:33:59',NULL,'','',NULL);
INSERT INTO invitation_tokens VALUES(74,'jonah_fink@icloud.com',NULL,'standard','5d00d45146dceece5dac04e6e204792ccc9f8dcd15b3fe7e0a578e96ead5bca0','2026-07-05 16:33:59.619109941 +0000 UTC m=+2592169.389232346',NULL,'2026-06-05 16:33:59',NULL,'','',NULL);
INSERT INTO invitation_tokens VALUES(75,'claus.c.fischer@gmx.de',NULL,'standard','154a98a8ab78e29a7e25ecd4e9fddb4b06121068bf7a36cf11e21c09f97dc934','2026-07-05 16:33:59.619109941 +0000 UTC m=+2592169.389232346',NULL,'2026-06-05 16:33:59',NULL,'','',NULL);
INSERT INTO invitation_tokens VALUES(76,'fodortamas709@gmail.com',NULL,'standard','93ba24f379d5385b16c3c3f914dfa637a4c2eebb3db90af54c6546c9fda422c8','2026-07-05 16:33:59.619109941 +0000 UTC m=+2592169.389232346',NULL,'2026-06-05 16:33:59',NULL,'','',NULL);
INSERT INTO invitation_tokens VALUES(77,'anita.jemerik@gmail.com',NULL,'standard','2c8aedf5ed96f5ab7be64eb40afd4ad527e4023beaef47dfa532880c5ab2f1a2','2026-07-05 16:33:59.619109941 +0000 UTC m=+2592169.389232346',NULL,'2026-06-05 16:33:59',NULL,'','',NULL);
INSERT INTO invitation_tokens VALUES(78,'hsv.foerster@gmail.com',NULL,'standard','778bd9b927b57f9979f334cdba11b476117d3dc4f888dc7266efe9f014cc5800','2026-07-05 16:33:59.619109941 +0000 UTC m=+2592169.389232346',NULL,'2026-06-05 16:33:59',NULL,'','',NULL);
INSERT INTO invitation_tokens VALUES(79,'brigittefrank1971@gmx.de',NULL,'standard','5d05860301814215e8280ccc228202698921ca176b8eeef0703f74b260609e92','2026-07-05 16:33:59.619109941 +0000 UTC m=+2592169.389232346',NULL,'2026-06-05 16:33:59',NULL,'','',NULL);
INSERT INTO invitation_tokens VALUES(83,'heikebanzhaf@online.de',NULL,'standard','4ee06f78865a72cdb59f4116d6f65cd2040302e7c48b7aef8cfad82f4a4db38f','2026-07-05 16:33:59.619109941 +0000 UTC m=+2592169.389232346',NULL,'2026-06-05 16:33:59',NULL,'','',NULL);
INSERT INTO invitation_tokens VALUES(84,'frech.thorsten@gmail.com',NULL,'standard','d21f3a2dc13248d0e949c9c83ab45928ed582aa3679595e79337019d1bd9f9d6','2026-07-05 16:33:59.619109941 +0000 UTC m=+2592169.389232346',NULL,'2026-06-05 16:33:59',NULL,'','',NULL);
INSERT INTO invitation_tokens VALUES(85,'nina.eisele@gmx.de',NULL,'standard','0bf341033957db0faeb94602705c2239fd410f58d9e90643e66e8eb64e8b7cc7','2026-07-05 16:33:59.619109941 +0000 UTC m=+2592169.389232346',NULL,'2026-06-05 16:33:59',NULL,'','',NULL);
INSERT INTO invitation_tokens VALUES(86,'ohmstrasse30@freenet.de',NULL,'standard','e736152b98c833727aa354082db21653d330cbfcc503b5d6ab7688a3cde0469a','2026-07-05 16:33:59.619109941 +0000 UTC m=+2592169.389232346',NULL,'2026-06-05 16:33:59',NULL,'','',NULL);
INSERT INTO invitation_tokens VALUES(87,'levinalfredfrey@icloud.com',NULL,'standard','cd0d97d401850c0a19090e5cadd90ebca2ce365c16607b4b5ad4943979831301','2026-07-05 16:33:59.619109941 +0000 UTC m=+2592169.389232346',NULL,'2026-06-05 16:33:59',NULL,'','',NULL);
INSERT INTO invitation_tokens VALUES(88,'sabrina.goldbach@gmx.de',NULL,'standard','023f2a3cd2a1e1267b8ef446640127ea46d3280b166b2cea328b156025d5ab53','2026-07-05 16:33:59.619109941 +0000 UTC m=+2592169.389232346',NULL,'2026-06-05 16:33:59',NULL,'','',NULL);
INSERT INTO invitation_tokens VALUES(89,'grafmatze@web.de',NULL,'standard','67e3d5fc08eae3e9e5cc4e255fe332d95aa77a46e422d80b3af36fd08f924f04','2026-07-05 16:33:59.619109941 +0000 UTC m=+2592169.389232346',NULL,'2026-06-05 16:33:59',NULL,'','',NULL);
INSERT INTO invitation_tokens VALUES(90,'jens.grettenberger@gmx.de',NULL,'standard','c87b565d29e37e337a990f57574800d36dffeaf9926314c665d00c65875b6eb8','2026-07-05 16:33:59.619109941 +0000 UTC m=+2592169.389232346',NULL,'2026-06-05 16:33:59',NULL,'','',NULL);
INSERT INTO invitation_tokens VALUES(91,'sabs.groh@icloud.com',NULL,'standard','661a6013b0b0599459c9bdd1935908666c2be5f7c667c12108d7fa2a524095ae','2026-07-05 16:33:59.619109941 +0000 UTC m=+2592169.389232346',NULL,'2026-06-05 16:33:59',NULL,'','',NULL);
INSERT INTO invitation_tokens VALUES(92,'rayk.gutsche@gmx.de',NULL,'standard','1290a8139b5e82cd3e0e28835fba556519485bba46e275f1f020a97a94f6cb96','2026-07-05 16:33:59.619109941 +0000 UTC m=+2592169.389232346',NULL,'2026-06-05 16:33:59',NULL,'','',NULL);
INSERT INTO invitation_tokens VALUES(93,'gysin@web.de',NULL,'standard','23d7799a7b96b4e268b1aee9521315fed69edc1deb239ca51df02b03f9b00858','2026-07-05 16:33:59.619109941 +0000 UTC m=+2592169.389232346',NULL,'2026-06-05 16:33:59',NULL,'','',NULL);
INSERT INTO invitation_tokens VALUES(94,'thomashaag@t-online.de',NULL,'standard','e83443ea0f8f3b39d3bcdb91bb0644baeaccbb5cd1b604e66139198eb6429173','2026-07-05 16:33:59.619109941 +0000 UTC m=+2592169.389232346',NULL,'2026-06-05 16:33:59',NULL,'','',NULL);
INSERT INTO invitation_tokens VALUES(95,'emilia.haag@gmx.de',NULL,'standard','1d9d3ec29ffff366456638de214b535b4039890daf78b3ae7a3eb0b4a6aead8d','2026-07-05 16:33:59.619109941 +0000 UTC m=+2592169.389232346',NULL,'2026-06-05 16:33:59',NULL,'','',NULL);
INSERT INTO invitation_tokens VALUES(96,'gbhaase@gmx.de',NULL,'standard','fd74abce9cf95ac9bd2034140f30fc372ddda47d52e7d118e34a9cc074622d3a','2026-07-05 16:33:59.619109941 +0000 UTC m=+2592169.389232346',NULL,'2026-06-05 16:33:59',NULL,'','',NULL);
INSERT INTO invitation_tokens VALUES(97,'haugmartin@web.de',NULL,'standard','1c4964a53a6338524844ca46469e4708ce2f9cc09322dee75bc506bd0c3e00a9','2026-07-05 16:33:59.619109941 +0000 UTC m=+2592169.389232346',NULL,'2026-06-05 16:33:59',NULL,'','',NULL);
INSERT INTO invitation_tokens VALUES(98,'bennihaug2013@gmail.com',NULL,'standard','7e649dae2fddb8751f94dc2fbdac5876c6d65d3449307c7f41a6ba5f14bce579','2026-07-05 16:33:59.619109941 +0000 UTC m=+2592169.389232346',NULL,'2026-06-05 16:33:59',NULL,'','',NULL);
INSERT INTO invitation_tokens VALUES(99,'a.haeussler12@gmail.com',NULL,'standard','4dbf1e9161919fd0b86b2905fee234ab7444541794fdb42e1acf5fdbd4d0ab42','2026-07-05 16:33:59.619109941 +0000 UTC m=+2592169.389232346',NULL,'2026-06-05 16:33:59',NULL,'','',NULL);
INSERT INTO invitation_tokens VALUES(100,'silke.haverland@gmx.de',NULL,'standard','e9c07f4cceddba7df32659a1378e46a27928d7a5f5b53fc6fe655061e52c6f5d','2026-07-05 16:33:59.619109941 +0000 UTC m=+2592169.389232346',NULL,'2026-06-05 16:33:59',NULL,'','',NULL);
INSERT INTO invitation_tokens VALUES(101,'ellen.haverland@icloud.com',NULL,'standard','4ad84c8fed5edcd7fcd8980b86f466ac29f1301cb2cd6ad45b8e4af16d048fa3','2026-07-05 16:33:59.619109941 +0000 UTC m=+2592169.389232346',NULL,'2026-06-05 16:33:59',NULL,'','',NULL);
INSERT INTO invitation_tokens VALUES(102,'marianne.heeb@web.de',NULL,'standard','cf837046a070c14e61827ac623f94376c38594909f891fa284134e917e315dd6','2026-07-05 16:33:59.619109941 +0000 UTC m=+2592169.389232346',NULL,'2026-06-05 16:33:59',NULL,'','',NULL);
INSERT INTO invitation_tokens VALUES(103,'hees@gmx.de',NULL,'standard','4787fbbf65436cdda7ceb72d460484b9345fc1e1cf2f3e52641e123b24f867e8','2026-07-05 16:33:59.619109941 +0000 UTC m=+2592169.389232346',NULL,'2026-06-05 16:33:59',NULL,'','',NULL);
INSERT INTO invitation_tokens VALUES(104,'mail@anuschkaherbst.de',NULL,'standard','205aeaf76a906393c59f70bdead33a01ff2644bf1db778f7eed745183fc296e3','2026-07-05 16:33:59.619109941 +0000 UTC m=+2592169.389232346',NULL,'2026-06-05 16:33:59',NULL,'','',NULL);
INSERT INTO invitation_tokens VALUES(105,'sannehe@web.de',NULL,'standard','3bd75a10fd12585b938b7910536ada7487b6704d927ae4cf02d2d66fbee2935b','2026-07-05 16:33:59.619109941 +0000 UTC m=+2592169.389232346',NULL,'2026-06-05 16:33:59',NULL,'','',NULL);
INSERT INTO invitation_tokens VALUES(106,'david31he@gmail.com',NULL,'standard','08dc636782fa400289fd5b7e3ab55cc7e68bf9de698614cdc8123d975d641de6','2026-07-05 16:33:59.619109941 +0000 UTC m=+2592169.389232346',NULL,'2026-06-05 16:33:59',NULL,'','',NULL);
INSERT INTO invitation_tokens VALUES(107,'nina.hangen@me.com',NULL,'standard','40fb2a0a9bdb27b07d92e2c334716ada8b6a6837c11328e4daec414f7b90c4c9','2026-07-05 16:33:59.619109941 +0000 UTC m=+2592169.389232346',NULL,'2026-06-05 16:33:59',NULL,'','',NULL);
INSERT INTO invitation_tokens VALUES(108,'herz.stuttgart@web.de',NULL,'standard','6330eef2173518b9bc0a0607b55ef3b5ef5a18527ff2dca9372bb125de72f0e4','2026-07-05 16:33:59.619109941 +0000 UTC m=+2592169.389232346',NULL,'2026-06-05 16:33:59',NULL,'','',NULL);
INSERT INTO invitation_tokens VALUES(109,'lino.herz@gmx.de',NULL,'standard','3b55b5ec985c8ac6dd1f8c1c2ee66acee279cbbf560e8340a7ba2e6c4ce14c2f','2026-07-05 16:33:59.619109941 +0000 UTC m=+2592169.389232346',NULL,'2026-06-05 16:33:59',NULL,'','',NULL);
INSERT INTO invitation_tokens VALUES(110,'anne.heuser@web.de',NULL,'standard','1bfcf27f0dbf574c8f40cbe5e3d5139975d405c684ecc91c0af54443e806f80b','2026-07-05 16:33:59.619109941 +0000 UTC m=+2592169.389232346',NULL,'2026-06-05 16:33:59',NULL,'','',NULL);
INSERT INTO invitation_tokens VALUES(111,'oleheuser@gmx.de',NULL,'standard','703c069f9fbc1a136cfef84b979e84c24787396c33b9a7581729b4023b9e25e0','2026-07-05 16:33:59.619109941 +0000 UTC m=+2592169.389232346',NULL,'2026-06-05 16:33:59',NULL,'','',NULL);
INSERT INTO invitation_tokens VALUES(112,'a.zak@gmx.net',NULL,'standard','22a1064da1bfffd485c4352f541efc936d2fb4115fac71a945a4f9323206f70e','2026-07-05 16:33:59.619109941 +0000 UTC m=+2592169.389232346',NULL,'2026-06-05 16:33:59',NULL,'','',NULL);
INSERT INTO invitation_tokens VALUES(113,'silvester.hoen@gmx.net',NULL,'standard','5e2e96d2de637433a9d5d4c9ad0886505204a9a86e8686c573d699fdd07c8669','2026-07-05 16:33:59.619109941 +0000 UTC m=+2592169.389232346',NULL,'2026-06-05 16:33:59',NULL,'','',NULL);
INSERT INTO invitation_tokens VALUES(114,'holzinger.stefanie@gmx.de',NULL,'standard','e66eec8e98c8f5b9f5fdc50fdbb32254558a18ee54f82ae133d5f0cf9bffd157','2026-07-05 16:33:59.619109941 +0000 UTC m=+2592169.389232346',NULL,'2026-06-05 16:33:59',NULL,'','',NULL);
INSERT INTO invitation_tokens VALUES(115,'finn.holzinger@gmx.de',NULL,'standard','7cc9cc01e0acb9df8fcd9ef05e66212384d75caba3c78d8b678225b3df5f4342','2026-07-05 16:33:59.619109941 +0000 UTC m=+2592169.389232346',NULL,'2026-06-05 16:33:59',NULL,'','',NULL);
INSERT INTO invitation_tokens VALUES(116,'vera.hughes@alice-dsl.net',NULL,'standard','f5e57f33d5103abbd5cfb30fc48ba98e0d0ecd375e17a0f4ea503eae1aa44e64','2026-07-05 16:33:59.619109941 +0000 UTC m=+2592169.389232346',NULL,'2026-06-05 16:33:59',NULL,'','',NULL);
INSERT INTO invitation_tokens VALUES(117,'tomhughes189@gmail.com',NULL,'standard','a5fef8a674fc7b6620a895a88a00cb61ecdc9a47a9bf60210222fff214395d73','2026-07-05 16:33:59.619109941 +0000 UTC m=+2592169.389232346',NULL,'2026-06-05 16:33:59',NULL,'','',NULL);
INSERT INTO invitation_tokens VALUES(118,'torsten.jaeger@gmx.net',NULL,'standard','3a1af2846324324b7f6ce82f721610a7247625222fb4b585cc8189a405794318','2026-07-05 16:33:59.619109941 +0000 UTC m=+2592169.389232346',NULL,'2026-06-05 16:33:59',NULL,'','',NULL);
INSERT INTO invitation_tokens VALUES(119,'michl_jaeger@gmx.de',NULL,'standard','a2bec0c5963cd41e19abb42475be406af530419e0555a80b1e49b2da2a49260c','2026-07-05 16:33:59.619109941 +0000 UTC m=+2592169.389232346',NULL,'2026-06-05 16:33:59',NULL,'','',NULL);
INSERT INTO invitation_tokens VALUES(120,'christian_jelen@web.de',NULL,'standard','39634b3520137a24d187741abadd2415d667619f1dd328fcfe16108a412acba0','2026-07-05 16:33:59.619109941 +0000 UTC m=+2592169.389232346',NULL,'2026-06-05 16:33:59',NULL,'','',NULL);
INSERT INTO invitation_tokens VALUES(121,'benedikt.jelen@gmx.de',NULL,'standard','562f53672e3486c91656b43bd8175d47f24ddcc35065a4f6a769cd81835db2b3','2026-07-05 16:33:59.619109941 +0000 UTC m=+2592169.389232346',NULL,'2026-06-05 16:33:59',NULL,'','',NULL);
INSERT INTO invitation_tokens VALUES(122,'patrakarle70@web.de',NULL,'standard','aef0e1b1d377b1eb5898f17a41b2099ff3119ac39a4ca0050d65e233c890f1e4','2026-07-05 16:33:59.619109941 +0000 UTC m=+2592169.389232346',NULL,'2026-06-05 16:33:59',NULL,'','',NULL);
INSERT INTO invitation_tokens VALUES(123,'luzie.kastner@gmail.com',NULL,'standard','2762657c4cb86c8809072379aed0d3582c3c1d2f1b74fc9893329df3e6b72a62','2026-07-05 16:33:59.619109941 +0000 UTC m=+2592169.389232346',NULL,'2026-06-05 16:33:59',NULL,'','',NULL);
INSERT INTO invitation_tokens VALUES(124,'johannes.kastner@gmail.com',NULL,'standard','24b054c0348cfa803a475c67ca803c38b4c2e1d526240e623909e520e585a663','2026-07-05 16:33:59.619109941 +0000 UTC m=+2592169.389232346',NULL,'2026-06-05 16:33:59',NULL,'','',NULL);
INSERT INTO invitation_tokens VALUES(125,'joerg@kazmaier.de',NULL,'standard','cb3a60ed4e1082e4aca50501cbbbc432222f9c6580fe490d0dba562c3bcdf3cc','2026-07-05 16:33:59.619109941 +0000 UTC m=+2592169.389232346',NULL,'2026-06-05 16:33:59',NULL,'','',NULL);
INSERT INTO invitation_tokens VALUES(126,'fritz@kazmaier.de',NULL,'standard','617bb84ffaec6a90082b2a9d508d3fe3b28fbd833a86030f07431869ddfe9e4d','2026-07-05 16:33:59.619109941 +0000 UTC m=+2592169.389232346',NULL,'2026-06-05 16:33:59',NULL,'','',NULL);
INSERT INTO invitation_tokens VALUES(127,'g.kelesiaids@gmail.com',NULL,'standard','1588aaca0b58af0423de5797d013760bb6749f14e5ae52d1cd9a009f80e9ab22','2026-07-05 16:33:59.619109941 +0000 UTC m=+2592169.389232346',NULL,'2026-06-05 16:33:59',NULL,'','',NULL);
INSERT INTO invitation_tokens VALUES(128,'dimitris.kelesiadis@gmail.com',NULL,'standard','a216fa9679861a37585ec4819e6f864948c20b1f0e9b256a7360519cf1f75463','2026-07-05 16:33:59.619109941 +0000 UTC m=+2592169.389232346',NULL,'2026-06-05 16:33:59',NULL,'','',NULL);
INSERT INTO invitation_tokens VALUES(129,'andreas-kiesel@gmx.de',NULL,'standard','4e1481e1d0c56533bdde23774bde46e9f8b2a1a2b0b4d126418abde9c83d1da7','2026-07-05 16:33:59.619109941 +0000 UTC m=+2592169.389232346',NULL,'2026-06-05 16:33:59',NULL,'','',NULL);
INSERT INTO invitation_tokens VALUES(130,'lars.klimke@t-online.de',NULL,'standard','7e5da4bc4f48645b13b10e19a1de33014c41ec2765d7c2096f5ef6b3810ac657','2026-07-05 16:33:59.619109941 +0000 UTC m=+2592169.389232346',NULL,'2026-06-05 16:33:59',NULL,'','',NULL);
INSERT INTO invitation_tokens VALUES(131,'gernot.klimke@t-online.de',NULL,'standard','a0cc20960518b60b9cf6ead7143bbce8d9547be1fedfdb0aed81c94a0d1a97e5','2026-07-05 16:33:59.619109941 +0000 UTC m=+2592169.389232346',NULL,'2026-06-05 16:33:59',NULL,'','',NULL);
INSERT INTO invitation_tokens VALUES(132,'f.koeber@t-online.de',NULL,'standard','358055d60a937ff2064f39209125c77c4910d223f9d6d7c7afb898dfabdcdc98','2026-07-05 16:33:59.619109941 +0000 UTC m=+2592169.389232346',NULL,'2026-06-05 16:33:59',NULL,'','',NULL);
INSERT INTO invitation_tokens VALUES(133,'rainer.kohlschreiber@gmx.de',NULL,'standard','66e129d5b0d2eeff2d1dbb280f167ac6fa524d1f06ba23e0b660b98900e8c3f3','2026-07-05 16:33:59.619109941 +0000 UTC m=+2592169.389232346',NULL,'2026-06-05 16:33:59',NULL,'','',NULL);
INSERT INTO invitation_tokens VALUES(134,'arne.kohlschreiber@outlook.de',NULL,'standard','3f3270df311df69a085a0c4ae1f7440fc13f97eb814125406caded7efd2ceee4','2026-07-05 16:33:59.619109941 +0000 UTC m=+2592169.389232346',NULL,'2026-06-05 16:33:59',NULL,'','',NULL);
INSERT INTO invitation_tokens VALUES(135,'dodo.koelmel@web.de',NULL,'standard','1a377bad86675ee7c3a8693b991c8eacc58cf5e8bf9f939a95d491de9d2cc3ee','2026-07-05 16:33:59.619109941 +0000 UTC m=+2592169.389232346',NULL,'2026-06-05 16:33:59',NULL,'','',NULL);
INSERT INTO invitation_tokens VALUES(136,'koelmel@klinikum-stuttgart.de',NULL,'standard','c36ee63c040caccd3e4b19bcb812d881e36768f2f74d36c83f6885d633a2a076','2026-07-05 16:33:59.619109941 +0000 UTC m=+2592169.389232346',NULL,'2026-06-05 16:33:59',NULL,'','',NULL);
INSERT INTO invitation_tokens VALUES(137,'kopp.julia@gmx.net',NULL,'standard','d97ed809a0609c17be03e781b2a17426e86567d14ae03033a78da0d037b6396b','2026-07-05 16:33:59.619109941 +0000 UTC m=+2592169.389232346',NULL,'2026-06-05 16:33:59',NULL,'','',NULL);
INSERT INTO invitation_tokens VALUES(138,'elenagomezg@yahoo.es',NULL,'standard','f70d3ba34bdfcd8936ad4215d67f260ab3aecec6e015d9408b35bf30880d6be9','2026-07-05 16:33:59.619109941 +0000 UTC m=+2592169.389232346',NULL,'2026-06-05 16:33:59',NULL,'','',NULL);
INSERT INTO invitation_tokens VALUES(139,'valeriokoppanygomez@icloud.com',NULL,'standard','76eec6212125aa436016635e2bd28146a757b911b65724d64cd433be3836ed25','2026-07-05 16:33:59.619109941 +0000 UTC m=+2592169.389232346',NULL,'2026-06-05 16:33:59',NULL,'','',NULL);
INSERT INTO invitation_tokens VALUES(140,'sabrina-kluger@gmx.de',NULL,'standard','94120797a0fa906096ef009179d086cf2dfaeadf90a47d068a0db7342e598d27','2026-07-05 16:33:59.619109941 +0000 UTC m=+2592169.389232346',NULL,'2026-06-05 16:33:59',NULL,'','',NULL);
INSERT INTO invitation_tokens VALUES(141,'sabrinakowatsch@outlook.de',NULL,'standard','efae36a0cc02f9d98a500aee249f789d70a1835cff31de0100518b5da6604d7f','2026-07-05 16:33:59.619109941 +0000 UTC m=+2592169.389232346',NULL,'2026-06-05 16:33:59',NULL,'','',NULL);
INSERT INTO invitation_tokens VALUES(142,'sandrakraske1@gmail.com',NULL,'standard','5032029c89eb6b78f88929cefdc058a8effd9c42cb8a443bbeb5f236a4a3a6c1','2026-07-05 16:33:59.619109941 +0000 UTC m=+2592169.389232346',NULL,'2026-06-05 16:33:59',NULL,'','',NULL);
INSERT INTO invitation_tokens VALUES(143,'julekra21@gmail.com',NULL,'standard','8dc4de6c9146531b457f04c695cd26a4d119b35ed193f751f24e6f338d1cfa8d','2026-07-05 16:33:59.619109941 +0000 UTC m=+2592169.389232346',NULL,'2026-06-05 16:33:59',NULL,'','',NULL);
INSERT INTO invitation_tokens VALUES(144,'martina.annette.kraus@gmx.de',NULL,'standard','4ff24ea4f6f23305cd4fcafa2fe83f95b617bb3dc2ed75c60b19d4228891c80f','2026-07-05 16:33:59.619109941 +0000 UTC m=+2592169.389232346',NULL,'2026-06-05 16:33:59',NULL,'','',NULL);
INSERT INTO invitation_tokens VALUES(145,'ole.krauter@outlook.de',NULL,'standard','c848462fe3a3a8fabf9d7739d0f9f99b33b216babf90b74a95236d708e0aa1cd','2026-07-05 16:33:59.619109941 +0000 UTC m=+2592169.389232346',NULL,'2026-06-05 16:33:59',NULL,'','',NULL);
INSERT INTO invitation_tokens VALUES(146,'info@123krueger.de',NULL,'standard','2b74f5b919c7afa34cc9424dbc300d56776143507a6a726e077cf7734114b8a1','2026-07-05 16:33:59.619109941 +0000 UTC m=+2592169.389232346',NULL,'2026-06-05 16:33:59',NULL,'','',NULL);
INSERT INTO invitation_tokens VALUES(147,'markus_kuehnel@yahoo.de',NULL,'standard','027d52cad63bf6411d93e05e8de3aed6993d95025406b43fad9d7b7fa74d28be','2026-07-05 16:33:59.619109941 +0000 UTC m=+2592169.389232346',NULL,'2026-06-05 16:33:59',NULL,'','',NULL);
INSERT INTO invitation_tokens VALUES(148,'steppe.kuehner@gmx.de',NULL,'standard','ab3eb8e6038527a5a76745bfd369727bc14b3fa90e00d4007a37242657c1315f','2026-07-05 16:33:59.619109941 +0000 UTC m=+2592169.389232346',NULL,'2026-06-05 16:33:59',NULL,'','',NULL);
INSERT INTO invitation_tokens VALUES(149,'maili.kuehner@icloud.com',NULL,'standard','0b7771a94adbe9c6d3fc71c58beb1f3320ad2c3bb701a51c7ef3f7ae4f6b0518','2026-07-05 16:33:59.619109941 +0000 UTC m=+2592169.389232346',NULL,'2026-06-05 16:33:59',NULL,'','',NULL);
INSERT INTO invitation_tokens VALUES(150,'sabriekurtishaj@gmail.com',NULL,'standard','ed8ba1a75f9485069eb3fecbe76b715b2ca50484154cb55b7caf52a9acda1c62','2026-07-05 16:33:59.619109941 +0000 UTC m=+2592169.389232346',NULL,'2026-06-05 16:33:59',NULL,'','',NULL);
INSERT INTO invitation_tokens VALUES(151,'kleinehexe35@online.de',NULL,'standard','6910a63c643954899e999e66e69bac44566a265db6a3217c0e806579658bd30c','2026-07-05 16:33:59.619109941 +0000 UTC m=+2592169.389232346',NULL,'2026-06-05 16:33:59',NULL,'','',NULL);
INSERT INTO invitation_tokens VALUES(152,'juliane.leiser@web.de',NULL,'standard','b64214acace2b9098e77d224a5bba23871e61de5d4d2bc536499aed00106c19b','2026-07-05 16:33:59.619109941 +0000 UTC m=+2592169.389232346',NULL,'2026-06-05 16:33:59',NULL,'','',NULL);
INSERT INTO invitation_tokens VALUES(153,'anke.schoening@web.de',NULL,'standard','bf92ce906b2815d5ec2e688d7e9cb04eb0a707487239e31f3e6b636c065ed4db','2026-07-05 16:33:59.619109941 +0000 UTC m=+2592169.389232346',NULL,'2026-06-05 16:33:59',NULL,'','',NULL);
INSERT INTO invitation_tokens VALUES(154,'steffenl.77@web.de',NULL,'standard','ab1f45c01e0edebbe96752ee079be0a77fd4c717a4be90d2e7255d725997fcfa','2026-07-05 16:33:59.619109941 +0000 UTC m=+2592169.389232346',NULL,'2026-06-05 16:33:59',NULL,'','',NULL);
INSERT INTO invitation_tokens VALUES(155,'bastileuze@icloud.com',NULL,'standard','bc9191f3b1faae07c2bd4bbb2532f0378609d24a8315a204d06f37693f8053af','2026-07-05 16:33:59.619109941 +0000 UTC m=+2592169.389232346',NULL,'2026-06-05 16:33:59',NULL,'','',NULL);
INSERT INTO invitation_tokens VALUES(156,'fraenze.lindner@outlook.com',NULL,'standard','75d1aaf0852689754a232590f2bee9bb28f68895772cd1b3a50da0edc107f0ee','2026-07-05 16:33:59.619109941 +0000 UTC m=+2592169.389232346',NULL,'2026-06-05 16:33:59',NULL,'','',NULL);
INSERT INTO invitation_tokens VALUES(157,'ch_ludwig@gmx.net',NULL,'standard','be6029681db2229a4453eafd21069b47ea47ffaabe5c6ee62ef51d36940bd847','2026-07-05 16:33:59.619109941 +0000 UTC m=+2592169.389232346',NULL,'2026-06-05 16:33:59',NULL,'','',NULL);
INSERT INTO invitation_tokens VALUES(158,'maier.stuttgart@googlemail.com',NULL,'standard','211c466240bc6112cf7395156b5a59c06861eea71ff2a5adf02aab71cf8425cd','2026-07-05 16:33:59.619109941 +0000 UTC m=+2592169.389232346',NULL,'2026-06-05 16:33:59',NULL,'','',NULL);
INSERT INTO invitation_tokens VALUES(159,'denisemanz@gmail.com',NULL,'standard','2e72587769c98a266a7d5e8fa3ecfcf98d7728cf39ef2379cfb9b176533d7083','2026-06-08 08:26:34.118061949 +0000 UTC m=+207208.570736973',NULL,'2026-06-05 16:33:59',NULL,'','',NULL);
INSERT INTO invitation_tokens VALUES(160,'huh.meier@online.de',NULL,'standard','7abaadb65e9eb284b31ca574158341525c14b4dd61362accf7d1884bdb67e226','2026-07-05 16:33:59.619109941 +0000 UTC m=+2592169.389232346',NULL,'2026-06-05 16:33:59',NULL,'','',NULL);
INSERT INTO invitation_tokens VALUES(161,'akmekonnen@t-online.de',NULL,'standard','4d7534d57de4d2c44db23e63386969a77b7276ae18bced15b66116336ab96069','2026-07-05 16:33:59.619109941 +0000 UTC m=+2592169.389232346',NULL,'2026-06-05 16:33:59',NULL,'','',NULL);
INSERT INTO invitation_tokens VALUES(162,'holger-mielenz@gmx.de',NULL,'standard','8a71186fa2049b76c73fa9802e7c58be5fe0e20cd213851141086cec00bd1d2e','2026-07-05 16:33:59.619109941 +0000 UTC m=+2592169.389232346',NULL,'2026-06-05 16:33:59',NULL,'','',NULL);
INSERT INTO invitation_tokens VALUES(163,'luca-mielenz@gmx.de',NULL,'standard','c3baef8bfb2e59f014795ca192040a56af81873d4a6bb04640aa63cf668dc5e2','2026-07-05 16:33:59.619109941 +0000 UTC m=+2592169.389232346',NULL,'2026-06-05 16:33:59',NULL,'','',NULL);
INSERT INTO invitation_tokens VALUES(164,'brigittegoebbel@yahoo.de',NULL,'standard','32f6dff46978d6ba0fddde252de839b917220f915e15c73507daebea98460487','2026-07-05 16:33:59.619109941 +0000 UTC m=+2592169.389232346',NULL,'2026-06-05 16:33:59',NULL,'','',NULL);
INSERT INTO invitation_tokens VALUES(165,'ben.m.c@web.de',NULL,'standard','10db3ca89482be7da800938db53da0b9703c5a5ba02c1b30817af3d01860b793','2026-07-05 16:33:59.619109941 +0000 UTC m=+2592169.389232346',NULL,'2026-06-05 16:33:59',NULL,'','',NULL);
INSERT INTO invitation_tokens VALUES(166,'laetitiatymowska@hotmail.fr',NULL,'standard','33192cbc59a78b7ef13cf938914a22ea11bf387852a3d81d577475b781212066','2026-07-05 16:33:59.619109941 +0000 UTC m=+2592169.389232346',NULL,'2026-06-05 16:33:59',NULL,'','',NULL);
INSERT INTO invitation_tokens VALUES(167,'thordu79@gmail.com',NULL,'standard','eb141b0c08216d1ae8a5ed1a4e70fea6c97a8968b95de1e59c49170026715f11','2026-07-05 16:33:59.619109941 +0000 UTC m=+2592169.389232346',NULL,'2026-06-05 16:33:59',NULL,'','',NULL);
INSERT INTO invitation_tokens VALUES(168,'yonaso@gmx.de',NULL,'standard','12f0d1257b59ca421c2bec1c2f58ae592ee5dce94511d445f0b1b8b527f20147','2026-07-05 16:33:59.619109941 +0000 UTC m=+2592169.389232346',NULL,'2026-06-05 16:33:59',NULL,'','',NULL);
INSERT INTO invitation_tokens VALUES(169,'manuela.oliveira@gmx.de',NULL,'standard','eee5b437ea4073db995ea916f0c51b2df2ad38daaeeeeb93789506c003d830aa','2026-07-05 16:33:59.619109941 +0000 UTC m=+2592169.389232346',NULL,'2026-06-05 16:33:59',NULL,'','',NULL);
INSERT INTO invitation_tokens VALUES(170,'yannick.oesterle@icloud.com',NULL,'standard','68856ea6f3e0374290c2758b9ea707305938f243647a968ae4a8aae475ecd59a','2026-07-05 16:33:59.619109941 +0000 UTC m=+2592169.389232346',NULL,'2026-06-05 16:33:59',NULL,'','',NULL);
INSERT INTO invitation_tokens VALUES(171,'andreasoesterle@icloud.com',NULL,'standard','a8be07df4ec4f06ab15b79ff081706cde838af7de1f79136ef549f4a5195fb50','2026-07-05 16:33:59.619109941 +0000 UTC m=+2592169.389232346',NULL,'2026-06-05 16:33:59',NULL,'','',NULL);
INSERT INTO invitation_tokens VALUES(172,'jana.ottenbacher@gmail.com',NULL,'standard','1299bc602de468f6f52b32592f16f320fd53b55400a8645cadab23b84e902abc','2026-07-05 16:33:59.619109941 +0000 UTC m=+2592169.389232346',NULL,'2026-06-05 16:33:59',NULL,'','',NULL);
INSERT INTO invitation_tokens VALUES(173,'nadja.ottenbacher@gmail.com',NULL,'standard','bad377715428f80e17701fb85cbbe5f350f450a67b474b21bbb37779bd8a72ce','2026-07-05 16:33:59.619109941 +0000 UTC m=+2592169.389232346',NULL,'2026-06-05 16:33:59',NULL,'','',NULL);
INSERT INTO invitation_tokens VALUES(174,'santi_pena@hotmail.com',NULL,'standard','018b51027206ea0e69ec7c15ae8a5e77612850c0ae104b5606263a5e80106444','2026-07-05 16:33:59.619109941 +0000 UTC m=+2592169.389232346',NULL,'2026-06-05 16:33:59',NULL,'','',NULL);
INSERT INTO invitation_tokens VALUES(175,'mario.pribil@gmx.de',NULL,'standard','7f31d4eeb40fd9c9678ef71952ddd996ad0e8c1ac052dbcbd077372b0aba2816','2026-07-05 16:33:59.619109941 +0000 UTC m=+2592169.389232346',NULL,'2026-06-05 16:33:59',NULL,'','',NULL);
INSERT INTO invitation_tokens VALUES(176,'marlon.pribil@icloud.com',NULL,'standard','496c0c206287d322a7bc626a297c19d3f517eca953bf81170d75c2a560af8179','2026-07-05 16:33:59.619109941 +0000 UTC m=+2592169.389232346',NULL,'2026-06-05 16:33:59',NULL,'','',NULL);
INSERT INTO invitation_tokens VALUES(177,'alma.colbazi@gmx.de',NULL,'standard','6617018ba5da7abc507f35794a81120e0d8203a2fe06e9ac552c9ae6d578f895','2026-07-05 16:33:59.619109941 +0000 UTC m=+2592169.389232346',NULL,'2026-06-05 16:33:59',NULL,'','',NULL);
INSERT INTO invitation_tokens VALUES(178,'tina.schafer@web.de',NULL,'standard','fc80c05c179add6bb0d5dec18daf7fbe292c992b9baee9bcd988e32f750e73eb','2026-07-05 16:33:59.619109941 +0000 UTC m=+2592169.389232346',NULL,'2026-06-05 16:33:59',NULL,'','',NULL);
INSERT INTO invitation_tokens VALUES(179,'robin-rettenmaier@gmail.com',NULL,'standard','85421264f0ffb52dddb32be7a971e7582177d1450adbec4be96d798f71ab73d4','2026-07-05 16:33:59.619109941 +0000 UTC m=+2592169.389232346',NULL,'2026-06-05 16:33:59',NULL,'','',NULL);
INSERT INTO invitation_tokens VALUES(180,'siegi.steindl@gmail.com',NULL,'standard','d5897eba595f69613f7fa6d695475ac7bb074140a07960aaada5464b8d7de8d6','2026-07-05 16:33:59.619109941 +0000 UTC m=+2592169.389232346',NULL,'2026-06-05 16:33:59',NULL,'','',NULL);
INSERT INTO invitation_tokens VALUES(181,'lirije.rexhaj@gmx.de',NULL,'standard','906e11a75698179f027b17f1378b2622eac01957c6614fdca40ac4db412f1902','2026-07-05 16:33:59.619109941 +0000 UTC m=+2592169.389232346',NULL,'2026-06-05 16:33:59',NULL,'','',NULL);
INSERT INTO invitation_tokens VALUES(182,'claudiariedel1@gmx.de',NULL,'standard','84aee00753ad27758fc32705a40eb0ad6ee86b4741ff10235c94a65efcd19dd0','2026-07-05 16:33:59.619109941 +0000 UTC m=+2592169.389232346',NULL,'2026-06-05 16:33:59',NULL,'','',NULL);
INSERT INTO invitation_tokens VALUES(183,'andreas.rieger53@web.de',NULL,'standard','4357e202d6ae6f696b39a77f1474202281c6fcb2b6b09a59773dc39cce56f159','2026-07-05 16:33:59.619109941 +0000 UTC m=+2592169.389232346',NULL,'2026-06-05 16:33:59',NULL,'','',NULL);
INSERT INTO invitation_tokens VALUES(184,'rittermalte@web.de',NULL,'standard','f169b3449076032799062f2b2338f3536e925334afaededc245df0ae34bb119a','2026-07-05 16:33:59.619109941 +0000 UTC m=+2592169.389232346',NULL,'2026-06-05 16:33:59',NULL,'','',NULL);
INSERT INTO invitation_tokens VALUES(185,'tilmann.robbe@web.de',NULL,'standard','50aae06ce4207cdd47f8c1f45790a839d3cc74cb6156d0b3dd85ae6c7bf8aff5','2026-07-05 16:33:59.619109941 +0000 UTC m=+2592169.389232346',NULL,'2026-06-05 16:33:59',NULL,'','',NULL);
INSERT INTO invitation_tokens VALUES(186,'jakob.robbe@web.de',NULL,'standard','da136e2de7518d35f5aab04eb7b46642a3c724da0766941343da72f964a54c56','2026-07-05 16:33:59.619109941 +0000 UTC m=+2592169.389232346',NULL,'2026-06-05 16:33:59',NULL,'','',NULL);
INSERT INTO invitation_tokens VALUES(187,'olaf.roehl@gmx.de',NULL,'standard','add8231d2329d003cf3b114a37dd46ce7d43b1674b2da8fd9fe16db7e2aa38b1','2026-07-05 16:33:59.619109941 +0000 UTC m=+2592169.389232346',NULL,'2026-06-05 16:33:59',NULL,'','',NULL);
INSERT INTO invitation_tokens VALUES(188,'flo-roehl@gmx.de',NULL,'standard','8122eb09358b2075079795945b7f5310864f3672ce0c45cb8b6c34bb3d67b1b4','2026-07-05 16:33:59.619109941 +0000 UTC m=+2592169.389232346',NULL,'2026-06-05 16:33:59',NULL,'','',NULL);
INSERT INTO invitation_tokens VALUES(189,'clumsybecareful@yahoo.de',NULL,'standard','9ed3c3870713788a5461905265aa5447f2b4377a1efdb57fd5e8603467e82e96','2026-07-05 16:33:59.619109941 +0000 UTC m=+2592169.389232346',NULL,'2026-06-05 16:33:59',NULL,'','',NULL);
INSERT INTO invitation_tokens VALUES(190,'evaroeser@web.de',NULL,'standard','b6fd4e903f54de91e4cc155948e96430e4272aceec249e2f24582fcab195d612','2026-07-05 16:33:59.619109941 +0000 UTC m=+2592169.389232346',NULL,'2026-06-05 16:33:59',NULL,'','',NULL);
INSERT INTO invitation_tokens VALUES(191,'schanpe@aol.com',NULL,'standard','8df5fec798b491c6e33411316cfd16b0bfc969d8ed2c83b050ff2bcb81243b10','2026-07-05 16:33:59.619109941 +0000 UTC m=+2592169.389232346',NULL,'2026-06-05 16:33:59',NULL,'','',NULL);
INSERT INTO invitation_tokens VALUES(192,'margit.benz@t-online.de',NULL,'standard','3f5994083563b2b0a030f67669c2712182e14e06c235abe3cf9c4d24889ffa79','2026-07-05 16:33:59.619109941 +0000 UTC m=+2592169.389232346',NULL,'2026-06-05 16:33:59',NULL,'','',NULL);
INSERT INTO invitation_tokens VALUES(193,'lennart.scheuermann@gmail.com',NULL,'standard','eadbf0b2372eefff57e0a3ba1524b9e9f19082b50b2d17b9ae6fc7b56ee454cd','2026-07-05 16:33:59.619109941 +0000 UTC m=+2592169.389232346',NULL,'2026-06-05 16:33:59',NULL,'','',NULL);
INSERT INTO invitation_tokens VALUES(194,'florian.scheurle@scheurle-messebau.de',NULL,'standard','6907cd7d7220d91082a1664bdd390997760ce97589c3be85e1f924c539ad9f1a','2026-07-05 16:33:59.619109941 +0000 UTC m=+2592169.389232346',NULL,'2026-06-05 16:33:59',NULL,'','',NULL);
INSERT INTO invitation_tokens VALUES(195,'kontakt@scheurle-messebau.de',NULL,'standard','33de951246af0da6e6958d8601f85388be924a9f23465f786f382c37d1ff09b8','2026-07-05 16:33:59.619109941 +0000 UTC m=+2592169.389232346',NULL,'2026-06-05 16:33:59',NULL,'','',NULL);
INSERT INTO invitation_tokens VALUES(196,'carulis@web.de',NULL,'standard','923255b60c2661c4d7f69ed6daa0004a352ebc316253cfafd3a17327cd57bf0c','2026-07-05 16:33:59.619109941 +0000 UTC m=+2592169.389232346',NULL,'2026-06-05 16:33:59',NULL,'','',NULL);
INSERT INTO invitation_tokens VALUES(197,'sjossel@hotmail.com',NULL,'standard','fb0bea91fb9d430684f3fe5224e36987d0b3e58f051ae1e86da2b9e3c7964b67','2026-07-05 16:33:59.619109941 +0000 UTC m=+2592169.389232346',NULL,'2026-06-05 16:33:59',NULL,'','',NULL);
INSERT INTO invitation_tokens VALUES(198,'tenneken@hotmail.com',NULL,'standard','c07525efbf0e27cb8f8a5e3f5edc85c04e60176e0351bc6a98951321656e0178','2026-07-05 16:33:59.619109941 +0000 UTC m=+2592169.389232346',NULL,'2026-06-05 16:33:59',NULL,'','',NULL);
INSERT INTO invitation_tokens VALUES(199,'jana@schmidlhj.de',NULL,'standard','b9d3a7905877ea1cae65c89c0f85732d1d542dc53bedaf97956b6629242ffa97','2026-07-05 16:33:59.619109941 +0000 UTC m=+2592169.389232346',NULL,'2026-06-05 16:33:59',NULL,'','',NULL);
INSERT INTO invitation_tokens VALUES(200,'lilly@schmidl.de',NULL,'standard','55a1d030ee239d7d978e51b8651c3f6b039cb661895da92fb168fe223360f974','2026-07-05 16:33:59.619109941 +0000 UTC m=+2592169.389232346',NULL,'2026-06-05 16:33:59',NULL,'','',NULL);
INSERT INTO invitation_tokens VALUES(201,'schmikol@t-online.de',NULL,'standard','5e593895a6cd9765fda0cd191c6196134d3c04ad5ed585e3c1504d48f93009f9','2026-07-05 16:33:59.619109941 +0000 UTC m=+2592169.389232346',NULL,'2026-06-05 16:33:59',NULL,'','',NULL);
INSERT INTO invitation_tokens VALUES(202,'schneiu@kabelbw.de',NULL,'standard','45ce1d16f36c0d7ca42e12334e61eb0cc4cd429118a109bc3db40a221da38a82','2026-07-05 16:33:59.619109941 +0000 UTC m=+2592169.389232346',NULL,'2026-06-05 16:33:59',NULL,'','',NULL);
INSERT INTO invitation_tokens VALUES(203,'info@kolb-international.de',NULL,'standard','b919e3d5c94b6480e844994a705b9e542d0145c1fc044d04991370dc42528c53','2026-07-05 16:33:59.619109941 +0000 UTC m=+2592169.389232346',NULL,'2026-06-05 16:33:59',NULL,'','',NULL);
INSERT INTO invitation_tokens VALUES(204,'gisehermi.schweickhardt@t-online.de',NULL,'standard','9adab4f7918ce7e8ed9af5a493b6c19e9dd2dc3952f56038f23e5eb3f0f29237','2026-07-05 16:33:59.619109941 +0000 UTC m=+2592169.389232346',NULL,'2026-06-05 16:33:59',NULL,'','',NULL);
INSERT INTO invitation_tokens VALUES(205,'sommer_torsten@web.de',NULL,'standard','2c51d1bd80d93d1187a9f0e4be7e2caf0689847470b5d573c6da873d1c1b23fa','2026-07-05 16:33:59.619109941 +0000 UTC m=+2592169.389232346',NULL,'2026-06-05 16:33:59',NULL,'','',NULL);
INSERT INTO invitation_tokens VALUES(206,'antonia.sommer@mein.gmx',NULL,'standard','517a007366f3d7c191aa02c29d10cc221f0f375ab20af3c5619f64c381d70460','2026-07-05 16:33:59.619109941 +0000 UTC m=+2592169.389232346',NULL,'2026-06-05 16:33:59',NULL,'','',NULL);
INSERT INTO invitation_tokens VALUES(207,'kathrinspitznagel@yahoo.de',NULL,'standard','6e710797d9dd3484a87ff8e550242355a4d5549b54af9ec432a999ce3c0a7fb8','2026-07-05 16:33:59.619109941 +0000 UTC m=+2592169.389232346',NULL,'2026-06-05 16:33:59',NULL,'','',NULL);
INSERT INTO invitation_tokens VALUES(208,'lukasspitznagel@icloud.com',NULL,'standard','24c570cf8aaa77986be3cd941aa8cea2ae8231548050a44cee1028113d2850ca','2026-07-05 16:33:59.619109941 +0000 UTC m=+2592169.389232346',NULL,'2026-06-05 16:33:59',NULL,'','',NULL);
INSERT INTO invitation_tokens VALUES(209,'stiehl_petra@web.de',NULL,'standard','d83da996a72a6e8d8768c634592721f25133449f439370d28c38656910280774','2026-07-05 16:33:59.619109941 +0000 UTC m=+2592169.389232346',NULL,'2026-06-05 16:33:59',NULL,'','',NULL);
INSERT INTO invitation_tokens VALUES(210,'katja.streitenberger@gmx.de',NULL,'standard','efb2c66ae4058dd1bcf1da7ef6f40bd3db6d25363e708f9bb8e7d2cad54381c0','2026-07-05 16:33:59.619109941 +0000 UTC m=+2592169.389232346',NULL,'2026-06-05 16:33:59',NULL,'','',NULL);
INSERT INTO invitation_tokens VALUES(211,'helen.streitenberger@icloud.com',NULL,'standard','ebbf8345cdfa3e76531b40b2821a5d7c7493134918fbd244b424b60c6b6f12f5','2026-07-05 16:33:59.619109941 +0000 UTC m=+2592169.389232346',NULL,'2026-06-05 16:33:59',NULL,'','',NULL);
INSERT INTO invitation_tokens VALUES(212,'helin.haug@gmail.com',NULL,'standard','4abbf426b3c94a02898ada4bb8e0edbfe95a41421f80953fb0e6f3845447f5be','2026-07-05 16:33:59.619109941 +0000 UTC m=+2592169.389232346',NULL,'2026-06-05 16:33:59',NULL,'','',NULL);
INSERT INTO invitation_tokens VALUES(213,'frank.strotbek@web.de',NULL,'standard','dce4571498a76339eb134c04cb322dbeb0c31f7f8af76a2ba3777e8156639d82','2026-07-05 16:33:59.619109941 +0000 UTC m=+2592169.389232346',NULL,'2026-06-05 16:33:59',NULL,'','',NULL);
INSERT INTO invitation_tokens VALUES(214,'carmen-strunk@gmx.de',NULL,'standard','b7fb8b11306ef4202908d9e00e0a3b6d5422831552f8a75baf84040e78b6ada1','2026-07-05 16:33:59.619109941 +0000 UTC m=+2592169.389232346',NULL,'2026-06-05 16:33:59',NULL,'','',NULL);
INSERT INTO invitation_tokens VALUES(215,'ja-str@outlook.de',NULL,'standard','39403379e75b55fdf66cb5c5d80afe303addf688adc4c90adc37334cb25607b6','2026-07-05 16:33:59.619109941 +0000 UTC m=+2592169.389232346',NULL,'2026-06-05 16:33:59',NULL,'','',NULL);
INSERT INTO invitation_tokens VALUES(216,'marion.stuwe@gmx.de',NULL,'standard','f63f3eb13c9f9838949234ad0dfdc3b3fce633731d0d56993bd6d3fb9aef766f','2026-07-05 16:33:59.619109941 +0000 UTC m=+2592169.389232346',NULL,'2026-06-05 16:33:59',NULL,'','',NULL);
INSERT INTO invitation_tokens VALUES(217,'manuelatextor@gmx.de',NULL,'standard','de4caab9995033c0e2a36e6811769dc14207d8c974aacac3f0de543e475fd57e','2026-07-05 16:33:59.619109941 +0000 UTC m=+2592169.389232346',NULL,'2026-06-05 16:33:59',NULL,'','',NULL);
INSERT INTO invitation_tokens VALUES(218,'jtomek@web.de',NULL,'standard','5272c2fba9d855fae67ce35efc6e98f0cbf8b0c758c1c41fdbbe829b7adc0d7c','2026-07-05 16:33:59.619109941 +0000 UTC m=+2592169.389232346',NULL,'2026-06-05 16:33:59',NULL,'','',NULL);
INSERT INTO invitation_tokens VALUES(219,'fam.traub@gmail.com',NULL,'standard','c4ac75b0261baa0bae976f3d9056b33a58b08ef81ffb246a8e246ad032da9aaf','2026-07-05 16:33:59.619109941 +0000 UTC m=+2592169.389232346',NULL,'2026-06-05 16:33:59',NULL,'','',NULL);
INSERT INTO invitation_tokens VALUES(220,'vidovic-nol@web.de',NULL,'standard','c7515fbcf21c4cb2c8a1f898b1576e54e9bb9e79238c24abd6ffb9c44342ac93','2026-07-05 16:33:59.619109941 +0000 UTC m=+2592169.389232346',NULL,'2026-06-05 16:33:59',NULL,'','',NULL);
INSERT INTO invitation_tokens VALUES(221,'friederike81@yahoo.de',NULL,'standard','f2b917535dcb6118b1108e6dee09eacc4fedab25a8c855d31da71396755d5660','2026-07-05 16:33:59.619109941 +0000 UTC m=+2592169.389232346',NULL,'2026-06-05 16:33:59',NULL,'','',NULL);
INSERT INTO invitation_tokens VALUES(222,'vollena81@googlemail.com',NULL,'standard','243ac120a474e469b68a0f981d36c2421a21a42d8ba13a6bbf8641b67721ad3e','2026-07-05 16:33:59.619109941 +0000 UTC m=+2592169.389232346',NULL,'2026-06-05 16:33:59',NULL,'','',NULL);
INSERT INTO invitation_tokens VALUES(223,'y.d.wagner@web.de',NULL,'standard','1244c4a540e7c5ad8a6b4c6ac326419cb6dad63682760f7c11b05dbfcbdb688f','2026-07-05 16:33:59.619109941 +0000 UTC m=+2592169.389232346',NULL,'2026-06-05 16:33:59',NULL,'','',NULL);
INSERT INTO invitation_tokens VALUES(224,'benape@gmx.de',NULL,'standard','13ab51779337992427c71ec78e77721e9981d9fae3885645acba89bc1a220f9d','2026-07-05 16:33:59.619109941 +0000 UTC m=+2592169.389232346',NULL,'2026-06-05 16:33:59',NULL,'','',NULL);
INSERT INTO invitation_tokens VALUES(225,'wegner.anj@web.de',NULL,'standard','122dc78a8e53ce4c25a59240f02db1bf8a2dca290fa860e631736780b1bf67e2','2026-07-05 16:33:59.619109941 +0000 UTC m=+2592169.389232346',NULL,'2026-06-05 16:33:59',NULL,'','',NULL);
INSERT INTO invitation_tokens VALUES(226,'wegnerjannik@web.de',NULL,'standard','eae7c7539b340ff885751b2037b91626d879d9c65cdcf5811054f7ffb7ba295a','2026-07-05 16:33:59.619109941 +0000 UTC m=+2592169.389232346',NULL,'2026-06-05 16:33:59',NULL,'','',NULL);
INSERT INTO invitation_tokens VALUES(227,'ralf.weishaupt@hotmail.de',NULL,'standard','b88a0b3e030fd4fdecd5ed717735d23ad7cefba96734b5ed7381c83a02af0d95','2026-07-05 16:33:59.619109941 +0000 UTC m=+2592169.389232346',NULL,'2026-06-05 16:33:59',NULL,'','',NULL);
INSERT INTO invitation_tokens VALUES(228,'stefanie.wicher@gmx.de',NULL,'standard','b3eb3f2d89d226ce0f872fd1cef6430ee07fc0ee5bf8cf25526309591384968e','2026-07-05 16:33:59.619109941 +0000 UTC m=+2592169.389232346',NULL,'2026-06-05 16:33:59',NULL,'','',NULL);
INSERT INTO invitation_tokens VALUES(229,'viktoriaw1208@icloud.com',NULL,'standard','ba74aa18e3ba4555ce82b25a96cb900f7059f5c9726d4893a2503ecab7d65670','2026-07-05 16:33:59.619109941 +0000 UTC m=+2592169.389232346',NULL,'2026-06-05 16:33:59',NULL,'','',NULL);
INSERT INTO invitation_tokens VALUES(230,'andrea.sixt@gmx.de',NULL,'standard','7ac954f05fc55d400bc7a2cae0cbbb3b7385cfd4315589dda07eec4c38beec88','2026-07-05 16:33:59.619109941 +0000 UTC m=+2592169.389232346',NULL,'2026-06-05 16:33:59',NULL,'','',NULL);
INSERT INTO invitation_tokens VALUES(231,'cecilia.winter3@gmail.com',NULL,'standard','15e48738e30218a0dc47b2c22962ab06ce1694ba6b74b6b98d9c04bd09187399','2026-07-05 16:33:59.619109941 +0000 UTC m=+2592169.389232346',NULL,'2026-06-05 16:33:59',NULL,'','',NULL);
INSERT INTO invitation_tokens VALUES(232,'vincent.a.winter@gmail.com',NULL,'standard','0f24aadf8dd4df98d53983456bf7e22da7de53c56bf7736c831215ec6e36f8ff','2026-07-05 16:33:59.619109941 +0000 UTC m=+2592169.389232346',NULL,'2026-06-05 16:33:59',NULL,'','',NULL);
INSERT INTO invitation_tokens VALUES(233,'ankewittmann@web.de',NULL,'standard','cf24412338b46596cc4d8c0c11a21a8574e79676564dacea7b9253b57cdacc3f','2026-07-05 16:33:59.619109941 +0000 UTC m=+2592169.389232346',NULL,'2026-06-05 16:33:59',NULL,'','',NULL);
INSERT INTO invitation_tokens VALUES(234,'j.wurster81@gmail.com',NULL,'standard','d13eefe1d9cd180f5653b1e305fc0d15b343abd920f048d68797d763eafa7b51','2026-06-08 10:32:14.623251979 +0000 UTC m=+175879.692219686','2026-06-06 10:35:35','2026-06-05 16:33:59',NULL,'','',NULL);
INSERT INTO invitation_tokens VALUES(235,'marcus.zaiss@gmx.de',NULL,'standard','c69b1f0e52727087982a8edb619373af51c211e666429290080b8274c5ad39a4','2026-07-05 16:33:59.619109941 +0000 UTC m=+2592169.389232346',NULL,'2026-06-05 16:33:59',NULL,'','',NULL);
INSERT INTO invitation_tokens VALUES(236,'dianazezovp@gmail.com',NULL,'standard','98189aff078cd26e2219a64a1be61bdbb00b8a7bece87223d191c8ffdea9d890','2026-07-05 16:33:59.619109941 +0000 UTC m=+2592169.389232346',NULL,'2026-06-05 16:33:59',NULL,'','',NULL);
INSERT INTO invitation_tokens VALUES(237,'jannik.zieg@gmail.com',NULL,'standard','be0b86bea7cdca1507a3adf1776d4374f8ba46963550a9f12023b6adfb947a02','2026-07-05 16:33:59.619109941 +0000 UTC m=+2592169.389232346',NULL,'2026-06-05 16:33:59',NULL,'','',NULL);
INSERT INTO invitation_tokens VALUES(238,'roland.zieg@gmail.com',NULL,'standard','770d4b9ef510887b375309561de36660fdf7bb5f390efb875bda947108f6cb68','2026-07-05 16:33:59.619109941 +0000 UTC m=+2592169.389232346',NULL,'2026-06-05 16:33:59',NULL,'','',NULL);
INSERT INTO invitation_tokens VALUES(239,'r.zoric08@gmx.de',NULL,'standard','537adb2ef9b3c06971fce223c0d10bb562af5b7d64c4d648da92510550e410e3','2026-07-05 16:33:59.619109941 +0000 UTC m=+2592169.389232346',NULL,'2026-06-05 16:33:59',NULL,'','',NULL);
INSERT INTO invitation_tokens VALUES(240,'olfa.karboul@gmail.com',NULL,'standard','4ff4da4fabb36f647b37bde9b70d95986ed81744ad6d92d033d35a3646cd17d2','2026-07-05 16:33:59.619109941 +0000 UTC m=+2592169.389232346',NULL,'2026-06-05 16:33:59',NULL,'','',NULL);
INSERT INTO invitation_tokens VALUES(241,'elyes.zouari07@gmail.com',NULL,'standard','8441909aa65787096760da4e528520ff419de2213317959e3edbdab120c9fc5d','2026-07-05 16:33:59.619109941 +0000 UTC m=+2592169.389232346',NULL,'2026-06-05 16:33:59',NULL,'','',NULL);
INSERT INTO invitation_tokens VALUES(242,'julian_bader@gmx.de',NULL,'standard','c3d0025bb7a03f620a6349d9178362093f4988f11a173892247c730a83ee425f','2026-06-07 17:43:57.785158875 +0000 UTC m=+177167.555281280','2026-06-05 18:12:37','2026-06-05 17:43:45',NULL,'','',NULL);
INSERT INTO invitation_tokens VALUES(243,'rawu20.13@gmail.com',NULL,'standard','5b7c88dcf720d66198c6e822e3e53ec3bedf91df4222d9a4bea5babda8e8964c','2026-06-08 10:34:43.989384538 +0000 UTC m=+176029.058352265','2026-06-06 21:01:54','2026-06-06 10:34:43',NULL,'','',191);
INSERT INTO invitation_tokens VALUES(244,'M.wurster81@gmail.com',NULL,'standard','b5d2a843a4bc25dfa9f82512a782fa00c3387370660bad77192d500f3645389c','2026-06-08 10:36:10.454866788 +0000 UTC m=+176115.523834495','2026-06-07 09:16:42','2026-06-06 10:36:10',NULL,'','',NULL);
INSERT INTO invitation_tokens VALUES(245,'brigitte_handball@t-online.de',NULL,'standard','511d5c9e5ee12eaba061024414a014a4cd5ac1e8743c8fce6105caec2272f922','2026-06-08 12:06:26.494299688 +0000 UTC m=+181531.563267396','2026-06-07 09:18:53','2026-06-06 12:06:26',NULL,'','',18);
INSERT INTO invitation_tokens VALUES(246,'Lias.steinle@gmx.de',NULL,'standard','9f4d1034c0eeb2655577593dfdf5c40ff4ea58d0d8ff87ef2b9b643ba276200a','2026-06-08 12:34:27.10395879 +0000 UTC m=+173305.112597766',NULL,'2026-06-06 12:34:27',NULL,'','',NULL);
CREATE TABLE duty_reminder_log (
    user_id    INTEGER  NOT NULL REFERENCES users(id) ON DELETE CASCADE,
    event_date DATE     NOT NULL,
    sent_at    DATETIME NOT NULL DEFAULT CURRENT_TIMESTAMP,
    PRIMARY KEY (user_id, event_date)
);
CREATE TABLE file_folders (
    id         INTEGER PRIMARY KEY AUTOINCREMENT,
    name       TEXT    NOT NULL,
    parent_id  INTEGER REFERENCES file_folders(id) ON DELETE CASCADE,
    created_by INTEGER NOT NULL REFERENCES users(id),
    created_at TEXT    NOT NULL DEFAULT (strftime('%Y-%m-%dT%H:%M:%SZ', 'now'))
);
INSERT INTO file_folders VALUES(1,'Allgemeine Dokumente',NULL,1,'2026-06-02T10:08:40Z');
INSERT INTO file_folders VALUES(2,'Finanzen',NULL,1,'2026-06-02T10:08:48Z');
INSERT INTO file_folders VALUES(3,'Training',NULL,1,'2026-06-02T10:08:53Z');
INSERT INTO file_folders VALUES(4,'Vereinsbeitritt',1,6,'2026-06-04T13:54:15Z');
INSERT INTO file_folders VALUES(5,'Schutzkonzept',1,6,'2026-06-04T13:56:20Z');
INSERT INTO file_folders VALUES(6,'TeamWERK',1,4,'2026-06-07T20:14:34Z');
CREATE TABLE folder_permissions (
    id             INTEGER PRIMARY KEY AUTOINCREMENT,
    folder_id      INTEGER NOT NULL REFERENCES file_folders(id) ON DELETE CASCADE,
    principal_type TEXT    NOT NULL CHECK (principal_type IN ('everyone','role','club_function','user')),
    principal_ref  TEXT,
    can_read       INTEGER NOT NULL DEFAULT 0,
    can_write      INTEGER NOT NULL DEFAULT 0
);
INSERT INTO folder_permissions VALUES(1,1,'everyone',NULL,1,0);
INSERT INTO folder_permissions VALUES(3,1,'club_function','vorstand',1,1);
INSERT INTO folder_permissions VALUES(4,1,'club_function','vorstand_beisitzer',1,1);
CREATE TABLE files (
    id            INTEGER PRIMARY KEY AUTOINCREMENT,
    folder_id     INTEGER NOT NULL REFERENCES file_folders(id) ON DELETE CASCADE,
    original_name TEXT    NOT NULL,
    disk_name     TEXT    NOT NULL UNIQUE,
    size          INTEGER NOT NULL,
    mime_type     TEXT    NOT NULL DEFAULT '',
    uploaded_by   INTEGER NOT NULL REFERENCES users(id),
    created_at    TEXT    NOT NULL DEFAULT (strftime('%Y-%m-%dT%H:%M:%SZ', 'now'))
);
INSERT INTO files VALUES(1,1,'Gebuehrenordnung.pdf','6628550d-0357-4dc9-99ef-826d0856fc45.pdf',20963,'application/pdf',1,'2026-06-02T10:23:36Z');
INSERT INTO files VALUES(2,1,'Leitbild.pdf','1083b602-c528-406c-b5b2-12a55a9fd03e.pdf',309143,'application/pdf',1,'2026-06-02T10:23:47Z');
INSERT INTO files VALUES(3,1,'Vereinssatzung.pdf','9b374f7d-9064-4b9d-948b-7d5a19c5aeda.pdf',134928,'application/pdf',1,'2026-06-02T10:23:56Z');
INSERT INTO files VALUES(7,2,'260424SEPA- Lastschriftmandat.pdf','adbade22-d27c-45df-a6fa-afc53ddd28c9.pdf',131599,'application/pdf',6,'2026-06-04T13:53:44Z');
INSERT INTO files VALUES(8,4,'2026Beitrittserklärung TaFö TeamS.pdf','7cd60a57-a76d-4647-92b8-ebcf533f1034.pdf',81478,'application/pdf',6,'2026-06-04T13:54:38Z');
INSERT INTO files VALUES(9,4,'2026Einverständniserklärung TaFö TeamS.pdf','009d9972-9470-47c5-9c5b-c09dd2878a16.pdf',63356,'application/pdf',6,'2026-06-04T13:55:01Z');
INSERT INTO files VALUES(10,4,'2026BeitrittserklärungFoerderverein.pdf','65ff7361-9553-4cb7-b01b-6c461b436d48.pdf',240988,'application/pdf',6,'2026-06-04T13:55:51Z');
INSERT INTO files VALUES(11,5,'260121Ehrenkodex.pdf','412197ab-b726-4e07-be93-27355024150b.pdf',202706,'application/pdf',6,'2026-06-04T13:56:51Z');
INSERT INTO files VALUES(12,5,'260121Fuehrungszeugnis.pdf','c7d33c78-e5de-4b79-9b8e-a4748e404813.pdf',262686,'application/pdf',6,'2026-06-04T13:57:02Z');
INSERT INTO files VALUES(13,5,'260121Selbstverpflichtungserklärung.pdf','ff06cac8-edec-4d0d-afff-b89716a9d8f3.pdf',268033,'application/pdf',6,'2026-06-04T13:57:23Z');
INSERT INTO files VALUES(14,5,'260121SchutzkonzeptTEAM.pdf','0d915b70-8212-4e91-887f-b0efe675c786.pdf',394185,'application/pdf',6,'2026-06-04T13:57:39Z');
INSERT INTO files VALUES(15,6,'TeamWERK — Anleitung für Trainerinnen und Trainer.pdf','32ad7112-b43b-4dcf-8bbf-7503a28f415d.pdf',58429,'application/pdf',4,'2026-06-07T20:16:10Z');
INSERT INTO files VALUES(16,6,'TeamWERK — Anleitung für Elternteile.pdf','22a4a90d-8822-47bb-9e11-78eecd40b0a4.pdf',47639,'application/pdf',4,'2026-06-07T20:16:19Z');
INSERT INTO files VALUES(17,6,'TeamWERK — Anleitung für Spielerinnen und Spieler.pdf','8dbde6b9-0503-489a-a493-2c9d372effea.pdf',64202,'application/pdf',4,'2026-06-07T20:16:29Z');
CREATE TABLE training_series (
    id           INTEGER  PRIMARY KEY AUTOINCREMENT,
    team_id      INTEGER  NOT NULL REFERENCES teams(id) ON DELETE CASCADE,
    season_id    INTEGER  NOT NULL REFERENCES seasons(id) ON DELETE CASCADE,
    name         TEXT     NOT NULL,
    location     TEXT     NOT NULL DEFAULT '',
    day_of_week  INTEGER  NOT NULL CHECK (day_of_week BETWEEN 0 AND 6),
    start_time   TEXT     NOT NULL,
    end_time     TEXT     NOT NULL,
    valid_from   DATE     NOT NULL,
    valid_until  DATE     NOT NULL,
    note         TEXT     NOT NULL DEFAULT '',
    created_by   INTEGER  NOT NULL REFERENCES users(id) ON DELETE RESTRICT,
    created_at   DATETIME NOT NULL DEFAULT CURRENT_TIMESTAMP
, rsvp_opt_out INTEGER NOT NULL DEFAULT 0, rsvp_require_reason INTEGER NOT NULL DEFAULT 1, venue_id INTEGER REFERENCES venues(id) ON DELETE SET NULL);
INSERT INTO training_series VALUES(17,21,2,'Training C-Jugend männlich 2','Flatow-Sporthalle Wangen',2,'17:15','18:45','2026-06-10','2026-07-29','',8,'2026-06-05 13:45:55',1,1,1);
INSERT INTO training_series VALUES(19,21,2,'Training C-Jugend männlich 2','Lindenschulsporthalle Untertürkheim',3,'17:15','18:45','2026-06-11','2026-07-23','',8,'2026-06-05 13:49:17',1,1,991);
INSERT INTO training_series VALUES(20,20,2,'Training B-Jugend männlich 2','Flatow-Sporthalle Wangen',0,'18:45','20:15','2026-06-08','2026-07-27','',8,'2026-06-05 13:52:38',1,1,1);
INSERT INTO training_series VALUES(21,20,2,'Training B-Jugend männlich 2','Lindenschulsporthalle Untertürkheim',1,'18:45','20:15','2026-06-09','2026-07-28','',8,'2026-06-05 13:53:26',1,1,991);
INSERT INTO training_series VALUES(22,20,2,'Training B-Jugend männlich 2','Sporthalle Ost (Zeppelinhalle)',3,'18:45','20:15','2026-06-11','2026-07-23','',8,'2026-06-05 13:54:37',1,1,989);
INSERT INTO training_series VALUES(23,21,2,'Training C-Jugend männlich 2','Flatow-Sporthalle Wangen',0,'17:15','18:45','2026-06-08','2026-07-27','',8,'2026-06-05 13:58:00',1,1,1);
CREATE TABLE training_sessions (
    id            INTEGER  PRIMARY KEY AUTOINCREMENT,
    series_id     INTEGER  REFERENCES training_series(id) ON DELETE SET NULL,
    team_id       INTEGER  NOT NULL REFERENCES teams(id) ON DELETE CASCADE,
    season_id     INTEGER  NOT NULL REFERENCES seasons(id) ON DELETE CASCADE,
    date          DATE     NOT NULL,
    start_time    TEXT     NOT NULL,
    end_time      TEXT     NOT NULL,
    location      TEXT     NOT NULL DEFAULT '',
    note          TEXT     NOT NULL DEFAULT '',
    status        TEXT     NOT NULL DEFAULT 'active'
                  CHECK (status IN ('active','cancelled')),
    cancel_reason TEXT     NOT NULL DEFAULT '',
    created_at    DATETIME NOT NULL DEFAULT CURRENT_TIMESTAMP
, title TEXT NOT NULL DEFAULT '', rsvp_opt_out INTEGER NOT NULL DEFAULT 0, rsvp_require_reason INTEGER NOT NULL DEFAULT 1, venue_id INTEGER REFERENCES venues(id) ON DELETE SET NULL);
INSERT INTO training_sessions VALUES(524,23,21,2,'2026-06-08','17:15','18:45','','','active','','2026-06-06 12:30:39','',1,1,1);
INSERT INTO training_sessions VALUES(525,23,21,2,'2026-06-15','17:15','18:45','','','active','','2026-06-06 12:30:39','',1,1,1);
INSERT INTO training_sessions VALUES(526,23,21,2,'2026-06-22','17:15','18:45','','','active','','2026-06-06 12:30:39','',1,1,1);
INSERT INTO training_sessions VALUES(527,23,21,2,'2026-06-29','17:15','18:45','','','active','','2026-06-06 12:30:39','',1,1,1);
INSERT INTO training_sessions VALUES(528,23,21,2,'2026-07-06','17:15','18:45','','','active','','2026-06-06 12:30:39','',1,1,1);
INSERT INTO training_sessions VALUES(529,23,21,2,'2026-07-13','17:15','18:45','','','active','','2026-06-06 12:30:39','',1,1,1);
INSERT INTO training_sessions VALUES(530,23,21,2,'2026-07-20','17:15','18:45','','','active','','2026-06-06 12:30:39','',1,1,1);
INSERT INTO training_sessions VALUES(531,23,21,2,'2026-07-27','17:15','18:45','','','active','','2026-06-06 12:30:39','',1,1,1);
INSERT INTO training_sessions VALUES(532,19,21,2,'2026-06-11','17:15','18:45','','','active','','2026-06-06 20:53:25','',1,1,991);
INSERT INTO training_sessions VALUES(533,19,21,2,'2026-06-18','17:15','18:45','','','active','','2026-06-06 20:53:25','',1,1,991);
INSERT INTO training_sessions VALUES(534,19,21,2,'2026-06-25','17:15','18:45','','','active','','2026-06-06 20:53:25','',1,1,991);
INSERT INTO training_sessions VALUES(535,19,21,2,'2026-07-02','17:15','18:45','','','active','','2026-06-06 20:53:25','',1,1,991);
INSERT INTO training_sessions VALUES(536,19,21,2,'2026-07-09','17:15','18:45','','','active','','2026-06-06 20:53:25','',1,1,991);
INSERT INTO training_sessions VALUES(537,19,21,2,'2026-07-16','17:15','18:45','','','active','','2026-06-06 20:53:25','',1,1,991);
INSERT INTO training_sessions VALUES(538,19,21,2,'2026-07-23','17:15','18:45','','','active','','2026-06-06 20:53:25','',1,1,991);
INSERT INTO training_sessions VALUES(539,21,20,2,'2026-06-09','18:45','20:15','','','active','','2026-06-06 20:53:40','',1,1,991);
INSERT INTO training_sessions VALUES(540,21,20,2,'2026-06-16','18:45','20:15','','','active','','2026-06-06 20:53:40','',1,1,991);
INSERT INTO training_sessions VALUES(541,21,20,2,'2026-06-23','18:45','20:15','','','active','','2026-06-06 20:53:40','',1,1,991);
INSERT INTO training_sessions VALUES(542,21,20,2,'2026-06-30','18:45','20:15','','','active','','2026-06-06 20:53:40','',1,1,991);
INSERT INTO training_sessions VALUES(543,21,20,2,'2026-07-07','18:45','20:15','','','active','','2026-06-06 20:53:40','',1,1,991);
INSERT INTO training_sessions VALUES(544,21,20,2,'2026-07-14','18:45','20:15','','','active','','2026-06-06 20:53:40','',1,1,991);
INSERT INTO training_sessions VALUES(545,21,20,2,'2026-07-21','18:45','20:15','','','active','','2026-06-06 20:53:40','',1,1,991);
INSERT INTO training_sessions VALUES(546,21,20,2,'2026-07-28','18:45','20:15','','','active','','2026-06-06 20:53:40','',1,1,991);
INSERT INTO training_sessions VALUES(547,17,21,2,'2026-06-10','17:15','18:45','','','active','','2026-06-06 20:53:51','',1,1,1);
INSERT INTO training_sessions VALUES(548,17,21,2,'2026-06-17','17:15','18:45','','','active','','2026-06-06 20:53:51','',1,1,1);
INSERT INTO training_sessions VALUES(549,17,21,2,'2026-06-24','17:15','18:45','','','active','','2026-06-06 20:53:51','',1,1,1);
INSERT INTO training_sessions VALUES(550,17,21,2,'2026-07-01','17:15','18:45','','','active','','2026-06-06 20:53:51','',1,1,1);
INSERT INTO training_sessions VALUES(551,17,21,2,'2026-07-08','17:15','18:45','','','active','','2026-06-06 20:53:51','',1,1,1);
INSERT INTO training_sessions VALUES(552,17,21,2,'2026-07-15','17:15','18:45','','','active','','2026-06-06 20:53:51','',1,1,1);
INSERT INTO training_sessions VALUES(553,17,21,2,'2026-07-22','17:15','18:45','','','active','','2026-06-06 20:53:51','',1,1,1);
INSERT INTO training_sessions VALUES(554,17,21,2,'2026-07-29','17:15','18:45','','','active','','2026-06-06 20:53:51','',1,1,1);
INSERT INTO training_sessions VALUES(555,20,20,2,'2026-06-08','18:45','20:15','','','active','','2026-06-06 20:54:12','',1,1,1);
INSERT INTO training_sessions VALUES(556,20,20,2,'2026-06-15','18:45','20:15','','','active','','2026-06-06 20:54:12','',1,1,1);
INSERT INTO training_sessions VALUES(557,20,20,2,'2026-06-22','18:45','20:15','','','active','','2026-06-06 20:54:12','',1,1,1);
INSERT INTO training_sessions VALUES(558,20,20,2,'2026-06-29','18:45','20:15','','','active','','2026-06-06 20:54:12','',1,1,1);
INSERT INTO training_sessions VALUES(559,20,20,2,'2026-07-06','18:45','20:15','','','active','','2026-06-06 20:54:12','',1,1,1);
INSERT INTO training_sessions VALUES(560,20,20,2,'2026-07-13','18:45','20:15','','','active','','2026-06-06 20:54:12','',1,1,1);
INSERT INTO training_sessions VALUES(561,20,20,2,'2026-07-20','18:45','20:15','','','active','','2026-06-06 20:54:12','',1,1,1);
INSERT INTO training_sessions VALUES(562,20,20,2,'2026-07-27','18:45','20:15','','','active','','2026-06-06 20:54:12','',1,1,1);
INSERT INTO training_sessions VALUES(563,22,20,2,'2026-06-11','18:45','20:15','','','active','','2026-06-06 20:55:01','',1,1,989);
INSERT INTO training_sessions VALUES(564,22,20,2,'2026-06-18','18:45','20:15','','','active','','2026-06-06 20:55:01','',1,1,989);
INSERT INTO training_sessions VALUES(565,22,20,2,'2026-06-25','18:45','20:15','','','active','','2026-06-06 20:55:01','',1,1,989);
INSERT INTO training_sessions VALUES(566,22,20,2,'2026-07-02','18:45','20:15','','','active','','2026-06-06 20:55:01','',1,1,989);
INSERT INTO training_sessions VALUES(567,22,20,2,'2026-07-09','18:45','20:15','','','active','','2026-06-06 20:55:01','',1,1,989);
INSERT INTO training_sessions VALUES(568,22,20,2,'2026-07-16','18:45','20:15','','','active','','2026-06-06 20:55:01','',1,1,989);
INSERT INTO training_sessions VALUES(569,22,20,2,'2026-07-23','18:45','20:15','','','active','','2026-06-06 20:55:01','',1,1,989);
CREATE TABLE training_responses (
    id            INTEGER  PRIMARY KEY AUTOINCREMENT,
    training_id   INTEGER  NOT NULL REFERENCES training_sessions(id) ON DELETE CASCADE,
    member_id     INTEGER  NOT NULL REFERENCES members(id) ON DELETE CASCADE,
    responded_by  INTEGER  NOT NULL REFERENCES users(id) ON DELETE CASCADE,
    status        TEXT     NOT NULL CHECK (status IN ('confirmed','declined','maybe')),
    reason        TEXT     NOT NULL DEFAULT '',
    responded_at  DATETIME NOT NULL DEFAULT CURRENT_TIMESTAMP, absence_id INTEGER REFERENCES member_absences(id) ON DELETE CASCADE,
    UNIQUE (training_id, member_id)
);
INSERT INTO training_responses VALUES(1,1,3,5,'confirmed','','2026-06-03 13:16:54',NULL);
INSERT INTO training_responses VALUES(2,2,3,5,'confirmed','','2026-06-03 13:17:02',NULL);
INSERT INTO training_responses VALUES(34,524,4,13,'confirmed','','2026-06-08 12:04:54',NULL);
INSERT INTO training_responses VALUES(35,555,3,8,'confirmed','','2026-06-06 21:11:13',NULL);
CREATE TABLE training_attendances (
    id          INTEGER  PRIMARY KEY AUTOINCREMENT,
    training_id INTEGER  NOT NULL REFERENCES training_sessions(id) ON DELETE CASCADE,
    member_id   INTEGER  NOT NULL REFERENCES members(id) ON DELETE CASCADE,
    present     INTEGER  NOT NULL CHECK (present IN (0, 1)),
    noted_at    DATETIME NOT NULL DEFAULT CURRENT_TIMESTAMP,
    UNIQUE (training_id, member_id)
);
CREATE TABLE game_responses (
    game_id      INTEGER NOT NULL REFERENCES games(id) ON DELETE CASCADE,
    member_id    INTEGER NOT NULL REFERENCES members(id) ON DELETE CASCADE,
    responded_by INTEGER NOT NULL REFERENCES users(id),
    status       TEXT    NOT NULL CHECK(status IN ('confirmed','declined','maybe')),
    reason       TEXT    NOT NULL DEFAULT '',
    responded_at TEXT    NOT NULL DEFAULT (datetime('now')), absence_id INTEGER REFERENCES member_absences(id) ON DELETE CASCADE,
    PRIMARY KEY (game_id, member_id)
);
INSERT INTO game_responses VALUES(22,3,8,'confirmed','','2026-06-06 21:06:01',NULL);
INSERT INTO game_responses VALUES(22,4,8,'confirmed','','2026-06-06 21:06:07',NULL);
INSERT INTO game_responses VALUES(22,11,14,'confirmed','','2026-06-07 06:00:20',NULL);
CREATE TABLE IF NOT EXISTS "member_club_functions" (
    member_id INTEGER NOT NULL REFERENCES members(id) ON DELETE CASCADE,
    function  TEXT    NOT NULL CHECK(function IN ('spieler','trainer','vorstand','vorstand_beisitzer','kassierer','sportliche_leitung')),
    PRIMARY KEY (member_id, function)
);
INSERT INTO member_club_functions VALUES(18,'trainer');
INSERT INTO member_club_functions VALUES(19,'trainer');
INSERT INTO member_club_functions VALUES(20,'vorstand');
INSERT INTO member_club_functions VALUES(5,'spieler');
INSERT INTO member_club_functions VALUES(7,'spieler');
INSERT INTO member_club_functions VALUES(15,'spieler');
INSERT INTO member_club_functions VALUES(14,'spieler');
INSERT INTO member_club_functions VALUES(16,'spieler');
INSERT INTO member_club_functions VALUES(17,'spieler');
INSERT INTO member_club_functions VALUES(1,'vorstand_beisitzer');
INSERT INTO member_club_functions VALUES(22,'vorstand');
INSERT INTO member_club_functions VALUES(24,'trainer');
INSERT INTO member_club_functions VALUES(25,'trainer');
INSERT INTO member_club_functions VALUES(25,'sportliche_leitung');
INSERT INTO member_club_functions VALUES(2,'sportliche_leitung');
INSERT INTO member_club_functions VALUES(2,'trainer');
INSERT INTO member_club_functions VALUES(29,'spieler');
INSERT INTO member_club_functions VALUES(28,'spieler');
INSERT INTO member_club_functions VALUES(60,'kassierer');
INSERT INTO member_club_functions VALUES(33,'spieler');
INSERT INTO member_club_functions VALUES(32,'spieler');
INSERT INTO member_club_functions VALUES(38,'spieler');
INSERT INTO member_club_functions VALUES(39,'spieler');
INSERT INTO member_club_functions VALUES(40,'spieler');
INSERT INTO member_club_functions VALUES(41,'spieler');
INSERT INTO member_club_functions VALUES(42,'spieler');
INSERT INTO member_club_functions VALUES(44,'spieler');
INSERT INTO member_club_functions VALUES(46,'spieler');
INSERT INTO member_club_functions VALUES(45,'spieler');
INSERT INTO member_club_functions VALUES(47,'spieler');
INSERT INTO member_club_functions VALUES(48,'spieler');
INSERT INTO member_club_functions VALUES(54,'spieler');
INSERT INTO member_club_functions VALUES(55,'spieler');
INSERT INTO member_club_functions VALUES(207,'trainer');
INSERT INTO member_club_functions VALUES(56,'spieler');
INSERT INTO member_club_functions VALUES(57,'spieler');
INSERT INTO member_club_functions VALUES(61,'spieler');
INSERT INTO member_club_functions VALUES(63,'spieler');
INSERT INTO member_club_functions VALUES(64,'spieler');
INSERT INTO member_club_functions VALUES(65,'spieler');
INSERT INTO member_club_functions VALUES(67,'spieler');
INSERT INTO member_club_functions VALUES(69,'spieler');
INSERT INTO member_club_functions VALUES(72,'spieler');
INSERT INTO member_club_functions VALUES(71,'spieler');
INSERT INTO member_club_functions VALUES(197,'trainer');
INSERT INTO member_club_functions VALUES(74,'spieler');
INSERT INTO member_club_functions VALUES(75,'spieler');
INSERT INTO member_club_functions VALUES(76,'spieler');
INSERT INTO member_club_functions VALUES(77,'spieler');
INSERT INTO member_club_functions VALUES(78,'spieler');
INSERT INTO member_club_functions VALUES(80,'spieler');
INSERT INTO member_club_functions VALUES(82,'spieler');
INSERT INTO member_club_functions VALUES(84,'spieler');
INSERT INTO member_club_functions VALUES(89,'spieler');
INSERT INTO member_club_functions VALUES(91,'spieler');
INSERT INTO member_club_functions VALUES(92,'spieler');
INSERT INTO member_club_functions VALUES(93,'spieler');
INSERT INTO member_club_functions VALUES(83,'spieler');
INSERT INTO member_club_functions VALUES(98,'spieler');
INSERT INTO member_club_functions VALUES(97,'spieler');
INSERT INTO member_club_functions VALUES(206,'trainer');
INSERT INTO member_club_functions VALUES(100,'spieler');
INSERT INTO member_club_functions VALUES(103,'spieler');
INSERT INTO member_club_functions VALUES(106,'spieler');
INSERT INTO member_club_functions VALUES(108,'spieler');
INSERT INTO member_club_functions VALUES(109,'spieler');
INSERT INTO member_club_functions VALUES(111,'spieler');
INSERT INTO member_club_functions VALUES(112,'spieler');
INSERT INTO member_club_functions VALUES(113,'spieler');
INSERT INTO member_club_functions VALUES(118,'spieler');
INSERT INTO member_club_functions VALUES(107,'spieler');
INSERT INTO member_club_functions VALUES(115,'spieler');
INSERT INTO member_club_functions VALUES(116,'spieler');
INSERT INTO member_club_functions VALUES(123,'spieler');
INSERT INTO member_club_functions VALUES(124,'spieler');
INSERT INTO member_club_functions VALUES(125,'spieler');
INSERT INTO member_club_functions VALUES(131,'spieler');
INSERT INTO member_club_functions VALUES(132,'spieler');
INSERT INTO member_club_functions VALUES(133,'spieler');
INSERT INTO member_club_functions VALUES(135,'trainer');
INSERT INTO member_club_functions VALUES(136,'spieler');
INSERT INTO member_club_functions VALUES(139,'spieler');
INSERT INTO member_club_functions VALUES(140,'spieler');
INSERT INTO member_club_functions VALUES(142,'spieler');
INSERT INTO member_club_functions VALUES(146,'spieler');
INSERT INTO member_club_functions VALUES(147,'spieler');
INSERT INTO member_club_functions VALUES(205,'trainer');
INSERT INTO member_club_functions VALUES(148,'spieler');
INSERT INTO member_club_functions VALUES(151,'spieler');
INSERT INTO member_club_functions VALUES(152,'spieler');
INSERT INTO member_club_functions VALUES(158,'spieler');
INSERT INTO member_club_functions VALUES(160,'spieler');
INSERT INTO member_club_functions VALUES(165,'spieler');
INSERT INTO member_club_functions VALUES(167,'spieler');
INSERT INTO member_club_functions VALUES(168,'spieler');
INSERT INTO member_club_functions VALUES(170,'spieler');
INSERT INTO member_club_functions VALUES(171,'spieler');
INSERT INTO member_club_functions VALUES(175,'spieler');
INSERT INTO member_club_functions VALUES(176,'spieler');
INSERT INTO member_club_functions VALUES(177,'spieler');
INSERT INTO member_club_functions VALUES(178,'spieler');
INSERT INTO member_club_functions VALUES(181,'spieler');
INSERT INTO member_club_functions VALUES(182,'spieler');
INSERT INTO member_club_functions VALUES(185,'spieler');
INSERT INTO member_club_functions VALUES(186,'spieler');
INSERT INTO member_club_functions VALUES(187,'spieler');
INSERT INTO member_club_functions VALUES(189,'spieler');
INSERT INTO member_club_functions VALUES(188,'spieler');
INSERT INTO member_club_functions VALUES(194,'spieler');
INSERT INTO member_club_functions VALUES(195,'spieler');
INSERT INTO member_club_functions VALUES(196,'spieler');
INSERT INTO member_club_functions VALUES(23,'trainer');
INSERT INTO member_club_functions VALUES(3,'spieler');
INSERT INTO member_club_functions VALUES(4,'spieler');
INSERT INTO member_club_functions VALUES(144,'spieler');
INSERT INTO member_club_functions VALUES(192,'spieler');
INSERT INTO member_club_functions VALUES(145,'spieler');
INSERT INTO member_club_functions VALUES(59,'spieler');
INSERT INTO member_club_functions VALUES(193,'spieler');
INSERT INTO member_club_functions VALUES(180,'spieler');
INSERT INTO member_club_functions VALUES(50,'spieler');
INSERT INTO member_club_functions VALUES(43,'spieler');
INSERT INTO member_club_functions VALUES(127,'spieler');
INSERT INTO member_club_functions VALUES(122,'spieler');
INSERT INTO member_club_functions VALUES(66,'spieler');
INSERT INTO member_club_functions VALUES(191,'spieler');
INSERT INTO member_club_functions VALUES(88,'spieler');
INSERT INTO member_club_functions VALUES(8,'spieler');
INSERT INTO member_club_functions VALUES(9,'spieler');
INSERT INTO member_club_functions VALUES(6,'spieler');
INSERT INTO member_club_functions VALUES(10,'spieler');
INSERT INTO member_club_functions VALUES(13,'spieler');
INSERT INTO member_club_functions VALUES(11,'spieler');
INSERT INTO member_club_functions VALUES(12,'spieler');
INSERT INTO member_club_functions VALUES(36,'spieler');
CREATE TABLE IF NOT EXISTS "members" (
    id                      INTEGER  PRIMARY KEY AUTOINCREMENT,
    first_name              TEXT     NOT NULL,
    last_name               TEXT     NOT NULL,
    date_of_birth           DATE,
    pass_number             TEXT     UNIQUE,
    jersey_number           INTEGER,
    position                TEXT,
    status                  TEXT     NOT NULL DEFAULT 'aktiv'
                            CHECK (status IN ('aktiv','verletzt','pausiert','ausgetreten','passiv','honorar')),
    user_id                 INTEGER  REFERENCES users(id) ON DELETE SET NULL,
    created_at              DATETIME NOT NULL DEFAULT CURRENT_TIMESTAMP,
    updated_at              DATETIME NOT NULL DEFAULT CURRENT_TIMESTAMP,
    member_number           TEXT,
    gender                  TEXT     NOT NULL DEFAULT 'u' CHECK (gender IN ('m','f','u')),
    street                  TEXT,
    zip                     TEXT,
    city                    TEXT,
    join_date               DATE,
    iban                    TEXT,
    photo_path              TEXT,
    photo_visible           INTEGER  NOT NULL DEFAULT 0,
    dsgvo_verarbeitung      INTEGER  NOT NULL DEFAULT 0,
    dsgvo_verarbeitung_date DATE,
    dsgvo_weitergabe        INTEGER  NOT NULL DEFAULT 0,
    dsgvo_weitergabe_date   DATE,
    sepa_mandat             INTEGER  NOT NULL DEFAULT 0,
    sepa_mandat_date        DATE,
    sepa_mandat_path        TEXT,
    account_holder          TEXT,
    welcome_email_sent_at   TEXT,
    home_club               TEXT
, phones_visible INTEGER NOT NULL DEFAULT 0, address_visible INTEGER NOT NULL DEFAULT 0, email_visible INTEGER NOT NULL DEFAULT 0, absences_public INTEGER NOT NULL DEFAULT 0);
INSERT INTO members VALUES(1,'Ulrich','Frank','1976-01-16',NULL,NULL,NULL,'aktiv',4,'2026-05-18 20:23:40','2026-06-05 12:47:30','278','m','Solitudestr. 84','70499','Stuttgart',NULL,'DE111111111111',NULL,0,0,NULL,0,NULL,0,NULL,NULL,NULL,'2026-05-31T16:33:44Z','Hbi',0,0,0,0);
INSERT INTO members VALUES(2,'Matthias','Baisch','1972-07-27',NULL,NULL,NULL,'aktiv',12,'2026-05-18 20:32:33','2026-06-04 17:27:44.229902411 +0000 UTC m=+786.935676373','2','m',NULL,NULL,NULL,NULL,NULL,NULL,0,0,NULL,0,NULL,0,NULL,NULL,NULL,'2026-06-03T21:35:59Z',NULL,0,0,0,0);
INSERT INTO members VALUES(3,'Jakob','Frank','2011-01-16',NULL,18,'Linksaußen','aktiv',5,'2026-05-18 21:51:30','2026-06-05 23:13:38.578950219 +0000 UTC m=+1233.031625273','167','m','Solitudestr. 84 B','70499','Stuttgart',NULL,NULL,'member-photos/d5925551-93b9-47e1-8381-dbe5a6097623.jpg',1,0,NULL,0,NULL,0,NULL,NULL,NULL,NULL,'TB Gaisburg',0,0,0,0);
INSERT INTO members VALUES(4,'Jannes','Frank','2013-12-18',NULL,73,'Rechtsaußen','aktiv',13,'2026-05-19 19:42:14','2026-06-07 11:11:54.026080949 +0000 UTC m=+2312.246149498','225','m','Solitudestr. 84 B','70499','Stuttgart',NULL,NULL,'member-photos/16c4c25f-b2db-4fc3-84b9-1d6c8dfd055c.jpg',1,0,NULL,0,NULL,0,NULL,NULL,NULL,NULL,'TB Gaisburg',0,0,0,0);
INSERT INTO members VALUES(5,'Luca Marco','Buric','2011-07-08',NULL,79,'Rechtsaußen,Kreisläufer,Linksaußen','aktiv',NULL,'2026-05-19 19:43:30','2026-05-31 16:27:28.786703888 +0000 UTC m=+95.582468361',NULL,'m',NULL,NULL,NULL,NULL,NULL,NULL,0,0,NULL,0,NULL,0,NULL,NULL,NULL,NULL,NULL,0,0,0,0);
INSERT INTO members VALUES(6,'Julian Sebastian','Albrecht','2011-11-26',NULL,11,'Rückraum Links','aktiv',NULL,'2026-05-19 19:46:37','2026-06-07 20:41:38.730845657 +0000 UTC m=+2598.271906049',NULL,'m',NULL,NULL,NULL,NULL,NULL,NULL,0,0,NULL,0,NULL,0,NULL,NULL,NULL,NULL,NULL,0,0,0,0);
INSERT INTO members VALUES(7,'Tristan','Herbst','2011-08-23',NULL,10,'Rückraum Links','aktiv',NULL,'2026-05-19 19:47:24','2026-05-31 16:28:21.504634827 +0000 UTC m=+148.300399320',NULL,'m',NULL,NULL,NULL,NULL,NULL,NULL,0,0,NULL,0,NULL,0,NULL,NULL,NULL,NULL,NULL,0,0,0,0);
INSERT INTO members VALUES(8,'Erik','Eisele','2011-03-02',NULL,15,'Kreisläufer','aktiv',NULL,'2026-05-19 19:47:52','2026-06-07 20:40:34.030364876 +0000 UTC m=+2533.571425279','140','m',NULL,NULL,NULL,NULL,NULL,NULL,0,0,NULL,0,NULL,0,NULL,NULL,NULL,NULL,'HSG Oberer Neckar',0,0,0,0);
INSERT INTO members VALUES(9,'Fabian','Stiehl','2011-01-19',NULL,61,'Rückraum Rechts','aktiv',NULL,'2026-05-19 19:48:43','2026-06-07 20:41:17.244786603 +0000 UTC m=+2576.785847006','230','m',NULL,NULL,NULL,NULL,NULL,NULL,0,0,NULL,0,NULL,0,NULL,NULL,NULL,NULL,'SKG Gablenberg',0,0,0,0);
INSERT INTO members VALUES(10,'Felix','Jäger','2011-07-05',NULL,8,'Rückraum Rechts','aktiv',NULL,'2026-05-19 19:50:25','2026-06-07 20:42:13.174551323 +0000 UTC m=+2632.715611696',NULL,'m',NULL,NULL,NULL,NULL,NULL,NULL,0,0,NULL,0,NULL,0,NULL,NULL,NULL,NULL,NULL,0,0,0,0);
INSERT INTO members VALUES(11,'Julian','Bader','2011-07-11',NULL,40,'Rückraum Mitte','aktiv',15,'2026-05-19 19:51:07','2026-06-07 20:44:43.986690857 +0000 UTC m=+2783.527751249','172','m','Deidesheimer Strasse 46','70499','Stuttgart',NULL,NULL,NULL,0,0,NULL,0,NULL,0,NULL,NULL,NULL,NULL,'TB Gaisburg',0,0,0,0);
INSERT INTO members VALUES(12,'Justus','Weigel','2011-08-11',NULL,17,'Torwart','aktiv',NULL,'2026-05-19 19:51:42','2026-06-07 20:45:53.814888672 +0000 UTC m=+2853.355949044','180','m',NULL,NULL,NULL,NULL,NULL,NULL,0,0,NULL,0,NULL,0,NULL,NULL,NULL,NULL,'TB Gaisburg',0,0,0,0);
INSERT INTO members VALUES(13,'Lias','Steinle','2011-05-29',NULL,5,'Rückraum Mitte','aktiv',NULL,'2026-05-19 19:52:07','2026-06-07 20:43:10.089236387 +0000 UTC m=+2689.630296769',NULL,'m','Pflasteräckerstraße 63','70186','Stuttgart',NULL,NULL,'member-photos/e6c14e20-c486-45e5-9a3f-e20e1c7888c3.jpeg',0,0,NULL,0,NULL,0,NULL,NULL,NULL,NULL,NULL,0,0,0,0);
INSERT INTO members VALUES(14,'Theo','Lindner','2011-11-06',NULL,23,'Linksaußen,Rechtsaußen','aktiv',NULL,'2026-05-19 19:52:52','2026-06-05 12:47:30','177','m',NULL,NULL,NULL,NULL,NULL,NULL,0,0,NULL,0,NULL,0,NULL,NULL,NULL,NULL,'HSG Cannstatt',0,0,0,0);
INSERT INTO members VALUES(15,'Philip','Leiser','2011-09-27',NULL,92,'Torwart','aktiv',NULL,'2026-05-19 19:53:27','2026-05-31 16:28:42.489558323 +0000 UTC m=+169.285322826',NULL,'m',NULL,NULL,NULL,NULL,NULL,NULL,0,0,NULL,0,NULL,0,NULL,NULL,NULL,NULL,NULL,0,0,0,0);
INSERT INTO members VALUES(16,'Paul','Mosnier-Thoumas','2011-12-08',NULL,37,'Rechtsaußen,Linksaußen,Kreisläufer,Rückraum Mitte,Torwart','aktiv',NULL,'2026-05-19 19:54:39','2026-06-05 12:47:30','168','m',NULL,NULL,NULL,NULL,NULL,NULL,0,0,NULL,0,NULL,0,NULL,NULL,NULL,NULL,'TB Gaisburg',0,0,0,0);
INSERT INTO members VALUES(17,'Clemens','Wittmann','2011-06-27',NULL,2,'Kreisläufer','aktiv',NULL,'2026-05-19 19:55:23','2026-05-31 16:30:20.191569754 +0000 UTC m=+266.987334227',NULL,'m',NULL,NULL,NULL,NULL,NULL,NULL,0,0,NULL,0,NULL,0,NULL,NULL,NULL,NULL,NULL,0,0,0,0);
INSERT INTO members VALUES(18,'Brigitte','Billner',NULL,NULL,NULL,NULL,'passiv',19,'2026-05-19 19:56:39','2026-05-20 17:14:41',NULL,'f',NULL,NULL,NULL,NULL,NULL,NULL,0,0,NULL,0,NULL,0,NULL,NULL,NULL,NULL,NULL,0,0,0,0);
INSERT INTO members VALUES(19,'Florian ','Steinle',NULL,NULL,NULL,NULL,'passiv',11,'2026-05-19 19:57:22','2026-05-27 17:51:16.213810331 +0000 UTC m=+245777.883154686',NULL,'m','','','',NULL,NULL,NULL,0,0,NULL,0,NULL,0,NULL,NULL,NULL,NULL,NULL,0,0,0,0);
INSERT INTO members VALUES(20,'Denise','Manz','1984-07-24',NULL,NULL,NULL,'aktiv',6,'2026-05-20 17:41:03','2026-06-02 18:32:30.531333185 +0000 UTC m=+10959.109429633',NULL,'f','','','',NULL,NULL,NULL,0,0,NULL,0,NULL,0,NULL,NULL,NULL,'2026-06-02T18:32:35Z',NULL,0,0,0,0);
INSERT INTO members VALUES(22,'Marko','Baisch','1970-06-19',NULL,NULL,NULL,'aktiv',10,'2026-05-24 16:21:38','2026-06-03 11:37:28.140248124 +0000 UTC m=+7937.585203421',NULL,'u',NULL,NULL,NULL,NULL,NULL,NULL,0,0,NULL,0,NULL,0,NULL,NULL,NULL,NULL,NULL,0,0,0,0);
INSERT INTO members VALUES(23,'Jannik','Österle',NULL,NULL,NULL,NULL,'aktiv',NULL,'2026-06-02 06:45:35','2026-06-05 16:12:49.785685532 +0000 UTC m=+608.084626002',NULL,'u',NULL,NULL,NULL,NULL,NULL,NULL,0,0,NULL,0,NULL,0,NULL,NULL,NULL,NULL,NULL,0,0,0,0);
INSERT INTO members VALUES(24,'Lion','Haase',NULL,NULL,NULL,NULL,'passiv',NULL,'2026-06-03 22:01:43','2026-06-03 22:03:47.779071312 +0000 UTC m=+1456.732877397',NULL,'u',NULL,NULL,NULL,NULL,NULL,NULL,0,0,NULL,0,NULL,0,NULL,NULL,NULL,NULL,NULL,0,0,0,0);
INSERT INTO members VALUES(25,'Götz-Bernhard','Haase','1967-12-06',NULL,NULL,NULL,'aktiv',NULL,'2026-06-03 22:02:35','2026-06-04 17:22:45.881625859 +0000 UTC m=+488.587399801',NULL,'u',NULL,NULL,NULL,NULL,NULL,NULL,0,0,NULL,0,NULL,0,NULL,NULL,NULL,NULL,NULL,0,0,0,0);
INSERT INTO members VALUES(28,'Emma','Albrecht','2011-12-21',NULL,NULL,NULL,'aktiv',NULL,'2026-06-05 12:47:30','2026-06-05 13:59:57.19947084 +0000 UTC m=+283.185172793','203','f',NULL,NULL,NULL,NULL,NULL,NULL,0,0,NULL,0,NULL,0,NULL,NULL,NULL,NULL,'TB Gaisburg',0,0,0,0);
INSERT INTO members VALUES(29,'Benjamin','Albrecht','2014-03-31',NULL,NULL,NULL,'aktiv',NULL,'2026-06-05 12:47:30','2026-06-05 13:59:21.011157826 +0000 UTC m=+246.996859769','262','m',NULL,NULL,NULL,NULL,NULL,NULL,0,0,NULL,0,NULL,0,NULL,NULL,NULL,NULL,'TB Gaisburg',0,0,0,0);
INSERT INTO members VALUES(30,'Ehizogie','Aramude','2010-05-09',NULL,NULL,NULL,'passiv',NULL,'2026-06-05 12:47:30','2026-06-05 12:47:30','144','m',NULL,NULL,NULL,NULL,NULL,NULL,0,0,NULL,0,NULL,0,NULL,NULL,NULL,NULL,'HSG Cannstatt',0,0,0,0);
INSERT INTO members VALUES(32,'Leopold','Baisch','2009-11-26',NULL,NULL,NULL,'aktiv',NULL,'2026-06-05 12:47:30','2026-06-05 15:44:39.875521454 +0000 UTC m=+1125.623375123','101','m',NULL,NULL,NULL,NULL,NULL,NULL,0,0,NULL,0,NULL,0,NULL,NULL,NULL,NULL,'SK Stuttgart',0,0,0,0);
INSERT INTO members VALUES(33,'Jakob','Baisch','2010-07-10',NULL,NULL,NULL,'aktiv',NULL,'2026-06-05 12:47:30','2026-06-05 15:43:50.675771442 +0000 UTC m=+1076.423625121','125','m',NULL,NULL,NULL,NULL,NULL,NULL,0,0,NULL,0,NULL,0,NULL,NULL,NULL,NULL,'SK Stuttgart',0,0,0,0);
INSERT INTO members VALUES(35,'Maxim','Balatskiy','2008-02-19',NULL,NULL,NULL,'passiv',NULL,'2026-06-05 12:47:30','2026-06-05 12:47:30','132','m',NULL,NULL,NULL,NULL,NULL,NULL,0,0,NULL,0,NULL,0,NULL,NULL,NULL,NULL,'Flüchtling',0,0,0,0);
INSERT INTO members VALUES(36,'Jörn','Baumüller','2011-05-06',NULL,26,NULL,'aktiv',NULL,'2026-06-05 12:47:30','2026-06-07 20:46:23.679245552 +0000 UTC m=+2883.220305935','189','m',NULL,NULL,NULL,NULL,NULL,NULL,0,0,NULL,0,NULL,0,NULL,NULL,NULL,NULL,'HsG GaGa',0,0,0,0);
INSERT INTO members VALUES(37,'Gregor','Behrendsen','2007-08-01',NULL,NULL,NULL,'ausgetreten',NULL,'2026-06-05 12:47:30','2026-06-05 12:47:30','89','u',NULL,NULL,NULL,NULL,NULL,NULL,0,0,NULL,0,NULL,0,NULL,NULL,NULL,NULL,'SkG',0,0,0,0);
INSERT INTO members VALUES(38,'Tim','Bidell','2009-10-01',NULL,NULL,NULL,'aktiv',NULL,'2026-06-05 12:47:30','2026-06-05 15:44:55.66834705 +0000 UTC m=+1141.416200719','238','m',NULL,NULL,NULL,NULL,NULL,NULL,0,0,NULL,0,NULL,0,NULL,NULL,NULL,NULL,'HSG Cannstatt',0,0,0,0);
INSERT INTO members VALUES(39,'David','Bieler','2010-01-05',NULL,NULL,NULL,'aktiv',NULL,'2026-06-05 12:47:30','2026-06-05 15:45:17.417640916 +0000 UTC m=+1163.165494585','157','m',NULL,NULL,NULL,NULL,NULL,NULL,0,0,NULL,0,NULL,0,NULL,NULL,NULL,NULL,'TB Gaisburg',0,0,0,0);
INSERT INTO members VALUES(40,'Lena','Bifulco','2013-04-14',NULL,NULL,NULL,'aktiv',NULL,'2026-06-05 12:47:30','2026-06-05 15:45:25.868056919 +0000 UTC m=+1171.615910598','279','f',NULL,NULL,NULL,NULL,NULL,NULL,0,0,NULL,0,NULL,0,NULL,NULL,NULL,NULL,'ON',0,0,0,0);
INSERT INTO members VALUES(41,'Samuel','Birkle','2010-08-01',NULL,NULL,NULL,'aktiv',NULL,'2026-06-05 12:47:30','2026-06-05 15:45:35.843276502 +0000 UTC m=+1181.591130191','248','m',NULL,NULL,NULL,NULL,NULL,NULL,0,0,NULL,0,NULL,0,NULL,NULL,NULL,NULL,'TB Untertürkheim',0,0,0,0);
INSERT INTO members VALUES(42,'Maxim','Bitz','2014-01-28',NULL,NULL,NULL,'aktiv',NULL,'2026-06-05 12:47:30','2026-06-05 15:45:44.185208666 +0000 UTC m=+1189.933062335','268','m',NULL,NULL,NULL,NULL,NULL,NULL,0,0,NULL,0,NULL,0,NULL,NULL,NULL,NULL,'TV Cannstatt',0,0,0,0);
INSERT INTO members VALUES(43,'Maximilian','Blanz','2013-10-08',NULL,43,NULL,'aktiv',NULL,'2026-06-05 12:47:30','2026-06-07 11:14:56.855069517 +0000 UTC m=+2495.075138066','219','m',NULL,NULL,NULL,NULL,NULL,NULL,0,0,NULL,0,NULL,0,NULL,NULL,NULL,NULL,'Spvgg Canstatt',0,0,0,0);
INSERT INTO members VALUES(44,'Ben','Blocher','2014-06-11',NULL,NULL,NULL,'aktiv',NULL,'2026-06-05 12:47:30','2026-06-05 15:46:00.361610644 +0000 UTC m=+1206.109464323','265','m',NULL,NULL,NULL,NULL,NULL,NULL,0,0,NULL,0,NULL,0,NULL,NULL,NULL,NULL,'TB Gaisburg',0,0,0,0);
INSERT INTO members VALUES(45,'Leonard','Blum','2010-05-30',NULL,NULL,NULL,'aktiv',NULL,'2026-06-05 12:47:30','2026-06-05 15:46:18.31400251 +0000 UTC m=+1224.061856179','173','m',NULL,NULL,NULL,NULL,NULL,NULL,0,0,NULL,0,NULL,0,NULL,NULL,NULL,NULL,'Spvgg Canstatt',0,0,0,0);
INSERT INTO members VALUES(46,'Aaron','Blum','2012-08-30',NULL,NULL,NULL,'aktiv',NULL,'2026-06-05 12:47:30','2026-06-05 15:46:06.898176347 +0000 UTC m=+1212.646030016','282','m',NULL,NULL,NULL,NULL,NULL,NULL,0,0,NULL,0,NULL,0,NULL,NULL,NULL,NULL,'Spvgg Cannstatt',0,0,0,0);
INSERT INTO members VALUES(47,'Linus','Bohnert','2009-12-29',NULL,NULL,NULL,'aktiv',NULL,'2026-06-05 12:47:30','2026-06-05 15:46:44.729510145 +0000 UTC m=+1250.477363824','273','m',NULL,NULL,NULL,NULL,NULL,NULL,0,0,NULL,0,NULL,0,NULL,NULL,NULL,NULL,'TB Untertürkheim',0,0,0,0);
INSERT INTO members VALUES(48,'Jule','Braun','2012-07-25',NULL,NULL,NULL,'aktiv',NULL,'2026-06-05 12:47:30','2026-06-05 15:46:58.970740726 +0000 UTC m=+1264.718594395','245','f',NULL,NULL,NULL,NULL,NULL,NULL,0,0,NULL,0,NULL,0,NULL,NULL,NULL,NULL,'HSG Oberer Neckar',0,0,0,0);
INSERT INTO members VALUES(49,'Patrick','Bühler','1965-04-27',NULL,NULL,NULL,'aktiv',NULL,'2026-06-05 12:47:30','2026-06-05 12:47:30','10','m',NULL,NULL,NULL,NULL,NULL,NULL,0,0,NULL,0,NULL,0,NULL,NULL,NULL,NULL,'HSV Zuffenhausen',0,0,0,0);
INSERT INTO members VALUES(50,'Mats','Bühler','2013-01-31',NULL,31,NULL,'aktiv',NULL,'2026-06-05 12:47:30','2026-06-07 11:14:43.96680716 +0000 UTC m=+2482.186875709','218','m',NULL,NULL,NULL,NULL,NULL,NULL,0,0,NULL,0,NULL,0,NULL,NULL,NULL,NULL,'HSG Oberer Neckar',0,0,0,0);
INSERT INTO members VALUES(51,'Dominik','Burgi','2007-03-27',NULL,NULL,NULL,'ausgetreten',NULL,'2026-06-05 12:47:30','2026-06-05 12:47:30','126','m',NULL,NULL,NULL,NULL,NULL,NULL,0,0,NULL,0,NULL,0,NULL,NULL,NULL,NULL,'TuS Stuttgart',0,0,0,0);
INSERT INTO members VALUES(53,'Aaron','Burkert','2007-09-13',NULL,NULL,NULL,'aktiv',NULL,'2026-06-05 12:47:30','2026-06-05 12:47:30','127','m',NULL,NULL,NULL,NULL,NULL,NULL,0,0,NULL,0,NULL,0,NULL,NULL,NULL,NULL,'Fellbach',0,0,0,0);
INSERT INTO members VALUES(54,'Lasse','Dalferth','2010-03-19',NULL,NULL,NULL,'aktiv',NULL,'2026-06-05 12:47:30','2026-06-05 15:48:15.090590871 +0000 UTC m=+1340.838444560','193','m',NULL,NULL,NULL,NULL,NULL,NULL,0,0,NULL,0,NULL,0,NULL,NULL,NULL,NULL,'SK Stuttgart',0,0,0,0);
INSERT INTO members VALUES(55,'Lukas','Diehl','2012-05-06',NULL,NULL,NULL,'aktiv',NULL,'2026-06-05 12:47:30','2026-06-05 15:48:33.607314091 +0000 UTC m=+1359.355167760','235','m',NULL,NULL,NULL,NULL,NULL,NULL,0,0,NULL,0,NULL,0,NULL,NULL,NULL,NULL,'HSG Cannstatt',0,0,0,0);
INSERT INTO members VALUES(56,'Fabian','Diekmann','2010-02-17',NULL,NULL,NULL,'aktiv',NULL,'2026-06-05 12:47:30','2026-06-05 15:49:10.450539018 +0000 UTC m=+1396.198392698','181','m',NULL,NULL,NULL,NULL,NULL,NULL,0,0,NULL,0,NULL,0,NULL,NULL,NULL,NULL,'SK Stuttgart',0,0,0,0);
INSERT INTO members VALUES(57,'Paul','Ebermann','2014-10-10',NULL,NULL,NULL,'aktiv',NULL,'2026-06-05 12:47:30','2026-06-05 15:49:21.327586731 +0000 UTC m=+1407.075440400','270','m',NULL,NULL,NULL,NULL,NULL,NULL,0,0,NULL,0,NULL,0,NULL,NULL,NULL,NULL,'SK Stuttgart',0,0,0,0);
INSERT INTO members VALUES(58,'Leon Paul','Eholzer','2009-10-30',NULL,NULL,NULL,'ausgetreten',NULL,'2026-06-05 12:47:30','2026-06-05 12:47:30','105','u',NULL,NULL,NULL,NULL,NULL,NULL,0,0,NULL,0,NULL,0,NULL,NULL,NULL,NULL,'Hbi W/F',0,0,0,0);
INSERT INTO members VALUES(59,'Enno','Eich','2014-10-08',NULL,70,NULL,'aktiv',NULL,'2026-06-05 12:47:30','2026-06-07 11:13:58.642120413 +0000 UTC m=+2436.862188942','243','m',NULL,NULL,NULL,NULL,NULL,NULL,0,0,NULL,0,NULL,0,NULL,NULL,NULL,NULL,'Ca-Mü-Max',0,0,0,0);
INSERT INTO members VALUES(60,'Thomas','Eisele','1967-07-27',NULL,NULL,NULL,'passiv',NULL,'2026-06-05 12:47:30','2026-06-05 14:00:29.543317611 +0000 UTC m=+315.529019534','194','m',NULL,NULL,NULL,NULL,NULL,NULL,0,0,NULL,0,NULL,0,NULL,NULL,NULL,NULL,NULL,0,0,0,0);
INSERT INTO members VALUES(61,'Yann','Ettling','2010-03-15',NULL,NULL,NULL,'aktiv',NULL,'2026-06-05 12:47:30','2026-06-05 15:50:08.509835163 +0000 UTC m=+1454.257688842','142','m',NULL,NULL,NULL,NULL,NULL,NULL,0,0,NULL,0,NULL,0,NULL,NULL,NULL,NULL,'HSG Oberer Neckar',0,0,0,0);
INSERT INTO members VALUES(62,'Jonah','Faber','2007-07-16',NULL,NULL,NULL,'aktiv',NULL,'2026-06-05 12:47:30','2026-06-05 12:47:30','88','m',NULL,NULL,NULL,NULL,NULL,NULL,0,0,NULL,0,NULL,0,NULL,NULL,NULL,NULL,'TB Gaisburg',0,0,0,0);
INSERT INTO members VALUES(63,'Sophie','Faber','2012-10-14',NULL,NULL,NULL,'aktiv',NULL,'2026-06-05 12:47:30','2026-06-05 15:50:26.317783065 +0000 UTC m=+1472.065636734','246','f',NULL,NULL,NULL,NULL,NULL,NULL,0,0,NULL,0,NULL,0,NULL,NULL,NULL,NULL,'HSG Oberer Neckar',0,0,0,0);
INSERT INTO members VALUES(64,'Jonah','Fink','2012-10-08',NULL,NULL,NULL,'aktiv',NULL,'2026-06-05 12:47:30','2026-06-05 15:50:41.106070293 +0000 UTC m=+1486.853923982','240','m',NULL,NULL,NULL,NULL,NULL,NULL,0,0,NULL,0,NULL,0,NULL,NULL,NULL,NULL,'TB Untertürkheim',0,0,0,0);
INSERT INTO members VALUES(65,'Keno','Fink','2015-12-18',NULL,NULL,NULL,'aktiv',NULL,'2026-06-05 12:47:30','2026-06-05 15:51:07.000957447 +0000 UTC m=+1512.748811117','269','m',NULL,NULL,NULL,NULL,NULL,NULL,0,0,NULL,0,NULL,0,NULL,NULL,NULL,NULL,'TB Untertürkheim',0,0,0,0);
INSERT INTO members VALUES(66,'Peter','Fischer','2014-02-25',NULL,98,'Torwart','aktiv',NULL,'2026-06-05 12:47:30','2026-06-07 11:15:48.88461909 +0000 UTC m=+2547.104687619','239','m',NULL,NULL,NULL,NULL,NULL,NULL,0,0,NULL,0,NULL,0,NULL,NULL,NULL,NULL,'TV Cannstatt',0,0,0,0);
INSERT INTO members VALUES(67,'Lia','Fodor','2013-08-29',NULL,NULL,NULL,'aktiv',NULL,'2026-06-05 12:47:30','2026-06-05 15:51:34.834602365 +0000 UTC m=+1540.582456034','252','f',NULL,NULL,NULL,NULL,NULL,NULL,0,0,NULL,0,NULL,0,NULL,NULL,NULL,NULL,'TB Untertürkheim',0,0,0,0);
INSERT INTO members VALUES(68,'Harry','Förster','1961-01-02',NULL,NULL,NULL,'ausgetreten',NULL,'2026-06-05 12:47:30','2026-06-05 12:47:30','9','m',NULL,NULL,NULL,NULL,NULL,NULL,0,0,NULL,0,NULL,0,NULL,NULL,NULL,NULL,'HSV Zuffenhausen',0,0,0,0);
INSERT INTO members VALUES(69,'Robin','Frank','2008-08-25',NULL,NULL,NULL,'aktiv',NULL,'2026-06-05 12:47:30','2026-06-05 15:52:00.382661749 +0000 UTC m=+1566.130515418','121','m',NULL,NULL,NULL,NULL,NULL,NULL,0,0,NULL,0,NULL,0,NULL,NULL,NULL,NULL,NULL,0,0,0,0);
INSERT INTO members VALUES(70,'Tom Owen','Frasch','2008-01-30',NULL,NULL,NULL,'passiv',NULL,'2026-06-05 12:47:30','2026-06-05 15:53:02.547250424 +0000 UTC m=+1628.295104093','186','m',NULL,NULL,NULL,NULL,NULL,NULL,0,0,NULL,0,NULL,0,NULL,NULL,NULL,NULL,'TSV Münster',0,0,0,0);
INSERT INTO members VALUES(71,'Marvin','Frech','2009-07-04',NULL,NULL,NULL,'aktiv',NULL,'2026-06-05 12:47:30','2026-06-05 15:53:33.411075015 +0000 UTC m=+1659.158928725','104','m',NULL,NULL,NULL,NULL,NULL,NULL,0,0,NULL,0,NULL,0,NULL,NULL,NULL,NULL,'SK Stuttgart',0,0,0,0);
INSERT INTO members VALUES(72,'Hugo','Frech','2010-09-08',NULL,NULL,NULL,'aktiv',NULL,'2026-06-05 12:47:30','2026-06-05 15:53:20.410605493 +0000 UTC m=+1646.158459162','154','m',NULL,NULL,NULL,NULL,NULL,NULL,0,0,NULL,0,NULL,0,NULL,NULL,NULL,NULL,'HSG Oberer Neckar',0,0,0,0);
INSERT INTO members VALUES(73,'Levin','Frey','2007-02-19',NULL,NULL,NULL,'aktiv',NULL,'2026-06-05 12:47:30','2026-06-05 12:47:30','190','m',NULL,NULL,NULL,NULL,NULL,NULL,0,0,NULL,0,NULL,0,NULL,NULL,NULL,NULL,'TV Cannstatt',0,0,0,0);
INSERT INTO members VALUES(74,'Nele','Goldbach','2012-03-12',NULL,NULL,NULL,'aktiv',NULL,'2026-06-05 12:47:30','2026-06-05 15:54:01.167505575 +0000 UTC m=+1686.915359544','253','f',NULL,NULL,NULL,NULL,NULL,NULL,0,0,NULL,0,NULL,0,NULL,NULL,NULL,NULL,'TV Obertürkheim',0,0,0,0);
INSERT INTO members VALUES(75,'Luca Jannick','Graf','2012-08-05',NULL,NULL,NULL,'aktiv',NULL,'2026-06-05 12:47:30','2026-06-05 15:54:14.755908696 +0000 UTC m=+1700.503762395','231','m',NULL,NULL,NULL,NULL,NULL,NULL,0,0,NULL,0,NULL,0,NULL,NULL,NULL,NULL,'TB Gaisburg',0,0,0,0);
INSERT INTO members VALUES(76,'Philipp','Grettenberger','2009-05-30',NULL,NULL,NULL,'aktiv',NULL,'2026-06-05 12:47:30','2026-06-05 15:54:27.682126643 +0000 UTC m=+1713.429980312','183','m',NULL,NULL,NULL,NULL,NULL,NULL,0,0,NULL,0,NULL,0,NULL,NULL,NULL,NULL,'TB Untertürkheim',0,0,0,0);
INSERT INTO members VALUES(77,'Lena','Groh','2014-04-12',NULL,NULL,NULL,'aktiv',NULL,'2026-06-05 12:47:30','2026-06-05 15:54:36.394164141 +0000 UTC m=+1722.142017810','254','f',NULL,NULL,NULL,NULL,NULL,NULL,0,0,NULL,0,NULL,0,NULL,NULL,NULL,NULL,'SKG Gablenberg',0,0,0,0);
INSERT INTO members VALUES(78,'Mika','Gutsche','2010-04-01',NULL,NULL,NULL,'aktiv',NULL,'2026-06-05 12:47:30','2026-06-05 15:54:50.183935512 +0000 UTC m=+1735.931789201','159','m',NULL,NULL,NULL,NULL,NULL,NULL,0,0,NULL,0,NULL,0,NULL,NULL,NULL,NULL,'TB Untertürkheim',0,0,0,0);
INSERT INTO members VALUES(79,'Matthias','Gysin','1975-10-11',NULL,NULL,NULL,'ausgetreten',NULL,'2026-06-05 12:47:30','2026-06-05 12:47:30','14','m',NULL,NULL,NULL,NULL,NULL,NULL,0,0,NULL,0,NULL,0,NULL,NULL,NULL,NULL,NULL,0,0,0,0);
INSERT INTO members VALUES(80,'Emilia','Haag','2012-05-25',NULL,NULL,NULL,'aktiv',NULL,'2026-06-05 12:47:30','2026-06-05 15:55:00.097567403 +0000 UTC m=+1745.845421092','251','f',NULL,NULL,NULL,NULL,NULL,NULL,0,0,NULL,0,NULL,0,NULL,NULL,NULL,NULL,'SK Stuttgart',0,0,0,0);
INSERT INTO members VALUES(82,'Benjamin','Haug','2013-08-04',NULL,NULL,NULL,'aktiv',NULL,'2026-06-05 12:47:30','2026-06-05 15:55:30.975725551 +0000 UTC m=+1776.723579220','272','m',NULL,NULL,NULL,NULL,NULL,NULL,0,0,NULL,0,NULL,0,NULL,NULL,NULL,NULL,'TB Gaisburg',0,0,0,0);
INSERT INTO members VALUES(83,'Greta Katharina','Häußler','2012-09-19',NULL,NULL,NULL,'aktiv',NULL,'2026-06-05 12:47:30','2026-06-05 15:56:58.950167966 +0000 UTC m=+1864.698021635','244','f',NULL,NULL,NULL,NULL,NULL,NULL,0,0,NULL,0,NULL,0,NULL,NULL,NULL,NULL,'TB Gaisburg',0,0,0,0);
INSERT INTO members VALUES(84,'Ellen','Haverland','2010-04-08',NULL,NULL,NULL,'aktiv',NULL,'2026-06-05 12:47:30','2026-06-05 15:55:41.441850163 +0000 UTC m=+1787.189703862','198','f',NULL,NULL,NULL,NULL,NULL,NULL,0,0,NULL,0,NULL,0,NULL,NULL,NULL,NULL,'SK Stuttgart',0,0,0,0);
INSERT INTO members VALUES(85,'Daniel','Heeb','2008-07-09',NULL,NULL,NULL,'ausgetreten',NULL,'2026-06-05 12:47:30','2026-06-05 12:47:30','166','m',NULL,NULL,NULL,NULL,NULL,NULL,0,0,NULL,0,NULL,0,NULL,NULL,NULL,NULL,'SV Stgt Kickers',0,0,0,0);
INSERT INTO members VALUES(86,'Silja','Hees','2011-11-10',NULL,NULL,NULL,'ausgetreten',NULL,'2026-06-05 12:47:30','2026-06-05 12:47:30','204','f',NULL,NULL,NULL,NULL,NULL,NULL,0,0,NULL,0,NULL,0,NULL,NULL,NULL,NULL,'TB Gaisburg',0,0,0,0);
INSERT INTO members VALUES(88,'Samson','Herbst','2013-08-20',NULL,69,NULL,'aktiv',NULL,'2026-06-05 12:47:30','2026-06-07 11:16:13.408772138 +0000 UTC m=+2571.628840657','227','m',NULL,NULL,NULL,NULL,NULL,NULL,0,0,NULL,0,NULL,0,NULL,NULL,NULL,NULL,'TB Gaisburg',0,0,0,0);
INSERT INTO members VALUES(89,'David','Herre','2010-08-31',NULL,NULL,NULL,'aktiv',NULL,'2026-06-05 12:47:30','2026-06-05 15:56:10.062702788 +0000 UTC m=+1815.810556457','141','m',NULL,NULL,NULL,NULL,NULL,NULL,0,0,NULL,0,NULL,0,NULL,NULL,NULL,NULL,'HSG Oberer Neckar',0,0,0,0);
INSERT INTO members VALUES(90,'Maximilian Jona','Herrmann','2007-06-28',NULL,NULL,NULL,'ausgetreten',NULL,'2026-06-05 12:47:30','2026-06-05 12:47:30','77','m',NULL,NULL,NULL,NULL,NULL,NULL,0,0,NULL,0,NULL,0,NULL,NULL,NULL,NULL,'Hbi W/F',0,0,0,0);
INSERT INTO members VALUES(91,'Lino','Herz','2010-08-08',NULL,NULL,NULL,'aktiv',NULL,'2026-06-05 12:47:30','2026-06-05 15:56:22.969235947 +0000 UTC m=+1828.717089616','152','m',NULL,NULL,NULL,NULL,NULL,NULL,0,0,NULL,0,NULL,0,NULL,NULL,NULL,NULL,'SK Stuttgart',0,0,0,0);
INSERT INTO members VALUES(92,'Ole','Heuser','2010-05-21',NULL,NULL,NULL,'aktiv',NULL,'2026-06-05 12:47:30','2026-06-05 15:56:34.074998068 +0000 UTC m=+1839.822851737','136','m',NULL,NULL,NULL,NULL,NULL,NULL,0,0,NULL,0,NULL,0,NULL,NULL,NULL,NULL,'HSG Cannstatt',0,0,0,0);
INSERT INTO members VALUES(93,'Silvester','Hoen','2009-05-13',NULL,NULL,NULL,'aktiv',NULL,'2026-06-05 12:47:30','2026-06-05 15:56:44.370835339 +0000 UTC m=+1850.118689038','250','m',NULL,NULL,NULL,NULL,NULL,NULL,0,0,NULL,0,NULL,0,NULL,NULL,NULL,NULL,'TB Untertürkheim',0,0,0,0);
INSERT INTO members VALUES(94,'Finn','Holzinger','2010-09-23',NULL,NULL,NULL,'aktiv',NULL,'2026-06-05 12:47:30','2026-06-05 12:47:30','163','m',NULL,NULL,NULL,NULL,NULL,NULL,0,0,NULL,0,NULL,0,NULL,NULL,NULL,NULL,'Spvgg Canstatt',0,0,0,0);
INSERT INTO members VALUES(95,'Tom Owen','Hughes','2007-03-26',NULL,NULL,NULL,'aktiv',NULL,'2026-06-05 12:47:30','2026-06-05 12:47:30','128','m',NULL,NULL,NULL,NULL,NULL,NULL,0,0,NULL,0,NULL,0,NULL,NULL,NULL,NULL,'HeLi',0,0,0,0);
INSERT INTO members VALUES(97,'Janosch','Jäger','2015-11-23',NULL,NULL,NULL,'aktiv',NULL,'2026-06-05 12:47:30','2026-06-05 15:57:31.44947122 +0000 UTC m=+1897.197324919','259','m',NULL,NULL,NULL,NULL,NULL,NULL,0,0,NULL,0,NULL,0,NULL,NULL,NULL,NULL,'TB Gaisburg',0,0,0,0);
INSERT INTO members VALUES(98,'Benedikt','Jelen','2008-05-01',NULL,NULL,NULL,'aktiv',NULL,'2026-06-05 12:47:30','2026-06-05 15:57:09.965513519 +0000 UTC m=+1875.713367189','147','m',NULL,NULL,NULL,NULL,NULL,NULL,0,0,NULL,0,NULL,0,NULL,NULL,NULL,NULL,'Spvgg Canstatt',0,0,0,0);
INSERT INTO members VALUES(99,'Leon','Karle','2009-02-09',NULL,NULL,NULL,'ausgetreten',NULL,'2026-06-05 12:47:30','2026-06-05 12:47:30','191','m',NULL,NULL,NULL,NULL,NULL,NULL,0,0,NULL,0,NULL,0,NULL,NULL,NULL,NULL,'TB Untertürkheim',0,0,0,0);
INSERT INTO members VALUES(100,'Luzie','Kastner','2011-10-08',NULL,NULL,NULL,'aktiv',NULL,'2026-06-05 12:47:30','2026-06-05 15:57:50.181878276 +0000 UTC m=+1915.929731945','275','f',NULL,NULL,NULL,NULL,NULL,NULL,0,0,NULL,0,NULL,0,NULL,NULL,NULL,NULL,'SKG Gablenberg',0,0,0,0);
INSERT INTO members VALUES(101,'Fritz','Kazmaier','2010-02-19',NULL,NULL,NULL,'ausgetreten',NULL,'2026-06-05 12:47:30','2026-06-05 12:47:30','110','m',NULL,NULL,NULL,NULL,NULL,NULL,0,0,NULL,0,NULL,0,NULL,NULL,NULL,NULL,'TB Untertürkheim',0,0,0,0);
INSERT INTO members VALUES(102,'Dimitris','Kelesiadis','2008-02-14',NULL,NULL,NULL,'ausgetreten',NULL,'2026-06-05 12:47:30','2026-06-05 12:47:30','122','u',NULL,NULL,NULL,NULL,NULL,NULL,0,0,NULL,0,NULL,0,NULL,NULL,NULL,NULL,'Spvgg Canstatt',0,0,0,0);
INSERT INTO members VALUES(103,'Mats','Kiesel','2012-08-20',NULL,NULL,NULL,'aktiv',NULL,'2026-06-05 12:47:30','2026-06-05 15:58:07.842005128 +0000 UTC m=+1933.589858807','222','m',NULL,NULL,NULL,NULL,NULL,NULL,0,0,NULL,0,NULL,0,NULL,NULL,NULL,NULL,'HSG Oberer Neckar',0,0,0,0);
INSERT INTO members VALUES(104,'Lars','Klimke','2004-05-19',NULL,NULL,NULL,'aktiv',NULL,'2026-06-05 12:47:30','2026-06-05 12:47:30','95','m',NULL,NULL,NULL,NULL,NULL,NULL,0,0,NULL,0,NULL,0,NULL,NULL,NULL,NULL,'SK Stuttgart',0,0,0,0);
INSERT INTO members VALUES(105,'Frank','Köber','1965-02-23',NULL,NULL,NULL,'aktiv',NULL,'2026-06-05 12:47:30','2026-06-05 12:47:30','151','m',NULL,NULL,NULL,NULL,NULL,NULL,0,0,NULL,0,NULL,0,NULL,NULL,NULL,NULL,NULL,0,0,0,0);
INSERT INTO members VALUES(106,'Arne','Kohlschreiber','2010-03-27',NULL,NULL,NULL,'aktiv',NULL,'2026-06-05 12:47:30','2026-06-05 15:59:48.642110554 +0000 UTC m=+2034.389964223','153','m',NULL,NULL,NULL,NULL,NULL,NULL,0,0,NULL,0,NULL,0,NULL,NULL,NULL,NULL,'HSG Cannstatt',0,0,0,0);
INSERT INTO members VALUES(107,'Insa','Kölmel','2014-01-28',NULL,NULL,NULL,'aktiv',NULL,'2026-06-05 12:47:30','2026-06-05 16:01:22.077149364 +0000 UTC m=+2127.825003033','258','f',NULL,NULL,NULL,NULL,NULL,NULL,0,0,NULL,0,NULL,0,NULL,NULL,NULL,NULL,'TB Gaisburg',0,0,0,0);
INSERT INTO members VALUES(108,'Jonathan','Kopp','2012-05-11',NULL,NULL,NULL,'aktiv',NULL,'2026-06-05 12:47:30','2026-06-05 16:00:02.4577709 +0000 UTC m=+2048.205624599','224','m',NULL,NULL,NULL,NULL,NULL,NULL,0,0,NULL,0,NULL,0,NULL,NULL,NULL,NULL,'HSG Cannstatt',0,0,0,0);
INSERT INTO members VALUES(109,'Valerio','Koppany Gomez','2009-05-28',NULL,NULL,NULL,'aktiv',NULL,'2026-06-05 12:47:30','2026-06-05 16:00:12.423919852 +0000 UTC m=+2058.171773551','266','m',NULL,NULL,NULL,NULL,NULL,NULL,0,0,NULL,0,NULL,0,NULL,NULL,NULL,NULL,'SKG Gablenberg',0,0,0,0);
INSERT INTO members VALUES(110,'Sabrina','Kowatsch','1987-06-18',NULL,NULL,NULL,'ausgetreten',NULL,'2026-06-05 12:47:30','2026-06-05 12:47:30','72','f',NULL,NULL,NULL,NULL,NULL,NULL,0,0,NULL,0,NULL,0,NULL,NULL,NULL,NULL,NULL,0,0,0,0);
INSERT INTO members VALUES(111,'Jule','Kraske','2010-08-21',NULL,NULL,NULL,'aktiv',NULL,'2026-06-05 12:47:30','2026-06-05 16:00:26.824624354 +0000 UTC m=+2072.572478053','283','f',NULL,NULL,NULL,NULL,NULL,NULL,0,0,NULL,0,NULL,0,NULL,NULL,NULL,NULL,'TSV Münster',0,0,0,0);
INSERT INTO members VALUES(112,'Teresa','Kraus','2013-03-22',NULL,NULL,NULL,'aktiv',NULL,'2026-06-05 12:47:30','2026-06-05 16:00:38.332873876 +0000 UTC m=+2084.080727555','277','f',NULL,NULL,NULL,NULL,NULL,NULL,0,0,NULL,0,NULL,0,NULL,NULL,NULL,NULL,'TB Gaisburg',0,0,0,0);
INSERT INTO members VALUES(113,'Ole','Krauter','2008-05-05',NULL,NULL,NULL,'aktiv',NULL,'2026-06-05 12:47:30','2026-06-05 16:00:49.334780372 +0000 UTC m=+2095.082634061','169','m',NULL,NULL,NULL,NULL,NULL,NULL,0,0,NULL,0,NULL,0,NULL,NULL,NULL,NULL,'SK Stuttgart',0,0,0,0);
INSERT INTO members VALUES(114,'Louis','Krüger','2012-07-06',NULL,NULL,NULL,'ausgetreten',NULL,'2026-06-05 12:47:30','2026-06-05 12:47:30','223','u',NULL,NULL,NULL,NULL,NULL,NULL,0,0,NULL,0,NULL,0,NULL,NULL,NULL,NULL,'HSG Oberer Neckar',0,0,0,0);
INSERT INTO members VALUES(115,'Marwin','Kühnel','2008-03-25',NULL,NULL,NULL,'aktiv',NULL,'2026-06-05 12:47:30','2026-06-05 16:01:30.931280759 +0000 UTC m=+2136.679134458','124','m',NULL,NULL,NULL,NULL,NULL,NULL,0,0,NULL,0,NULL,0,NULL,NULL,NULL,NULL,'HSG Cannstatt',0,0,0,0);
INSERT INTO members VALUES(116,'Maili','Kühner','2011-08-31',NULL,NULL,NULL,'aktiv',NULL,'2026-06-05 12:47:30','2026-06-05 16:01:47.301126608 +0000 UTC m=+2153.048980287','256','f',NULL,NULL,NULL,NULL,NULL,NULL,0,0,NULL,0,NULL,0,NULL,NULL,NULL,NULL,'SKG Gablenberg',0,0,0,0);
INSERT INTO members VALUES(117,'Yasha','Kühner','2016-02-21',NULL,NULL,NULL,'aktiv',NULL,'2026-06-05 12:47:30','2026-06-05 12:47:30','257','m',NULL,NULL,NULL,NULL,NULL,NULL,0,0,NULL,0,NULL,0,NULL,NULL,NULL,NULL,'TB Untertürkheim',0,0,0,0);
INSERT INTO members VALUES(118,'Elsa','Kurtishaj','2013-01-01',NULL,NULL,NULL,'aktiv',NULL,'2026-06-05 12:47:30','2026-06-05 16:00:59.768876263 +0000 UTC m=+2105.516729942','280','f',NULL,NULL,NULL,NULL,NULL,NULL,0,0,NULL,0,NULL,0,NULL,NULL,NULL,NULL,'ON',0,0,0,0);
INSERT INTO members VALUES(119,'Mija','Kurtovic',NULL,NULL,NULL,NULL,'aktiv',NULL,'2026-06-05 12:47:30','2026-06-05 12:47:30','285','f',NULL,NULL,NULL,NULL,NULL,NULL,0,0,NULL,0,NULL,0,NULL,NULL,NULL,NULL,NULL,0,0,0,0);
INSERT INTO members VALUES(120,'Bastian','Laib','2006-07-15',NULL,NULL,NULL,'ausgetreten',NULL,'2026-06-05 12:47:30','2026-06-05 12:47:30','69','m',NULL,NULL,NULL,NULL,NULL,NULL,0,0,NULL,0,NULL,0,NULL,NULL,NULL,NULL,'Hbi W/F',0,0,0,0);
INSERT INTO members VALUES(122,'Otto Johann','Leistert','2013-01-21',NULL,38,NULL,'aktiv',NULL,'2026-06-05 12:47:30','2026-06-07 11:15:36.54403285 +0000 UTC m=+2534.764101379','220','m',NULL,NULL,NULL,NULL,NULL,NULL,0,0,NULL,0,NULL,0,NULL,NULL,NULL,NULL,'HSG Oberer Neckar',0,0,0,0);
INSERT INTO members VALUES(123,'Bastian','Leuze','2008-08-16',NULL,NULL,NULL,'aktiv',NULL,'2026-06-05 12:47:30','2026-06-05 16:02:29.785543037 +0000 UTC m=+2195.533396726','119','m',NULL,NULL,NULL,NULL,NULL,NULL,0,0,NULL,0,NULL,0,NULL,NULL,NULL,NULL,'Spvgg Canstatt',0,0,0,0);
INSERT INTO members VALUES(124,'Florian','Leuze','2010-07-17',NULL,NULL,NULL,'aktiv',NULL,'2026-06-05 12:47:30','2026-06-05 16:02:39.249242916 +0000 UTC m=+2204.997096595','249','m',NULL,NULL,NULL,NULL,NULL,NULL,0,0,NULL,0,NULL,0,NULL,NULL,NULL,NULL,'Ca-Mü-Max',0,0,0,0);
INSERT INTO members VALUES(125,'Maximilian','Ludwig','2013-12-23',NULL,NULL,NULL,'aktiv',NULL,'2026-06-05 12:47:30','2026-06-05 16:03:03.082170751 +0000 UTC m=+21.381111221','260','m',NULL,NULL,NULL,NULL,NULL,NULL,0,0,NULL,0,NULL,0,NULL,NULL,NULL,NULL,'TB Gaisburg',0,0,0,0);
INSERT INTO members VALUES(126,'Max','Maier','2005-03-24',NULL,NULL,NULL,'ausgetreten',NULL,'2026-06-05 12:47:30','2026-06-05 12:47:30','41','m',NULL,NULL,NULL,NULL,NULL,NULL,0,0,NULL,0,NULL,0,NULL,NULL,NULL,NULL,'SK Stuttgart',0,0,0,0);
INSERT INTO members VALUES(127,'Neo','Manz','2014-12-01',NULL,55,NULL,'aktiv',NULL,'2026-06-05 12:47:30','2026-06-07 11:15:16.697086011 +0000 UTC m=+2514.917154530','211','m','Hornbergstr. 188','70186','Stuttgart',NULL,NULL,NULL,0,0,NULL,0,NULL,0,NULL,NULL,NULL,NULL,'TB Gaisburg',0,0,0,0);
INSERT INTO members VALUES(129,'Heidi','Meier','1952-01-01',NULL,NULL,NULL,'aktiv',NULL,'2026-06-05 12:47:30','2026-06-05 12:47:30','3','f',NULL,NULL,NULL,NULL,NULL,NULL,0,0,NULL,0,NULL,0,NULL,NULL,NULL,NULL,'HSG Cannstatt',0,0,0,0);
INSERT INTO members VALUES(130,'Joel','Mekonnen','2007-11-21',NULL,NULL,NULL,'ausgetreten',NULL,'2026-06-05 12:47:30','2026-06-05 12:47:30','87','m',NULL,NULL,NULL,NULL,NULL,NULL,0,0,NULL,0,NULL,0,NULL,NULL,NULL,NULL,'HSG Cannstatt',0,0,0,0);
INSERT INTO members VALUES(131,'Luca','Mielenz','2009-03-15',NULL,NULL,NULL,'aktiv',NULL,'2026-06-05 12:47:30','2026-06-05 16:03:34.436318824 +0000 UTC m=+52.735259304','261','m',NULL,NULL,NULL,NULL,NULL,NULL,0,0,NULL,0,NULL,0,NULL,NULL,NULL,NULL,'SKG Gablenberg',0,0,0,0);
INSERT INTO members VALUES(132,'Ben Cedric','Miess','2008-01-20',NULL,NULL,NULL,'aktiv',NULL,'2026-06-05 12:47:30','2026-06-05 16:03:46.167124428 +0000 UTC m=+64.466064958','184','m',NULL,NULL,NULL,NULL,NULL,NULL,0,0,NULL,0,NULL,0,NULL,NULL,NULL,NULL,'TV Cannstatt',0,0,0,0);
INSERT INTO members VALUES(133,'Axel','Mosnier-Thoumas','2014-07-25',NULL,NULL,NULL,'aktiv',NULL,'2026-06-05 12:47:30','2026-06-05 16:03:59.878035467 +0000 UTC m=+78.176975967','264','m',NULL,NULL,NULL,NULL,NULL,NULL,0,0,NULL,0,NULL,0,NULL,NULL,NULL,NULL,'TB Gaisburg',0,0,0,0);
INSERT INTO members VALUES(134,'Rokko','Niedermair','2009-02-01',NULL,NULL,NULL,'ausgetreten',NULL,'2026-06-05 12:47:30','2026-06-05 12:47:30','108','m',NULL,NULL,NULL,NULL,NULL,NULL,0,0,NULL,0,NULL,0,NULL,NULL,NULL,NULL,'TB Gaisburg',0,0,0,0);
INSERT INTO members VALUES(135,'Yonas','Ogbamicael','1984-10-06',NULL,NULL,NULL,'aktiv',NULL,'2026-06-05 12:47:30','2026-06-05 16:04:19.818288118 +0000 UTC m=+98.117228619','54','m',NULL,NULL,NULL,NULL,NULL,NULL,0,0,NULL,0,NULL,0,NULL,NULL,NULL,NULL,'TS',0,0,0,0);
INSERT INTO members VALUES(136,'Sophia','Oliveira','2010-11-16',NULL,NULL,NULL,'aktiv',NULL,'2026-06-05 12:47:30','2026-06-05 16:04:29.335658352 +0000 UTC m=+107.634598822','196','f',NULL,NULL,NULL,NULL,NULL,NULL,0,0,NULL,0,NULL,0,NULL,NULL,NULL,NULL,'TB Gaisburg',0,0,0,0);
INSERT INTO members VALUES(137,'Yannick','Österle','2007-06-08',NULL,NULL,NULL,'ausgetreten',NULL,'2026-06-05 12:47:30','2026-06-05 12:47:30','79','m',NULL,NULL,NULL,NULL,NULL,NULL,0,0,NULL,0,NULL,0,NULL,NULL,NULL,NULL,'SK Stuttgart',0,0,0,0);
INSERT INTO members VALUES(138,'Andreas','Österle','1973-12-18',NULL,NULL,NULL,'ausgetreten',NULL,'2026-06-05 12:47:30','2026-06-05 12:47:30','80','m',NULL,NULL,NULL,NULL,NULL,NULL,0,0,NULL,0,NULL,0,NULL,NULL,NULL,NULL,'Hbi W/F',0,0,0,0);
INSERT INTO members VALUES(139,'Ida','Ottenbacher','2011-09-17',NULL,NULL,NULL,'aktiv',NULL,'2026-06-05 12:47:30','2026-06-05 16:04:54.426787524 +0000 UTC m=+132.725728004','206','f',NULL,NULL,NULL,NULL,NULL,NULL,0,0,NULL,0,NULL,0,NULL,NULL,NULL,NULL,'SKG Gablenberg',0,0,0,0);
INSERT INTO members VALUES(140,'Noe','Ottenbacher','2014-04-14',NULL,NULL,NULL,'aktiv',NULL,'2026-06-05 12:47:30','2026-06-05 16:05:12.182152247 +0000 UTC m=+150.481092717','263','m',NULL,NULL,NULL,NULL,NULL,NULL,0,0,NULL,0,NULL,0,NULL,NULL,NULL,NULL,'SKG Gablenberg',0,0,0,0);
INSERT INTO members VALUES(141,'Jana','Ottenbacher','1987-08-31',NULL,NULL,NULL,'aktiv',NULL,'2026-06-05 12:47:30','2026-06-05 12:47:30','281','f',NULL,NULL,NULL,NULL,NULL,NULL,0,0,NULL,0,NULL,0,NULL,NULL,NULL,NULL,'SKG Gablenberg',0,0,0,0);
INSERT INTO members VALUES(142,'Enric','Pena Brossa','2010-07-21',NULL,NULL,NULL,'aktiv',NULL,'2026-06-05 12:47:30','2026-06-05 16:05:21.959150591 +0000 UTC m=+160.258091061','171','m',NULL,NULL,NULL,NULL,NULL,NULL,0,0,NULL,0,NULL,0,NULL,NULL,NULL,NULL,'TSV Münster',0,0,0,0);
INSERT INTO members VALUES(143,'Marlon','Pribil','2008-07-07',NULL,NULL,NULL,'ausgetreten',NULL,'2026-06-05 12:47:30','2026-06-05 12:47:30','92','m',NULL,NULL,NULL,NULL,NULL,NULL,0,0,NULL,0,NULL,0,NULL,NULL,NULL,NULL,'Sportvg Feuerbach',0,0,0,0);
INSERT INTO members VALUES(144,'Adrian','Rebmann','2013-02-01',NULL,54,'Kreisläufer','aktiv',NULL,'2026-06-05 12:47:30','2026-06-07 11:12:26.704962787 +0000 UTC m=+2344.925031306','217','m',NULL,NULL,NULL,NULL,NULL,NULL,0,0,NULL,0,NULL,0,NULL,NULL,NULL,NULL,'HSG Oberer Neckar',0,0,0,0);
INSERT INTO members VALUES(145,'Jakob','Rehm','2014-01-24',NULL,36,NULL,'aktiv',NULL,'2026-06-05 12:47:30','2026-06-07 11:13:40.087347101 +0000 UTC m=+2418.307415620','216','m',NULL,NULL,NULL,NULL,NULL,NULL,0,0,NULL,0,NULL,0,NULL,NULL,NULL,NULL,'HSG Oberer Neckar',0,0,0,0);
INSERT INTO members VALUES(146,'Robin','Rettenmaier','2014-12-04',NULL,NULL,NULL,'aktiv',NULL,'2026-06-05 12:47:30','2026-06-05 16:05:54.776995171 +0000 UTC m=+193.075935681','267','m',NULL,NULL,NULL,NULL,NULL,NULL,0,0,NULL,0,NULL,0,NULL,NULL,NULL,NULL,'Spvgg Cannstatt',0,0,0,0);
INSERT INTO members VALUES(147,'Alea','Rexhaj','2010-09-30',NULL,NULL,NULL,'aktiv',NULL,'2026-06-05 12:47:30','2026-06-05 16:06:03.092847118 +0000 UTC m=+201.391787588','202','f',NULL,NULL,NULL,NULL,NULL,NULL,0,0,NULL,0,NULL,0,NULL,NULL,NULL,NULL,'HSG Oberer Neckar',0,0,0,0);
INSERT INTO members VALUES(148,'Robin','Riedel','2012-10-10',NULL,NULL,NULL,'aktiv',NULL,'2026-06-05 12:47:30','2026-06-05 16:06:24.151604205 +0000 UTC m=+222.450544705','228','m',NULL,NULL,NULL,NULL,NULL,NULL,0,0,NULL,0,NULL,0,NULL,NULL,NULL,NULL,'HSG Oberer Neckar',0,0,0,0);
INSERT INTO members VALUES(149,'Tim','Rieger','2010-05-19',NULL,NULL,NULL,'passiv',NULL,'2026-06-05 12:47:30','2026-06-05 12:47:30','160','m',NULL,NULL,NULL,NULL,NULL,NULL,0,0,NULL,0,NULL,0,NULL,NULL,NULL,NULL,'HSG Oberer Neckar',0,0,0,0);
INSERT INTO members VALUES(150,'Malte','Ritter','2008-07-27',NULL,NULL,NULL,'passiv',NULL,'2026-06-05 12:47:30','2026-06-05 12:47:30','187','m',NULL,NULL,NULL,NULL,NULL,NULL,0,0,NULL,0,NULL,0,NULL,NULL,NULL,NULL,'Spvgg Canstatt',0,0,0,0);
INSERT INTO members VALUES(151,'Jakob','Robbe','2010-09-29',NULL,NULL,NULL,'aktiv',NULL,'2026-06-05 12:47:30','2026-06-05 16:06:38.758651246 +0000 UTC m=+237.057591746','192','m',NULL,NULL,NULL,NULL,NULL,NULL,0,0,NULL,0,NULL,0,NULL,NULL,NULL,NULL,'SKG Gablenberg',0,0,0,0);
INSERT INTO members VALUES(152,'Florian','Röhl','2010-03-17',NULL,NULL,NULL,'aktiv',NULL,'2026-06-05 12:47:30','2026-06-05 16:06:48.888603882 +0000 UTC m=+247.187544362','241','m',NULL,NULL,NULL,NULL,NULL,NULL,0,0,NULL,0,NULL,0,NULL,NULL,NULL,NULL,'SK Stuttgart',0,0,0,0);
INSERT INTO members VALUES(153,'Eva','Röser','2011-07-09',NULL,NULL,NULL,'aktiv',NULL,'2026-06-05 12:47:30','2026-06-05 12:47:30','207','f',NULL,NULL,NULL,NULL,NULL,NULL,0,0,NULL,0,NULL,0,NULL,NULL,NULL,NULL,'TB Gaisburg',0,0,0,0);
INSERT INTO members VALUES(154,'Jonas','Schanbacher','2007-01-22',NULL,NULL,NULL,'ausgetreten',NULL,'2026-06-05 12:47:30','2026-06-05 12:47:30','182','m',NULL,NULL,NULL,NULL,NULL,NULL,0,0,NULL,0,NULL,0,NULL,NULL,NULL,NULL,'TSV Münster',0,0,0,0);
INSERT INTO members VALUES(155,'Lennart','Scheuermann','2008-11-25',NULL,NULL,NULL,'ausgetreten',NULL,'2026-06-05 12:47:30','2026-06-05 12:47:30','118','m',NULL,NULL,NULL,NULL,NULL,NULL,0,0,NULL,0,NULL,0,NULL,NULL,NULL,NULL,'Deizisau',0,0,0,0);
INSERT INTO members VALUES(156,'Florian','Scheurle','1975-07-03',NULL,NULL,NULL,'aktiv',NULL,'2026-06-05 12:47:30','2026-06-05 12:47:30','60','m',NULL,NULL,NULL,NULL,NULL,NULL,0,0,NULL,0,NULL,0,NULL,NULL,NULL,NULL,'TS',0,0,0,0);
INSERT INTO members VALUES(157,'Mika Lars','Scheurle','2008-11-18',NULL,NULL,NULL,'ausgetreten',NULL,'2026-06-05 12:47:30','2026-06-05 12:47:30','91','m',NULL,NULL,NULL,NULL,NULL,NULL,0,0,NULL,0,NULL,0,NULL,NULL,NULL,NULL,'SKG Gablenberg',0,0,0,0);
INSERT INTO members VALUES(158,'Samuel','Schlumberger-Ruiz','2010-01-27',NULL,NULL,NULL,'aktiv',NULL,'2026-06-05 12:47:30','2026-06-05 16:07:05.08847622 +0000 UTC m=+263.387416720','134','m',NULL,NULL,NULL,NULL,NULL,NULL,0,0,NULL,0,NULL,0,NULL,NULL,NULL,NULL,'GaGa',0,0,0,0);
INSERT INTO members VALUES(159,'Ben','Schmid','2007-10-08',NULL,NULL,NULL,'aktiv',NULL,'2026-06-05 12:47:30','2026-06-05 12:47:30','85','m',NULL,NULL,NULL,NULL,NULL,NULL,0,0,NULL,0,NULL,0,NULL,NULL,NULL,NULL,'TB Gaisburg',0,0,0,0);
INSERT INTO members VALUES(160,'Lilly','Schmidl','2010-04-19',NULL,NULL,NULL,'aktiv',NULL,'2026-06-05 12:47:30','2026-06-05 16:07:20.054515459 +0000 UTC m=+278.353455929','200','f',NULL,NULL,NULL,NULL,NULL,NULL,0,0,NULL,0,NULL,0,NULL,NULL,NULL,NULL,'SK Stuttgart',0,0,0,0);
INSERT INTO members VALUES(161,'Simon','Schmidt','2008-06-13',NULL,NULL,NULL,'ausgetreten',NULL,'2026-06-05 12:47:30','2026-06-05 12:47:30','156','m',NULL,NULL,NULL,NULL,NULL,NULL,0,0,NULL,0,NULL,0,NULL,NULL,NULL,NULL,'SKG Gablenberg',0,0,0,0);
INSERT INTO members VALUES(162,'Uwe','Schneider','1956-10-02',NULL,NULL,NULL,'aktiv',NULL,'2026-06-05 12:47:30','2026-06-05 12:47:30','117','m',NULL,NULL,NULL,NULL,NULL,NULL,0,0,NULL,0,NULL,0,NULL,NULL,NULL,NULL,'Sportvg Feuerbach',0,0,0,0);
INSERT INTO members VALUES(163,'Hans Jörg','Schnitzer','1938-10-30',NULL,NULL,NULL,'aktiv',NULL,'2026-06-05 12:47:30','2026-06-05 12:47:30','8','m',NULL,NULL,NULL,NULL,NULL,NULL,0,0,NULL,0,NULL,0,NULL,NULL,NULL,NULL,'TSV Korntal',0,0,0,0);
INSERT INTO members VALUES(164,'Hermann','Schweickhardt','1942-12-13',NULL,NULL,NULL,'aktiv',NULL,'2026-06-05 12:47:30','2026-06-05 12:47:30','11','m',NULL,NULL,NULL,NULL,NULL,NULL,0,0,NULL,0,NULL,0,NULL,NULL,NULL,NULL,'TV Cannstatt',0,0,0,0);
INSERT INTO members VALUES(165,'Antonia','Sommer','2010-06-05',NULL,NULL,NULL,'aktiv',NULL,'2026-06-05 12:47:30','2026-06-05 16:07:52.452101526 +0000 UTC m=+310.751041996','208','f',NULL,NULL,NULL,NULL,NULL,NULL,0,0,NULL,0,NULL,0,NULL,NULL,NULL,NULL,'TB Gaisburg',0,0,0,0);
INSERT INTO members VALUES(166,'Melissa','Sommer','2012-08-04',NULL,NULL,NULL,'ausgetreten',NULL,'2026-06-05 12:47:30','2026-06-05 12:47:30','247','f',NULL,NULL,NULL,NULL,NULL,NULL,0,0,NULL,0,NULL,0,NULL,NULL,NULL,NULL,'TB Gaisburg',0,0,0,0);
INSERT INTO members VALUES(167,'Lukas','Spitznagel','2009-04-20',NULL,NULL,NULL,'aktiv',NULL,'2026-06-05 12:47:30','2026-06-05 16:08:14.445760288 +0000 UTC m=+332.744700758','274','m',NULL,NULL,NULL,NULL,NULL,NULL,0,0,NULL,0,NULL,0,NULL,NULL,NULL,NULL,'TB Gaisburg',0,0,0,0);
INSERT INTO members VALUES(168,'Mads','Steinle','2009-08-02',NULL,NULL,NULL,'aktiv',NULL,'2026-06-05 12:47:30','2026-06-05 16:08:32.555119458 +0000 UTC m=+350.854059928','102','m',NULL,NULL,NULL,NULL,NULL,NULL,0,0,NULL,0,NULL,0,NULL,NULL,NULL,NULL,'TB Gaisburg',0,0,0,0);
INSERT INTO members VALUES(170,'Helen','Streitenberger','2010-11-25',NULL,NULL,NULL,'aktiv',NULL,'2026-06-05 12:47:30','2026-06-05 16:08:58.245185227 +0000 UTC m=+376.544125728','205','f',NULL,NULL,NULL,NULL,NULL,NULL,0,0,NULL,0,NULL,0,NULL,NULL,NULL,NULL,'SK Stuttgart',0,0,0,0);
INSERT INTO members VALUES(171,'Ben','Stremlow','2012-08-07',NULL,NULL,NULL,'aktiv',NULL,'2026-06-05 12:47:30','2026-06-05 16:09:08.009361831 +0000 UTC m=+386.308302311','236','m',NULL,NULL,NULL,NULL,NULL,NULL,0,0,NULL,0,NULL,0,NULL,NULL,NULL,NULL,'HSG Oberer Neckar',0,0,0,0);
INSERT INTO members VALUES(172,'Felix','Strotbek','2007-10-23',NULL,NULL,NULL,'aktiv',NULL,'2026-06-05 12:47:30','2026-06-05 12:47:30','120','m',NULL,NULL,NULL,NULL,NULL,NULL,0,0,NULL,0,NULL,0,NULL,NULL,NULL,NULL,'HSG Oberer Neckar',0,0,0,0);
INSERT INTO members VALUES(173,'Jana','Strunk','2010-07-12',NULL,NULL,NULL,'ausgetreten',NULL,'2026-06-05 12:47:30','2026-06-05 12:47:30','197','m',NULL,NULL,NULL,NULL,NULL,NULL,0,0,NULL,0,NULL,0,NULL,NULL,NULL,NULL,'HSG GaGa',0,0,0,0);
INSERT INTO members VALUES(174,'Marion','Stuwe','1964-05-18',NULL,NULL,NULL,'ausgetreten',NULL,'2026-06-05 12:47:30','2026-06-05 12:47:30','16','f',NULL,NULL,NULL,NULL,NULL,NULL,0,0,NULL,0,NULL,0,NULL,NULL,NULL,NULL,'Sportvg Feuerbach',0,0,0,0);
INSERT INTO members VALUES(175,'Ludwig','Textor','2012-12-18',NULL,NULL,NULL,'aktiv',NULL,'2026-06-05 12:47:30','2026-06-05 16:09:26.623871387 +0000 UTC m=+404.922811857','233','m',NULL,NULL,NULL,NULL,NULL,NULL,0,0,NULL,0,NULL,0,NULL,NULL,NULL,NULL,'TB Gaisburg',0,0,0,0);
INSERT INTO members VALUES(176,'Felix','Tomek','2012-04-20',NULL,NULL,NULL,'aktiv',NULL,'2026-06-05 12:47:30','2026-06-05 16:09:39.463566801 +0000 UTC m=+417.762507281','229','m',NULL,NULL,NULL,NULL,NULL,NULL,0,0,NULL,0,NULL,0,NULL,NULL,NULL,NULL,'TB Gaisburg',0,0,0,0);
INSERT INTO members VALUES(177,'Theo','Traub','2012-02-04',NULL,NULL,NULL,'aktiv',NULL,'2026-06-05 12:47:30','2026-06-05 16:09:48.199651636 +0000 UTC m=+426.498592106','232','m',NULL,NULL,NULL,NULL,NULL,NULL,0,0,NULL,0,NULL,0,NULL,NULL,NULL,NULL,'TB Untertürkheim',0,0,0,0);
INSERT INTO members VALUES(178,'Josip','Vidovic','2009-10-01',NULL,NULL,NULL,'aktiv',NULL,'2026-06-05 12:47:30','2026-06-05 16:09:56.005657071 +0000 UTC m=+434.304597551','107','m',NULL,NULL,NULL,NULL,NULL,NULL,0,0,NULL,0,NULL,0,NULL,NULL,NULL,NULL,'TB Untertürkheim',0,0,0,0);
INSERT INTO members VALUES(179,'Sophia','Vogel',NULL,NULL,NULL,NULL,'aktiv',NULL,'2026-06-05 12:47:30','2026-06-05 12:47:30','284','f',NULL,NULL,NULL,NULL,NULL,NULL,0,0,NULL,0,NULL,0,NULL,NULL,NULL,NULL,NULL,0,0,0,0);
INSERT INTO members VALUES(180,'Leo','Volle','2013-04-11',NULL,77,'Rückraum Mitte','aktiv',NULL,'2026-06-05 12:47:30','2026-06-07 11:14:31.049063584 +0000 UTC m=+2469.269132114','215','m',NULL,NULL,NULL,NULL,NULL,NULL,0,0,NULL,0,NULL,0,NULL,NULL,NULL,NULL,'TB Gaisburg',0,0,0,0);
INSERT INTO members VALUES(181,'Lanea','Wagner','2010-11-07',NULL,NULL,NULL,'aktiv',NULL,'2026-06-05 12:47:30','2026-06-05 16:10:23.034460926 +0000 UTC m=+461.333401426','209','f',NULL,NULL,NULL,NULL,NULL,NULL,0,0,NULL,0,NULL,0,NULL,NULL,NULL,NULL,'SK Stuttgart',0,0,0,0);
INSERT INTO members VALUES(182,'Benedikt','Weber','2009-11-20',NULL,NULL,NULL,'aktiv',NULL,'2026-06-05 12:47:30','2026-06-05 16:10:31.231600363 +0000 UTC m=+469.530540834','109','m',NULL,NULL,NULL,NULL,NULL,NULL,0,0,NULL,0,NULL,0,NULL,NULL,NULL,NULL,'SK Stuttgart',0,0,0,0);
INSERT INTO members VALUES(183,'Jannik','Wegner','2007-09-23',NULL,NULL,NULL,'ausgetreten',NULL,'2026-06-05 12:47:30','2026-06-05 12:47:30','131','m',NULL,NULL,NULL,NULL,NULL,NULL,0,0,NULL,0,NULL,0,NULL,NULL,NULL,NULL,'Asperg',0,0,0,0);
INSERT INTO members VALUES(184,'Maximilian Jona','Weishaupt','2010-06-26',NULL,NULL,NULL,'ausgetreten',NULL,'2026-06-05 12:47:30','2026-06-05 12:47:30','161','m',NULL,NULL,NULL,NULL,NULL,NULL,0,0,NULL,0,NULL,0,NULL,NULL,NULL,NULL,'TB Gaisburg',0,0,0,0);
INSERT INTO members VALUES(185,'Moritz','Weishaupt','2012-03-23',NULL,NULL,NULL,'aktiv',NULL,'2026-06-05 12:47:30','2026-06-05 16:10:48.059133043 +0000 UTC m=+486.358073513','234','m',NULL,NULL,NULL,NULL,NULL,NULL,0,0,NULL,0,NULL,0,NULL,NULL,NULL,NULL,'TB Gaisburg',0,0,0,0);
INSERT INTO members VALUES(186,'Viktoria','Wicher','2010-08-12',NULL,NULL,NULL,'aktiv',NULL,'2026-06-05 12:47:30','2026-06-05 16:10:58.269790119 +0000 UTC m=+496.568730600','210','f',NULL,NULL,NULL,NULL,NULL,NULL,0,0,NULL,0,NULL,0,NULL,NULL,NULL,NULL,'SK Stuttgart',0,0,0,0);
INSERT INTO members VALUES(187,'Emelie','Wieland','2014-02-14',NULL,NULL,NULL,'aktiv',NULL,'2026-06-05 12:47:30','2026-06-05 16:11:09.64364969 +0000 UTC m=+507.942590160','255','f',NULL,NULL,NULL,NULL,NULL,NULL,0,0,NULL,0,NULL,0,NULL,NULL,NULL,NULL,'SKG Gablenberg',0,0,0,0);
INSERT INTO members VALUES(188,'Vincent','Winter','2010-02-16',NULL,NULL,NULL,'aktiv',NULL,'2026-06-05 12:47:30','2026-06-05 16:11:31.479040448 +0000 UTC m=+529.777980958','162','m',NULL,NULL,NULL,NULL,NULL,NULL,0,0,NULL,0,NULL,0,NULL,NULL,NULL,NULL,'Spvgg Canstatt',0,0,0,0);
INSERT INTO members VALUES(189,'Alexander','Winter','2012-02-09',NULL,NULL,NULL,'aktiv',NULL,'2026-06-05 12:47:30','2026-06-05 16:11:21.229726215 +0000 UTC m=+519.528666685','226','m',NULL,NULL,NULL,NULL,NULL,NULL,0,0,NULL,0,NULL,0,NULL,NULL,NULL,NULL,'Spvgg Canstatt',0,0,0,0);
INSERT INTO members VALUES(191,'Raphael Noah','Wurster','2013-06-20',NULL,96,NULL,'aktiv',17,'2026-06-05 12:47:30','2026-06-07 11:16:02.761940814 +0000 UTC m=+2560.982009344','213','m',NULL,NULL,NULL,NULL,NULL,'member-photos/81d6a137-ee43-4eb6-8f94-f332219f5b01.jpg',0,0,NULL,0,NULL,0,NULL,NULL,NULL,NULL,'TSV Münster',0,0,0,0);
INSERT INTO members VALUES(192,'Emil','Zaiß','2013-05-30',NULL,44,'Kreisläufer','aktiv',NULL,'2026-06-05 12:47:30','2026-06-07 11:13:18.995198463 +0000 UTC m=+2397.215266982','214','m',NULL,NULL,NULL,NULL,NULL,NULL,0,0,NULL,0,NULL,0,NULL,NULL,NULL,NULL,'HSG Cannstatt',0,0,0,0);
INSERT INTO members VALUES(193,'Kilian','Zhezhov','2013-04-18',NULL,32,'Rückraum Rechts','aktiv',NULL,'2026-06-05 12:47:30','2026-06-07 11:14:09.87614703 +0000 UTC m=+2448.096215549','212','m',NULL,NULL,NULL,NULL,NULL,NULL,0,0,NULL,0,NULL,0,NULL,NULL,NULL,NULL,'TV Cannstatt',0,0,0,0);
INSERT INTO members VALUES(194,'Jannik','Ziegler','2009-04-01',NULL,NULL,NULL,'aktiv',NULL,'2026-06-05 12:47:30','2026-06-05 16:12:20.310486107 +0000 UTC m=+578.609426607','276','m',NULL,NULL,NULL,NULL,NULL,NULL,0,0,NULL,0,NULL,0,NULL,NULL,NULL,NULL,'TV Cannstatt',0,0,0,0);
INSERT INTO members VALUES(195,'Adrian','Zoric','2010-01-07',NULL,NULL,NULL,'aktiv',NULL,'2026-06-05 12:47:30','2026-06-05 16:12:28.96106778 +0000 UTC m=+587.260008250','178','m',NULL,NULL,NULL,NULL,NULL,NULL,0,0,NULL,0,NULL,0,NULL,NULL,NULL,NULL,'SKG Max-Eyth-See',0,0,0,0);
INSERT INTO members VALUES(196,'Elyes','Zouari','2008-07-20',NULL,NULL,NULL,'aktiv',NULL,'2026-06-05 12:47:30','2026-06-05 16:12:39.239200735 +0000 UTC m=+597.538141225','271','m',NULL,NULL,NULL,NULL,NULL,NULL,0,0,NULL,0,NULL,0,NULL,NULL,NULL,NULL,'TB Gaisburg',0,0,0,0);
INSERT INTO members VALUES(197,'Carolin','Frielitz',NULL,NULL,NULL,NULL,'honorar',NULL,'2026-06-05 15:26:10','2026-06-05 15:53:49.840166459 +0000 UTC m=+1675.588020128',NULL,'u',NULL,NULL,NULL,NULL,NULL,NULL,0,0,NULL,0,NULL,0,NULL,NULL,NULL,NULL,NULL,0,0,0,0);
INSERT INTO members VALUES(198,'Paul','Kazmaier',NULL,NULL,NULL,NULL,'honorar',NULL,'2026-06-05 15:26:10','2026-06-05 15:26:10',NULL,'u',NULL,NULL,NULL,NULL,NULL,NULL,0,0,NULL,0,NULL,0,NULL,NULL,NULL,NULL,NULL,0,0,0,0);
INSERT INTO members VALUES(199,'Thilo','Burkert',NULL,NULL,NULL,NULL,'honorar',NULL,'2026-06-05 15:26:10','2026-06-05 15:26:10',NULL,'u',NULL,NULL,NULL,NULL,NULL,NULL,0,0,NULL,0,NULL,0,NULL,NULL,NULL,NULL,NULL,0,0,0,0);
INSERT INTO members VALUES(200,'Klaus','Hüppchen',NULL,NULL,NULL,NULL,'honorar',NULL,'2026-06-05 15:26:10','2026-06-05 15:26:10',NULL,'u',NULL,NULL,NULL,NULL,NULL,NULL,0,0,NULL,0,NULL,0,NULL,NULL,NULL,NULL,NULL,0,0,0,0);
INSERT INTO members VALUES(201,'Rani','Zoric',NULL,NULL,NULL,NULL,'honorar',NULL,'2026-06-05 15:26:10','2026-06-05 15:26:10',NULL,'u',NULL,NULL,NULL,NULL,NULL,NULL,0,0,NULL,0,NULL,0,NULL,NULL,NULL,NULL,NULL,0,0,0,0);
INSERT INTO members VALUES(202,'Vincent','Brenner',NULL,NULL,NULL,NULL,'honorar',NULL,'2026-06-05 15:26:10','2026-06-05 15:26:10',NULL,'u',NULL,NULL,NULL,NULL,NULL,NULL,0,0,NULL,0,NULL,0,NULL,NULL,NULL,NULL,NULL,0,0,0,0);
INSERT INTO members VALUES(203,'Rafael','Lier',NULL,NULL,NULL,NULL,'honorar',NULL,'2026-06-05 15:26:10','2026-06-05 15:26:10',NULL,'u',NULL,NULL,NULL,NULL,NULL,NULL,0,0,NULL,0,NULL,0,NULL,NULL,NULL,NULL,NULL,0,0,0,0);
INSERT INTO members VALUES(204,'Jan','Müller',NULL,NULL,NULL,NULL,'honorar',NULL,'2026-06-05 15:26:10','2026-06-05 15:26:10',NULL,'u',NULL,NULL,NULL,NULL,NULL,NULL,0,0,NULL,0,NULL,0,NULL,NULL,NULL,NULL,NULL,0,0,0,0);
INSERT INTO members VALUES(205,'Maike','Riedel',NULL,NULL,NULL,NULL,'honorar',NULL,'2026-06-05 15:26:10','2026-06-05 16:06:14.201167477 +0000 UTC m=+212.500107947',NULL,'u',NULL,NULL,NULL,NULL,NULL,NULL,0,0,NULL,0,NULL,0,NULL,NULL,NULL,NULL,NULL,0,0,0,0);
INSERT INTO members VALUES(206,'Kristin','Kadira',NULL,NULL,NULL,NULL,'honorar',NULL,'2026-06-05 15:26:10','2026-06-05 15:57:40.399244347 +0000 UTC m=+1906.147098016',NULL,'u',NULL,NULL,NULL,NULL,NULL,NULL,0,0,NULL,0,NULL,0,NULL,NULL,NULL,NULL,NULL,0,0,0,0);
INSERT INTO members VALUES(207,'Timo','Di Benedetto',NULL,NULL,NULL,NULL,'honorar',NULL,'2026-06-05 15:26:10','2026-06-05 15:48:58.81718681 +0000 UTC m=+1384.565040489',NULL,'u',NULL,NULL,NULL,NULL,NULL,NULL,0,0,NULL,0,NULL,0,NULL,NULL,NULL,NULL,NULL,0,0,0,0);
INSERT INTO members VALUES(208,'Nadine','Mihr',NULL,NULL,NULL,NULL,'honorar',NULL,'2026-06-05 15:26:10','2026-06-05 15:26:10',NULL,'u',NULL,NULL,NULL,NULL,NULL,NULL,0,0,NULL,0,NULL,0,NULL,NULL,NULL,NULL,NULL,0,0,0,0);
INSERT INTO members VALUES(209,'Bianca','Sonn',NULL,NULL,NULL,NULL,'honorar',NULL,'2026-06-05 15:26:10','2026-06-05 15:26:10',NULL,'u',NULL,NULL,NULL,NULL,NULL,NULL,0,0,NULL,0,NULL,0,NULL,NULL,NULL,NULL,NULL,0,0,0,0);
CREATE TABLE kader_extended_members (
    kader_id  INTEGER NOT NULL REFERENCES kader(id) ON DELETE CASCADE,
    member_id INTEGER NOT NULL REFERENCES members(id) ON DELETE CASCADE,
    added_at  DATETIME NOT NULL DEFAULT (datetime('now')),
    PRIMARY KEY (kader_id, member_id)
);
CREATE TABLE game_lineup (
    game_id   INTEGER NOT NULL REFERENCES games(id) ON DELETE CASCADE,
    member_id INTEGER NOT NULL REFERENCES members(id) ON DELETE CASCADE,
    added_by  INTEGER REFERENCES users(id),
    added_at  DATETIME NOT NULL DEFAULT (datetime('now')),
    PRIMARY KEY (game_id, member_id)
);
CREATE TABLE member_phones (
  id INTEGER PRIMARY KEY AUTOINCREMENT,
  member_id INTEGER NOT NULL REFERENCES members(id) ON DELETE CASCADE,
  label TEXT NOT NULL DEFAULT '',
  number TEXT NOT NULL,
  sort_order INTEGER NOT NULL DEFAULT 0
);
INSERT INTO member_phones VALUES(1,3,'Mobil','+49 174 3652146',0);
INSERT INTO member_phones VALUES(2,4,'Mobil','+49 152 26632407',0);
CREATE TABLE venues (
    id            INTEGER  PRIMARY KEY AUTOINCREMENT,
    name          TEXT     NOT NULL,
    street        TEXT     NOT NULL,
    city          TEXT     NOT NULL,
    postal_code   TEXT     NOT NULL,
    country       TEXT     NOT NULL DEFAULT 'DE',
    note          TEXT     NOT NULL DEFAULT '',
    is_home_venue INTEGER  NOT NULL DEFAULT 0,
    created_at    DATETIME NOT NULL DEFAULT CURRENT_TIMESTAMP
);
INSERT INTO venues VALUES(1,'Flatow-Sporthalle','Gingener Straße 21','Stuttgart-Wangen','70327','DE','Haftmittel eingeschränkt — Angaben zu Details siehe Handball.net',1,'2026-06-06 12:30:23');
INSERT INTO venues VALUES(805,'Wildeckhalle','Beilsteiner Straße 27','Abstatt','74232','DE','Haftmittel verboten',0,'2026-06-06 19:25:55');
INSERT INTO venues VALUES(806,'Sporthalle Amorbachschule','Grenchenstraße 2','Neckarsulm-Amorbach','74172','DE','Haftmittel verboten',0,'2026-06-06 19:25:55');
INSERT INTO venues VALUES(807,'Glück-Auf-Halle','Fahräckerstraße 2','Bad Friedrichshall','74177','DE','Haftmittel verboten',0,'2026-06-06 19:25:55');
INSERT INTO venues VALUES(808,'Kocherwaldhalle beim Gymnasium','Hohestraße 32','Bad Friedrichshall','74177','DE','Haftmittel verboten',0,'2026-06-06 19:25:55');
INSERT INTO venues VALUES(809,'Stauferhalle','Fronhäuserstraße 5','Bad Wimpfen','74206','DE','Haftmittel eingeschränkt — Angaben zu Details siehe Handball.net',0,'2026-06-06 19:25:55');
INSERT INTO venues VALUES(810,'Langhanshalle','Albert-Einstein-Straße 20','Beilstein','71717','DE','Haftmittel eingeschränkt — Angaben zu Details siehe Handball.net',0,'2026-06-06 19:25:55');
INSERT INTO venues VALUES(811,'Böllingertalhalle','Bibersteige 15','Heilbronn-Biberach','74078','DE','Haftmittel verboten',0,'2026-06-06 19:25:55');
INSERT INTO venues VALUES(812,'Sporthalle auf der Schanz','Kraichgauplatz 17','Heilbronn-Böckingen','74080','DE','Haftmittel verboten',0,'2026-06-06 19:25:55');
INSERT INTO venues VALUES(813,'Verbandssporthalle','Hirnerweg 23','Brackenheim','74336','DE','Haftmittel verboten',0,'2026-06-06 19:25:55');
INSERT INTO venues VALUES(814,'Großsporthalle','Beuerlbacher Straße','Crailsheim','74564','DE','Haftmittel verboten',0,'2026-06-06 19:25:55');
INSERT INTO venues VALUES(815,'Karlsberg-Sporthalle','Auf dem Volksfestplatz','Crailsheim','74564','DE','Haftmittel verboten',0,'2026-06-06 19:25:55');
INSERT INTO venues VALUES(816,'Sandberghalle','Talheimer Straße','Flein','74223','DE','Haftmittel verboten',0,'2026-06-06 19:25:55');
INSERT INTO venues VALUES(817,'Leintalsporthalle','Würzburger Straße','Heilbronn-Frankenbach','74078','DE','Haftmittel verboten',0,'2026-06-06 19:25:55');
INSERT INTO venues VALUES(818,'Sporthalle','An der Weinsteige','Güglingen','74363','DE','Haftmittel eingeschränkt — Angaben zu Details siehe Handball.net',0,'2026-06-06 19:25:55');
INSERT INTO venues VALUES(819,'Sporthalle','Oststraße 53','Gundelsheim','74831','DE','Haftmittel eingeschränkt — Angaben zu Details siehe Handball.net',0,'2026-06-06 19:25:55');
INSERT INTO venues VALUES(820,'Sporthalle Maybachschule','Paulinenstraße 38','Heilbronn','74076','DE','Haftmittel verboten',0,'2026-06-06 19:25:55');
INSERT INTO venues VALUES(821,'Mönchseehalle','Karlstraße 46','Heilbronn','74072','DE','Haftmittel verboten',0,'2026-06-06 19:25:55');
INSERT INTO venues VALUES(822,'Sporthalle Gustav-v.-Schmoller-Schule','Schützenstraße','Heilbronn','74072','DE','Haftmittel verboten',0,'2026-06-06 19:25:55');
INSERT INTO venues VALUES(823,'Stauwehrhalle','Nussäckerstraße','Heilbronn-Horkheim','74081','DE','Haftmittel eingeschränkt — Angaben zu Details siehe Handball.net',0,'2026-06-06 19:25:55');
INSERT INTO venues VALUES(824,'Schozachtalhalle','Beim Schulzentrum','Ilsfeld','74360','DE','Haftmittel verboten',0,'2026-06-06 19:25:55');
INSERT INTO venues VALUES(825,'Eberhard-Gienger-Halle','Jahnstraße','Künzelsau','74653','DE','Haftmittel verboten',0,'2026-06-06 19:25:55');
INSERT INTO venues VALUES(826,'Sporthalle','Charlottenstraße','Lauffen am Neckar','74348','DE','Haftmittel verboten',0,'2026-06-06 19:25:55');
INSERT INTO venues VALUES(827,'Eichbotthalle','Schwaigerner Str. 45','Leingarten','74211','DE','Haftmittel verboten',0,'2026-06-06 19:25:55');
INSERT INTO venues VALUES(828,'Jagsttalhalle','Johann-Sebastian-Bach-Straße','Möckmühl','74219','DE','Haftmittel verboten',0,'2026-06-06 19:25:55');
INSERT INTO venues VALUES(829,'Römerhalle','Römerstraße','Heilbronn-Neckargartach','74078','DE','Haftmittel verboten',0,'2026-06-06 19:25:55');
INSERT INTO venues VALUES(830,'Ballei-Sporthalle','Felix-Wankel-Straße','Neckarsulm','74172','DE','Haftmittel eingeschränkt — Angaben zu Details siehe Handball.net',0,'2026-06-06 19:25:55');
INSERT INTO venues VALUES(831,'Pichterichhalle','Pichterichstraße','Neckarsulm','74172','DE','Haftmittel eingeschränkt — Angaben zu Details siehe Handball.net',0,'2026-06-06 19:25:55');
INSERT INTO venues VALUES(832,'Helmbundhalle 1','Gymnasiumstraße','Neuenstadt','74196','DE','Haftmittel eingeschränkt — Angaben zu Details siehe Handball.net',0,'2026-06-06 19:25:55');
INSERT INTO venues VALUES(833,'Sporthalle','Sportgelände Breibach','Nordheim','74226','DE','Haftmittel eingeschränkt — Angaben zu Details siehe Handball.net',0,'2026-06-06 19:25:55');
INSERT INTO venues VALUES(834,'Sporthalle','Uhlandstraße','Oedheim','74229','DE','Haftmittel eingeschränkt — Angaben zu Details siehe Handball.net',0,'2026-06-06 19:25:55');
INSERT INTO venues VALUES(835,'Hohenlohe-Halle','Pfaffenmühlweg','Öhringen','74613','DE','Haftmittel eingeschränkt — Angaben zu Details siehe Handball.net',0,'2026-06-06 19:25:55');
INSERT INTO venues VALUES(836,'Sporthalle beim Wirtschaftsgymnasium','Austraße','Öhringen','74613','DE','Haftmittel verboten',0,'2026-06-06 19:25:55');
INSERT INTO venues VALUES(837,'Creutzfelder Sporthalle','Pestalozzistraße 20','Pfedelbach','74629','DE','Haftmittel eingeschränkt — Angaben zu Details siehe Handball.net',0,'2026-06-06 19:25:55');
INSERT INTO venues VALUES(838,'Schenkenseehalle 1','Schenkenseestraße','Schwäbisch Hall','74523','DE','Haftmittel eingeschränkt — Angaben zu Details siehe Handball.net',0,'2026-06-06 19:25:55');
INSERT INTO venues VALUES(839,'Sporthalle beim Schulzentrum West','Schulzentrum-West','Schwäbisch Hall','74523','DE','Haftmittel verboten',0,'2026-06-06 19:25:55');
INSERT INTO venues VALUES(840,'Sporthalle Ost','Max-von-Laue-Straße','Heilbronn-Sontheim','74081','DE','Haftmittel verboten',0,'2026-06-06 19:25:55');
INSERT INTO venues VALUES(841,'Stettenfelshalle','Obergruppenbacher Straße','Untergruppenbach','74199','DE','Haftmittel verboten',0,'2026-06-06 19:25:55');
INSERT INTO venues VALUES(842,'Weibertreuhalle','Rossäckerstraße','Weinsberg','74189','DE','Haftmittel eingeschränkt — Angaben zu Details siehe Handball.net',0,'2026-06-06 19:25:55');
INSERT INTO venues VALUES(843,'Rossäckerhalle','Rossäckerstraße','Weinsberg','74189','DE','Haftmittel verboten',0,'2026-06-06 19:25:55');
INSERT INTO venues VALUES(844,'Neue Sporthalle','Kieselallee','Creglingen','97993','DE','Haftmittel verboten',0,'2026-06-06 19:25:55');
INSERT INTO venues VALUES(845,'Halle am Schuttrain','Hermann-Wolf-Straße 35','Heilbronn','74081','DE','Haftmittel verboten',0,'2026-06-06 19:25:55');
INSERT INTO venues VALUES(846,'Sporthalle an der Schanz','Weststraße 38','Pfedelbach','74629','DE','Haftmittel verboten',0,'2026-06-06 19:25:55');
INSERT INTO venues VALUES(847,'Sporthalle Bühl','Liebensteinstraße','Neckarwestheim','74382','DE','Haftmittel verboten',0,'2026-06-06 19:25:55');
INSERT INTO venues VALUES(848,'Schenkenseehalle 2','Schenkenseestraße','Schwäbisch Hall','74523','DE','Haftmittel verboten',0,'2026-06-06 19:25:55');
INSERT INTO venues VALUES(849,'Sporthalle bei der Kopernikus-Realschule','Kopernikusstraße 6','Bad Mergentheim','97980','DE','Haftmittel verboten',0,'2026-06-06 19:25:55');
INSERT INTO venues VALUES(850,'Sporthalle','Jahnstraße','Gerabronn','74582','DE','Haftmittel erlaubt',0,'2026-06-06 19:25:55');
INSERT INTO venues VALUES(851,'Großsporthalle','Gartenstraße 1','Ilshofen','74532','DE','Haftmittel verboten',0,'2026-06-06 19:25:55');
INSERT INTO venues VALUES(852,'BUchsBAchtalHalle','Buchssteige','Hardthausen','74239','DE','Haftmittel verboten',0,'2026-06-06 19:25:55');
INSERT INTO venues VALUES(853,'Sporthalle','Im Spitzen 4','Forchtenberg','74670','DE','Haftmittel verboten',0,'2026-06-06 19:25:55');
INSERT INTO venues VALUES(854,'Hirtenwiesenhalle','Bürgermeister-Demuth-Allee 2','Crailsheim','74564','DE','Haftmittel verboten',0,'2026-06-06 19:25:55');
INSERT INTO venues VALUES(855,'Helmbundhalle 2','Gymnasiumstraße 22','Neuenstadt','74196','DE','Haftmittel verboten',0,'2026-06-06 19:25:55');
INSERT INTO venues VALUES(856,'Neue Sporthalle','Hirnerweg','Brackenheim','74336','DE','Haftmittel verboten',0,'2026-06-06 19:25:55');
INSERT INTO venues VALUES(857,'Sulmhalle','Saarstraße 20','Neckarsulm','74172','DE','Haftmittel eingeschränkt — Angaben zu Details siehe Handball.net',0,'2026-06-06 19:25:55');
INSERT INTO venues VALUES(858,'Sporthalle Holzäcker','Holzäcker 1','Affalterbach','71563','DE','Haftmittel eingeschränkt — Angaben zu Details siehe Handball.net',0,'2026-06-06 19:25:55');
INSERT INTO venues VALUES(859,'Sporthalle Regental','Meslay-du-Maine-Straße','Remseck-Aldingen','71686','DE','Haftmittel verboten',0,'2026-06-06 19:25:55');
INSERT INTO venues VALUES(860,'Rundsporthalle','Paul-Klee-Straße 11','Asperg','71679','DE','Haftmittel eingeschränkt — Angaben zu Details siehe Handball.net',0,'2026-06-06 19:25:55');
INSERT INTO venues VALUES(861,'Murrtal-Arena','Jahnstraße 15','Backnang','71522','DE','Haftmittel eingeschränkt — Angaben zu Details siehe Handball.net',0,'2026-06-06 19:25:55');
INSERT INTO venues VALUES(862,'Sporthalle beim Berufschulzentrum','Heininger Weg 43/3','Backnang','71522','DE','Haftmittel verboten',0,'2026-06-06 19:25:55');
INSERT INTO venues VALUES(863,'Sporthalle bei der Mörikeschule','Rötlensweg 8','Backnang','71522','DE','Haftmittel verboten',0,'2026-06-06 19:25:55');
INSERT INTO venues VALUES(864,'Neckarhalle','Jahnstraße','Besigheim','74354','DE','Haftmittel verboten',0,'2026-06-06 19:25:55');
INSERT INTO venues VALUES(865,'Gymnasium-Sporthalle','Ellentalstraße','Bietigheim-Bissingen','74321','DE','Haftmittel verboten',0,'2026-06-06 19:25:55');
INSERT INTO venues VALUES(866,'Sporthalle am Viadukt','Holzgartenstraße 28','Bietigheim-Bissingen','74321','DE','Haftmittel eingeschränkt — Angaben zu Details siehe Handball.net',0,'2026-06-06 19:25:55');
INSERT INTO venues VALUES(867,'Bruchwaldhalle','Marbacher Weg','Bietigheim-Bissingen','74321','DE','Haftmittel verboten',0,'2026-06-06 19:25:55');
INSERT INTO venues VALUES(868,'Jahnhalle','Jahnstraße 91','Bietigheim-Bissingen','74321','DE','Haftmittel eingeschränkt — Angaben zu Details siehe Handball.net',0,'2026-06-06 19:25:55');
INSERT INTO venues VALUES(869,'Sporthalle1 Bönnigheim','Schulstraße','Bönnigheim','74357','DE','Haftmittel eingeschränkt — Angaben zu Details siehe Handball.net',0,'2026-06-06 19:25:55');
INSERT INTO venues VALUES(870,'Sporthalle Linsenhalde BBW Paulinenpflege','Forststraße 4','Winnenden','71364','DE','Haftmittel verboten',0,'2026-06-06 19:25:55');
INSERT INTO venues VALUES(871,'Sporthalle Glemsaue','Gröningerstraße','Ditzingen','71254','DE','Haftmittel eingeschränkt — Angaben zu Details siehe Handball.net',0,'2026-06-06 19:25:55');
INSERT INTO venues VALUES(872,'Sporthalle Konrad-Kocher-Schule','Gottfried-Keller-Straße','Ditzingen','71254','DE','Haftmittel eingeschränkt — Angaben zu Details siehe Handball.net',0,'2026-06-06 19:25:55');
INSERT INTO venues VALUES(873,'Hermann-Batz-Halle','Tammer Straße 20','Ludwigsburg-Eglosheim','71634','DE','Haftmittel eingeschränkt — Angaben zu Details siehe Handball.net',0,'2026-06-06 19:25:55');
INSERT INTO venues VALUES(874,'Schulsporthalle','Steinestraße 59','Vaihingen-Enzweihingen','71665','DE','Haftmittel verboten',0,'2026-06-06 19:25:55');
INSERT INTO venues VALUES(875,'Stadthalle','Am Marktplatz','Freiberg/Neckar','71691','DE','Haftmittel eingeschränkt — Angaben zu Details siehe Handball.net',0,'2026-06-06 19:25:55');
INSERT INTO venues VALUES(876,'Wasensporthalle','Wasenstraße','Freiberg/Neckar','71691','DE','Haftmittel eingeschränkt — Angaben zu Details siehe Handball.net',0,'2026-06-06 19:25:55');
INSERT INTO venues VALUES(877,'Wunnensteinhalle','In den Frauengärten 10','Großbottwar','71723','DE','Haftmittel eingeschränkt — Angaben zu Details siehe Handball.net',0,'2026-06-06 19:25:55');
INSERT INTO venues VALUES(878,'Sporthalle Großsachsenheim','Oberriexingerstraße 33-35','Sachsenheim-Großsachsenheim','74343','DE','Haftmittel eingeschränkt — Angaben zu Details siehe Handball.net',0,'2026-06-06 19:25:55');
INSERT INTO venues VALUES(879,'Seedammhalle','Eberdinger Straße','Hemmingen','71282','DE','Haftmittel verboten',0,'2026-06-06 19:25:55');
INSERT INTO venues VALUES(880,'Strohgäuhalle','Eberdinger Straße','Hemmingen','71282','DE','Haftmittel eingeschränkt — Angaben zu Details siehe Handball.net',0,'2026-06-06 19:25:55');
INSERT INTO venues VALUES(881,'Sporthalle Kugelberg','Am Kugelberg 30','Ludwigsburg-Hoheneck','71642','DE','Haftmittel eingeschränkt — Angaben zu Details siehe Handball.net',0,'2026-06-06 19:25:55');
INSERT INTO venues VALUES(882,'Stromberg-Sporthalle','','Illingen','75428','DE','Haftmittel verboten',0,'2026-06-06 19:25:55');
INSERT INTO venues VALUES(883,'Bottwartalhalle','Bottwarstraße 5','Steinheim-Kleinbottwar','71711','DE','Haftmittel eingeschränkt — Angaben zu Details siehe Handball.net',0,'2026-06-06 19:25:55');
INSERT INTO venues VALUES(884,'Sporthalle am See','Im See 6','Vaihingen/Enz-Kleinglattbach','71665','DE','Haftmittel verboten',0,'2026-06-06 19:25:55');
INSERT INTO venues VALUES(885,'Rechberghalle','Rechbergstraße 8','Kornwestheim','70806','DE','Haftmittel verboten',0,'2026-06-06 19:25:55');
INSERT INTO venues VALUES(886,'Sporthalle Ost','Theodor-Heuss-Straße 6','Kornwestheim','70806','DE','Haftmittel erlaubt',0,'2026-06-06 19:25:55');
INSERT INTO venues VALUES(887,'Stadionhalle','Am Sportplatz 1','Kornwestheim','70806','DE','Haftmittel verboten',0,'2026-06-06 19:25:55');
INSERT INTO venues VALUES(888,'Rundsporthalle','Kurfürstenstraße 23','Ludwigsburg','71636','DE','Haftmittel eingeschränkt — Angaben zu Details siehe Handball.net',0,'2026-06-06 19:25:55');
INSERT INTO venues VALUES(889,'Sporthalle Alleenstraße (beim Forum)','Alleenstraße','Ludwigsburg','71634','DE','Haftmittel eingeschränkt — Angaben zu Details siehe Handball.net',0,'2026-06-06 19:25:55');
INSERT INTO venues VALUES(890,'Sporthalle Carl-Schäfer-Schule','Hohenzollernstraße','Ludwigsburg','71634','DE','Haftmittel verboten',0,'2026-06-06 19:25:55');
INSERT INTO venues VALUES(891,'Sporthalle 1 beim Bildungszentrum West','Heinrich-Schweitzer-Straße 2','Ludwigsburg','71634','DE','Haftmittel eingeschränkt — Angaben zu Details siehe Handball.net',0,'2026-06-06 19:25:55');
INSERT INTO venues VALUES(892,'Sporthalle Rotbäumlesfeld','Danziger Straße 30','Ludwigsburg','71634','DE','Haftmittel eingeschränkt — Angaben zu Details siehe Handball.net',0,'2026-06-06 19:25:55');
INSERT INTO venues VALUES(893,'Karl-Nusser-Halle','Kernerstraße 36','Marbach/Neckar','71672','DE','Haftmittel verboten',0,'2026-06-06 19:25:55');
INSERT INTO venues VALUES(894,'Stadionhalle','Am Leiselstein 4','Marbach/Neckar','71672','DE','Haftmittel eingeschränkt — Angaben zu Details siehe Handball.net',0,'2026-06-06 19:25:55');
INSERT INTO venues VALUES(895,'Neue Sporthalle','Schwieberdinger Weg','Markgröningen','71706','DE','Haftmittel verboten',0,'2026-06-06 19:25:55');
INSERT INTO venues VALUES(896,'Sonnenbrunnenhalle','Ludwigsburger Straße 62','Möglingen','71696','DE','Haftmittel verboten',0,'2026-06-06 19:25:55');
INSERT INTO venues VALUES(897,'Stadionhalle','Ludwigsburger Straße 70','Möglingen','71696','DE','Haftmittel eingeschränkt — Angaben zu Details siehe Handball.net',0,'2026-06-06 19:25:55');
INSERT INTO venues VALUES(898,'Käsberghalle','Karl-Epple-Straße 13','Mundelsheim','74395','DE','Haftmittel eingeschränkt — Angaben zu Details siehe Handball.net',0,'2026-06-06 19:25:55');
INSERT INTO venues VALUES(899,'Trauzenbachhalle beim Gymnasium','Rudi-Gehring-Straße 1','Murrhardt','71540','DE','Haftmittel eingeschränkt — Angaben zu Details siehe Handball.net',0,'2026-06-06 19:25:55');
INSERT INTO venues VALUES(900,'Sporthalle','Bruckenwiesen 2','Auenwald-Oberbrüden','71549','DE','Haftmittel eingeschränkt — Angaben zu Details siehe Handball.net',0,'2026-06-06 19:25:55');
INSERT INTO venues VALUES(901,'Sporthalle In den Bäderwiesen','Dürrenstraße 1','Oberstenfeld','71720','DE','Haftmittel eingeschränkt — Angaben zu Details siehe Handball.net',0,'2026-06-06 19:25:55');
INSERT INTO venues VALUES(902,'Gemeindehalle','Jahnstraße','Oppenweiler','71570','DE','Haftmittel eingeschränkt — Angaben zu Details siehe Handball.net',0,'2026-06-06 19:25:55');
INSERT INTO venues VALUES(903,'Mehrzweckhalle','Fellbacher Straße 21','Ludwigsburg-Oßweil','71640','DE','Haftmittel eingeschränkt — Angaben zu Details siehe Handball.net',0,'2026-06-06 19:25:55');
INSERT INTO venues VALUES(904,'Sporthalle','Kleines Feldle','Ludwigsburg-Pflugfelden','71634','DE','Haftmittel eingeschränkt — Angaben zu Details siehe Handball.net',0,'2026-06-06 19:25:55');
INSERT INTO venues VALUES(905,'Sporthalle Römerhügel','Römerhügelweg 53','Ludwigsburg-Pflugfelden','71634','DE','Haftmittel verboten',0,'2026-06-06 19:25:55');
INSERT INTO venues VALUES(906,'Hardtwaldhalle','Am Hardtwald','Marbach-Rielingshausen','71672','DE','Haftmittel eingeschränkt — Angaben zu Details siehe Handball.net',0,'2026-06-06 19:25:55');
INSERT INTO venues VALUES(907,'Sporthalle Herrenwiesen','Herrenwiesenweg 23','Schwieberdingen','71701','DE','Haftmittel verboten',0,'2026-06-06 19:25:55');
INSERT INTO venues VALUES(908,'Felsenberghalle','Markgröninger Straße 31','Schwieberdingen','71701','DE','Haftmittel eingeschränkt — Angaben zu Details siehe Handball.net',0,'2026-06-06 19:25:55');
INSERT INTO venues VALUES(909,'Riedhalle','Höpfigheimer Straße 54','Steinheim/Murr','71711','DE','Haftmittel eingeschränkt — Angaben zu Details siehe Handball.net',0,'2026-06-06 19:25:55');
INSERT INTO venues VALUES(910,'Sporthalle','Jahnstraße','Sulzbach/Murr','71560','DE','Haftmittel eingeschränkt — Angaben zu Details siehe Handball.net',0,'2026-06-06 19:25:55');
INSERT INTO venues VALUES(911,'Schulsporthalle','Rilkestraße','Tamm','71732','DE','Haftmittel verboten',0,'2026-06-06 19:25:55');
INSERT INTO venues VALUES(912,'Sporthalle beim Bildungszentrum','Aichholzhof','Weissach i.T-Unterweissach','71554','DE','Haftmittel verboten',0,'2026-06-06 19:25:55');
INSERT INTO venues VALUES(913,'Sporthalle','Alter Postweg 12','Vaihingen/Enz','71665','DE','Haftmittel eingeschränkt — Angaben zu Details siehe Handball.net',0,'2026-06-06 19:25:55');
INSERT INTO venues VALUES(914,'Heckengäuhalle 1','Hölderlinstraße 1','Weissach','71287','DE','Haftmittel verboten',0,'2026-06-06 19:25:55');
INSERT INTO venues VALUES(915,'Lindenhalle','Lindenstraße 46','Wiernsheim','75446','DE','Haftmittel verboten',0,'2026-06-06 19:25:55');
INSERT INTO venues VALUES(916,'Mehrzweckhalle','Hermann-Helber-Straße 7','Oberstenfeld-Gronau','71720','DE','Haftmittel eingeschränkt — Angaben zu Details siehe Handball.net',0,'2026-06-06 19:25:55');
INSERT INTO venues VALUES(917,'Sporthalle 2','Schulstraße','Bönnigheim','74357','DE','Haftmittel eingeschränkt — Angaben zu Details siehe Handball.net',0,'2026-06-06 19:25:55');
INSERT INTO venues VALUES(918,'Sporthalle','Mühlstraße 25','Oberriexingen','71739','DE','Haftmittel verboten',0,'2026-06-06 19:25:55');
INSERT INTO venues VALUES(919,'Alte Sporthalle','Schwieberdinger Weg','Markgröningen','71706','DE','Haftmittel verboten',0,'2026-06-06 19:25:55');
INSERT INTO venues VALUES(920,'Alfred-Fögen-Sporthalle im Sportzentrum Seeha','Seehansen 5','Ditzingen-Hirschlanden','71254','DE','Haftmittel eingeschränkt — Angaben zu Details siehe Handball.net',0,'2026-06-06 19:25:55');
INSERT INTO venues VALUES(921,'Heckengäuhalle 2','Hölderlinstraße','Weissach','71287','DE','Haftmittel verboten',0,'2026-06-06 19:25:55');
INSERT INTO venues VALUES(922,'Sporthalle','Tiefenbronner Weg 3','Weissach-Flacht','71287','DE','Haftmittel verboten',0,'2026-06-06 19:25:55');
INSERT INTO venues VALUES(923,'Turnhalle ''im Aurain''','Im Aurain 3','Bietigheim-Bissingen','74321','DE','Haftmittel eingeschränkt — Angaben zu Details siehe Handball.net',0,'2026-06-06 19:25:55');
INSERT INTO venues VALUES(924,'Sporthalle beim Stromberg-Gymnasium','Nebenweg 1','Vaihingen/Enz','71665','DE','Haftmittel verboten',0,'2026-06-06 19:25:55');
INSERT INTO venues VALUES(925,'Sporthalle Innenstadt','Karlstraße 29','Ludwigsburg','71634','DE','Haftmittel eingeschränkt — Angaben zu Details siehe Handball.net',0,'2026-06-06 19:25:55');
INSERT INTO venues VALUES(926,'Sporthalle in der Au','Beihinger Straße 70','Benningen','71726','DE','Haftmittel eingeschränkt — Angaben zu Details siehe Handball.net',0,'2026-06-06 19:25:55');
INSERT INTO venues VALUES(927,'Sporthalle Egelsee','Ludwigsburger Straße 19','Tamm','71732','DE','Haftmittel verboten',0,'2026-06-06 19:25:55');
INSERT INTO venues VALUES(928,'Halle bei der Berufschule','John-F.-Kennedy-Allee 8','Kornwestheim-Pattonville','70806','DE','Haftmittel verboten',0,'2026-06-06 19:25:55');
INSERT INTO venues VALUES(929,'Erich-Lillich-Halle','Tammer Straße 20','Ludwigsburg-Eglosheim','71634','DE','Haftmittel verboten',0,'2026-06-06 19:25:55');
INSERT INTO venues VALUES(930,'Sporthalle Katharinenplaisir','Berliner Ring 16','Backnang','71522','DE','Haftmittel verboten',0,'2026-06-06 19:25:55');
INSERT INTO venues VALUES(931,'Sporthalle','Neckarkanalstraße 51','Remseck-Aldingen','71686','DE','Haftmittel verboten',0,'2026-06-06 19:25:55');
INSERT INTO venues VALUES(932,'Lichtenstern-Sporthalle','Ludwigsburger Straße 38','Großsachsenheim','74343','DE','Haftmittel verboten',0,'2026-06-06 19:25:55');
INSERT INTO venues VALUES(933,'Sporthalle','Weissacher Straße','Ditzingen-Heimerdingen','71254','DE','Haftmittel verboten',0,'2026-06-06 19:25:55');
INSERT INTO venues VALUES(934,'MHP-Arena Ludwigsburg','Schwieberdinger Straße 30','Ludwigsburg','71636','DE','Haftmittel eingeschränkt — Angaben zu Details siehe Handball.net',0,'2026-06-06 19:25:55');
INSERT INTO venues VALUES(935,'Sporthalle 2 beim Bildungszentrum West','Heinrich-Schweitzer-Straße 2','Ludwigsburg','71634','DE','Haftmittel eingeschränkt — Angaben zu Details siehe Handball.net',0,'2026-06-06 19:25:55');
INSERT INTO venues VALUES(936,'EgeTransarena','Schwarzwaldstraße 40','Bietigheim-Bissingen','74321','DE','Haftmittel verboten',0,'2026-06-06 19:25:55');
INSERT INTO venues VALUES(937,'Sporthalle Lauerbäumle','Kernerstraße 44/1','Marbach','71672','DE','Haftmittel eingeschränkt — Angaben zu Details siehe Handball.net',0,'2026-06-06 19:25:55');
INSERT INTO venues VALUES(938,'Kaltensteinhalle','Alter Postweg 10','Vaihingen/Enz','71665','DE','Haftmittel verboten',0,'2026-06-06 19:25:55');
INSERT INTO venues VALUES(939,'Sporthalle am Bürgergarten','Carl-Diem-Straße 8','Asperg','71679','DE','Haftmittel verboten',0,'2026-06-06 19:25:55');
INSERT INTO venues VALUES(940,'Sporthalle Münchingen','Kornwestheimer Straße 1','Korntal-Münchingen','70825','DE','Haftmittel verboten',0,'2026-06-06 19:25:55');
INSERT INTO venues VALUES(941,'Sporthalle','Obere Schloßstraße 72','Alfdorf','73553','DE','Haftmittel eingeschränkt — Angaben zu Details siehe Handball.net',0,'2026-06-06 19:25:55');
INSERT INTO venues VALUES(942,'Sporthalle','Im Obenhinaus 5','Weinstadt-Beutelsbach','71384','DE','Haftmittel eingeschränkt — Angaben zu Details siehe Handball.net',0,'2026-06-06 19:25:55');
INSERT INTO venues VALUES(943,'Gemeindehalle','Waldstraße 2','Waiblingen-Bittenfeld','71336','DE','Haftmittel eingeschränkt — Angaben zu Details siehe Handball.net',0,'2026-06-06 19:25:55');
INSERT INTO venues VALUES(944,'Ballspielhalle','Kauffmannstraße 39','Stuttgart-Botnang','70195','DE','Haftmittel verboten',0,'2026-06-06 19:25:55');
INSERT INTO venues VALUES(945,'Elly-Heuss-Knapp-Gymnasium','Remstalstraße 35','Stuttgart-Bad Cannstatt','70372','DE','Haftmittel verboten',0,'2026-06-06 19:25:55');
INSERT INTO venues VALUES(946,'Molly-Schauffele-Sporthalle','Mercedesstraße 85','Stuttgart-Bad Cannstatt','70372','DE','Haftmittel verboten',0,'2026-06-06 19:25:55');
INSERT INTO venues VALUES(947,'Sporthalle TV Cannstatt','Am Schnarrenberg 1','Stuttgart-Bad Cannstatt','70376','DE','Haftmittel verboten',0,'2026-06-06 19:25:55');
INSERT INTO venues VALUES(948,'Sporthalle Albschule','Albstraße 80 F','Stuttgart-Degerloch','70597','DE','Haftmittel verboten',0,'2026-06-06 19:25:55');
INSERT INTO venues VALUES(949,'Sporthalle Bildungszentrum','Beutelsbacher Straße','Weinstadt-Endersbach','71384','DE','Haftmittel verboten',0,'2026-06-06 19:25:55');
INSERT INTO venues VALUES(950,'Gäuäcker-Sporthalle 1','Bühlstraße 141','Fellbach','70736','DE','Haftmittel verboten',0,'2026-06-06 19:25:55');
INSERT INTO venues VALUES(951,'Gäuäcker-Sporthalle 2','Bühlstraße 145','Fellbach','70736','DE','Haftmittel verboten',0,'2026-06-06 19:25:55');
INSERT INTO venues VALUES(952,'Zeppelinhalle','Thomas-Mann-Straße 53','Fellbach','70734','DE','Haftmittel eingeschränkt — Angaben zu Details siehe Handball.net',0,'2026-06-06 19:25:55');
INSERT INTO venues VALUES(953,'Hugo-Kunzi-Sporthalle','Am Sportpark 4','Stuttgart-Feuerbach','70469','DE','Haftmittel eingeschränkt — Angaben zu Details siehe Handball.net',0,'2026-06-06 19:25:55');
INSERT INTO venues VALUES(954,'Jahn-Sporthalle','Wiener Straße 76 A','Stuttgart-Feuerbach','70469','DE','Haftmittel verboten',0,'2026-06-06 19:25:55');
INSERT INTO venues VALUES(955,'Schulzentrum','Adalbert-Stifter-Straße 40','Stuttgart-Freiberg','70437','DE','Haftmittel verboten',0,'2026-06-06 19:25:55');
INSERT INTO venues VALUES(956,'Stegwiesenhalle','Stegwiesenweg 1','Remshalden-Geradstetten','73630','DE','Haftmittel eingeschränkt — Angaben zu Details siehe Handball.net',0,'2026-06-06 19:25:55');
INSERT INTO venues VALUES(957,'Sporthalle Brückentor','Beim Brückentor','Gerlingen','70839','DE','Haftmittel verboten',0,'2026-06-06 19:25:55');
INSERT INTO venues VALUES(958,'Stadthalle','Hauptstraße 43','Gerlingen','70839','DE','Haftmittel verboten',0,'2026-06-06 19:25:55');
INSERT INTO venues VALUES(959,'Jahnhalle','Bahnhofstraße 29/1','Remshalden-Grunbach','73630','DE','Haftmittel verboten',0,'2026-06-06 19:25:55');
INSERT INTO venues VALUES(960,'Sporthalle Steinenbergschule','Am Steinenberg 5 A','Stuttgart-Hedelfingen','70329','DE','Haftmittel verboten',0,'2026-06-06 19:25:55');
INSERT INTO venues VALUES(961,'Gemeindehalle','Rechbergstraße','Waiblingen-Hohenacker','71336','DE','Haftmittel eingeschränkt — Angaben zu Details siehe Handball.net',0,'2026-06-06 19:25:55');
INSERT INTO venues VALUES(962,'Ballspielhalle','Brucknerstraße','Korb','71404','DE','Haftmittel eingeschränkt — Angaben zu Details siehe Handball.net',0,'2026-06-06 19:25:55');
INSERT INTO venues VALUES(963,'Sporthalle Korntal','Martin-Luther-Straße 32','Korntal-Münchingen','70825','DE','Haftmittel eingeschränkt — Angaben zu Details siehe Handball.net',0,'2026-06-06 19:25:55');
INSERT INTO venues VALUES(964,'Schäfersfeldhalle','Auf dem Schäfersfeld','Lorch','73547','DE','Haftmittel eingeschränkt — Angaben zu Details siehe Handball.net',0,'2026-06-06 19:25:55');
INSERT INTO venues VALUES(965,'Rembrandthalle','Sigmaringer Straße 85','Stuttgart-Möhringen','70567','DE','Haftmittel eingeschränkt — Angaben zu Details siehe Handball.net',0,'2026-06-06 19:25:55');
INSERT INTO venues VALUES(966,'Sporthalle Schulzentrum','Seeadlerstraße 3 A','Stuttgart-Neugereut','70378','DE','Haftmittel verboten',0,'2026-06-06 19:25:55');
INSERT INTO venues VALUES(967,'Sporthalle Neustadt','Ringstraße 26','Waiblingen-Neustadt','71336','DE','Haftmittel eingeschränkt — Angaben zu Details siehe Handball.net',0,'2026-06-06 19:25:55');
INSERT INTO venues VALUES(968,'Sporthalle','Albert-Eise Weg 3','Fellbach-Oeffingen','70736','DE','Haftmittel eingeschränkt — Angaben zu Details siehe Handball.net',0,'2026-06-06 19:25:55');
INSERT INTO venues VALUES(969,'Sporthalle','Im Wolfer 36','Stuttgart-Plieningen','70599','DE','Haftmittel verboten',0,'2026-06-06 19:25:55');
INSERT INTO venues VALUES(970,'Hohberg-Halle','Kantstraße','Plüderhausen','73655','DE','Haftmittel verboten',0,'2026-06-06 19:25:55');
INSERT INTO venues VALUES(971,'Rumoldhalle','Stettener Straße','Kernen-Rommelshausen','71394','DE','Haftmittel verboten',0,'2026-06-06 19:25:55');
INSERT INTO venues VALUES(972,'Wieslaufhalle','Welzheimer Straße','Rudersberg','73635','DE','Haftmittel verboten',0,'2026-06-06 19:25:55');
INSERT INTO venues VALUES(973,'Sporthalle Linsenhalde BBW Paulinenpflege','Forststraße 4','Winnenden-Schelmenholz','71364','DE','Haftmittel verboten',0,'2026-06-06 19:25:55');
INSERT INTO venues VALUES(974,'Sporthalle beim Schulzentrum','Remstaler Straße 38','Fellbach-Schmiden','70736','DE','Haftmittel eingeschränkt — Angaben zu Details siehe Handball.net',0,'2026-06-06 19:25:55');
INSERT INTO venues VALUES(975,'Neue Sporthalle','Remstalstraße 40','Fellbach-Schmiden','70736','DE','Haftmittel eingeschränkt — Angaben zu Details siehe Handball.net',0,'2026-06-06 19:25:55');
INSERT INTO venues VALUES(976,'Sporthalle beim Berufschulzentrum','Grabenstraße','Schorndorf','73614','DE','Haftmittel eingeschränkt — Angaben zu Details siehe Handball.net',0,'2026-06-06 19:25:55');
INSERT INTO venues VALUES(977,'Sporthalle Grauhalde','Rehhaldenweg 10','Schorndorf','73614','DE','Haftmittel eingeschränkt — Angaben zu Details siehe Handball.net',0,'2026-06-06 19:25:55');
INSERT INTO venues VALUES(978,'Karl-Wahl-Sporthalle','Schlichtener Straße','Schorndorf','73614','DE','Haftmittel eingeschränkt — Angaben zu Details siehe Handball.net',0,'2026-06-06 19:25:55');
INSERT INTO venues VALUES(979,'Sporthalle Rainbrunnen','Stöhrerweg 15','Schorndorf','73614','DE','Haftmittel eingeschränkt — Angaben zu Details siehe Handball.net',0,'2026-06-06 19:25:55');
INSERT INTO venues VALUES(980,'Fritz-Ulrich-Halle','Badstraße 24','Schwaikheim','71409','DE','Haftmittel eingeschränkt — Angaben zu Details siehe Handball.net',0,'2026-06-06 19:25:55');
INSERT INTO venues VALUES(981,'Gemeindehalle','Rosenstraße 2','Schwaikheim','71409','DE','Haftmittel eingeschränkt — Angaben zu Details siehe Handball.net',0,'2026-06-06 19:25:55');
INSERT INTO venues VALUES(982,'Sporthalle beim Schulzentrum','Richard-Schmid-Straße 25 A','Stuttgart-Sillenbuch','70619','DE','Haftmittel verboten',0,'2026-06-06 19:25:55');
INSERT INTO venues VALUES(983,'Sporthalle','Münchinger Straße 60','Stuttgart-Stammheim','70439','DE','Haftmittel verboten',0,'2026-06-06 19:25:55');
INSERT INTO venues VALUES(984,'Karl-Mauch-Halle','Dinkelstraße 8','Kernen-Stetten','71394','DE','Haftmittel eingeschränkt — Angaben zu Details siehe Handball.net',0,'2026-06-06 19:25:55');
INSERT INTO venues VALUES(985,'Sporthalle Nord beim Berufsschulzentrum','Heilbronner Straße 157','Stuttgart-Nord','70191','DE','Haftmittel verboten',0,'2026-06-06 19:25:55');
INSERT INTO venues VALUES(986,'Sporthalle beim Schickardt-Gymnasium','Mörikestraße 66','Stuttgart-Süd','70199','DE','Haftmittel verboten',0,'2026-06-06 19:25:55');
INSERT INTO venues VALUES(987,'SporthalleTivoli bei der Liederhalle','Forststraße 15','Stuttgart-West','70176','DE','Haftmittel verboten',0,'2026-06-06 19:25:55');
INSERT INTO venues VALUES(988,'Sporthalle West (Hasenberg-Schule)','Bebelstraße 28','Stuttgart-West','70193','DE','Haftmittel eingeschränkt — Angaben zu Details siehe Handball.net',0,'2026-06-06 19:25:55');
INSERT INTO venues VALUES(989,'Sporthalle Ost (Zeppelinhalle)','Neckarstraße 149/1','Stuttgart-Ost','70190','DE','Haftmittel eingeschränkt — Angaben zu Details siehe Handball.net',0,'2026-06-06 19:25:55');
INSERT INTO venues VALUES(990,'NWS-Halle','Stöckachstraße 48','Stuttgart-Ost','70190','DE','Haftmittel verboten',0,'2026-06-06 19:25:55');
INSERT INTO venues VALUES(991,'Sporthalle Lindenschule','Beim Inselkraftwerk 1','Stuttgart-Untertürkheim','70327','DE','Haftmittel verboten',0,'2026-06-06 19:25:55');
INSERT INTO venues VALUES(992,'Wittumhalle','Linsenbergweg 2','Urbach','73660','DE','Haftmittel verboten',0,'2026-06-06 19:25:55');
INSERT INTO venues VALUES(993,'Alte Sporthalle beim Berufschulzentrum','Steinbeisstraße 4','Waiblingen','71332','DE','Haftmittel verboten',0,'2026-06-06 19:25:55');
INSERT INTO venues VALUES(994,'Neue Sporthalle beim Berufschulzentrum','Steinbeisstraße 10-16','Waiblingen','71332','DE','Haftmittel verboten',0,'2026-06-06 19:25:55');
INSERT INTO venues VALUES(995,'Rundsporthalle','Beinsteiner Straße 160','Waiblingen','71334','DE','Haftmittel eingeschränkt — Angaben zu Details siehe Handball.net',0,'2026-06-06 19:25:55');
INSERT INTO venues VALUES(996,'Saliersporthalle','Im Sämann','Waiblingen','71334','DE','Haftmittel eingeschränkt — Angaben zu Details siehe Handball.net',0,'2026-06-06 19:25:55');
INSERT INTO venues VALUES(997,'Neue Staufer-Sporthalle','Mayenner Straße 30','Waiblingen','71332','DE','Haftmittel eingeschränkt — Angaben zu Details siehe Handball.net',0,'2026-06-06 19:25:55');
INSERT INTO venues VALUES(998,'Bronnbachhalle','Jahnstraße','Schorndorf-Weiler','73614','DE','Haftmittel verboten',0,'2026-06-06 19:25:55');
INSERT INTO venues VALUES(999,'Sporthalle Spechtweg','Spechtweg 40 B','Stuttgart-Weilimdorf','70499','DE','Haftmittel verboten',0,'2026-06-06 19:25:55');
INSERT INTO venues VALUES(1000,'Justinus-Kerner-Halle','Rienharzer Straße 51','Welzheim','73642','DE','Haftmittel eingeschränkt — Angaben zu Details siehe Handball.net',0,'2026-06-06 19:25:55');
INSERT INTO venues VALUES(1001,'Stadionhalle','Albertviller Straße 34','Winnenden','71364','DE','Haftmittel verboten',0,'2026-06-06 19:25:55');
INSERT INTO venues VALUES(1002,'Stöckachhalle','Kelterstraße 2','Winnenden','71364','DE','Haftmittel verboten',0,'2026-06-06 19:25:55');
INSERT INTO venues VALUES(1003,'Salierhalle','Lerchenstraße 51','Winterbach','73650','DE','Haftmittel eingeschränkt — Angaben zu Details siehe Handball.net',0,'2026-06-06 19:25:55');
INSERT INTO venues VALUES(1004,'Ballspielhalle','Lerchenstraße 51','Winterbach','73650','DE','Haftmittel verboten',0,'2026-06-06 19:25:55');
INSERT INTO venues VALUES(1005,'Sporthalle Talwiesen','Haldenrainstraße 35','Stuttgart-Zuffenhausen','70437','DE','Haftmittel verboten',0,'2026-06-06 19:25:55');
INSERT INTO venues VALUES(1006,'Hanns-Martin-Schleyer-Halle','Mercedesstraße 69','Stuttgart-Bad Cannstatt','70372','DE','Haftmittel erlaubt',0,'2026-06-06 19:25:55');
INSERT INTO venues VALUES(1007,'Ballsporthalle','Augsburger Straße 581','Stuttgart','70329','DE','Haftmittel verboten',0,'2026-06-06 19:25:55');
INSERT INTO venues VALUES(1008,'Spitalwald-Halle','Spitalwald 1','Stuttgart','70619','DE','Haftmittel verboten',0,'2026-06-06 19:25:55');
INSERT INTO venues VALUES(1009,'PORSCHE Arena','Mercedesstraße 69','Stuttgart-Bad Cannstatt','70372','DE','Haftmittel erlaubt',0,'2026-06-06 19:25:55');
INSERT INTO venues VALUES(1010,'Sporthalle am Karls-Gymnasium','Tübinger Straße 38','Stuttgart-Süd','70178','DE','Haftmittel eingeschränkt — Angaben zu Details siehe Handball.net',0,'2026-06-06 19:25:55');
INSERT INTO venues VALUES(1011,'Sporthalle Teichwiesen','Feuerseeweg','Korntal-Münchingen','70825','DE','Haftmittel verboten',0,'2026-06-06 19:25:55');
INSERT INTO venues VALUES(1012,'Kultur- und Sportzentrum','Moselstraße 25','Stuttgart','70376','DE','Haftmittel verboten',0,'2026-06-06 19:25:55');
INSERT INTO venues VALUES(1013,'Mehrzweckhalle','Auf dem Schäfersfeld','Lorch','73547','DE','Haftmittel verboten',0,'2026-06-06 19:25:55');
INSERT INTO venues VALUES(1014,'Sporthalle im SpOrt Stuttgart','Fritz-Walter-Weg 19','Stuttgart','70372','DE','Haftmittel verboten',0,'2026-06-06 19:25:55');
INSERT INTO venues VALUES(1015,'SCHARRena Stuttgart','Fritz-Walter-Weg 5','Stuttgart','70372','DE','Haftmittel eingeschränkt — Angaben zu Details siehe Handball.net',0,'2026-06-06 19:25:55');
INSERT INTO venues VALUES(1016,'Alfred-Kärcher-Sporthalle','Albertviller Straße 60','Winnenden','71364','DE','Haftmittel eingeschränkt — Angaben zu Details siehe Handball.net',0,'2026-06-06 19:25:55');
INSERT INTO venues VALUES(1017,'Wolfbusch-Sporthalle','Köstlinstraße 76/1','Stuttgart','70499','DE','Haftmittel verboten',0,'2026-06-06 19:25:55');
INSERT INTO venues VALUES(1018,'Sporthalle Ostheim','Landhausstraße 117','Stuttgart','70190','DE','Haftmittel verboten',0,'2026-06-06 19:25:55');
INSERT INTO venues VALUES(1019,'Lauswiesenhalle','Lauswiesen 6','Schorndorf','73614','DE','Haftmittel verboten',0,'2026-06-06 19:25:55');
INSERT INTO venues VALUES(1020,'Sporthalle Grundschule Riedenberg','Kemnater-Str. 27','Stuttgart','70619','DE','Haftmittel verboten',0,'2026-06-06 19:25:55');
INSERT INTO venues VALUES(1021,'Philipp-Palm-Sporthalle','Rehhaldenweg 2','Schorndorf','73614','DE','Haftmittel verboten',0,'2026-06-06 19:25:55');
INSERT INTO venues VALUES(1022,'Sporthalle Bildungshaus Neckarpark','Hanna-Henning-Str. 3/1','Stuttgart','70372','DE','Haftmittel verboten',0,'2026-06-06 19:25:55');
INSERT INTO venues VALUES(1023,'Sporthalle "Ob den Gärten"','Theodor-Heuss-Str. 27','Leutenbach','71397','DE','Haftmittel verboten',0,'2026-06-06 19:25:55');
INSERT INTO venues VALUES(1024,'Sporthalle','Esslinger Strasse 90','Altbach','73776','DE','Haftmittel eingeschränkt — Angaben zu Details siehe Handball.net',0,'2026-06-06 19:25:55');
INSERT INTO venues VALUES(1025,'Ermstalhalle','Immanuel-Kant-Straße 28','Bad Urach','72574','DE','Haftmittel eingeschränkt — Angaben zu Details siehe Handball.net',0,'2026-06-06 19:25:55');
INSERT INTO venues VALUES(1026,'Sporthalle','Schulstraße 56','Esslingen-Berkheim','73734','DE','Haftmittel verboten',0,'2026-06-06 19:25:55');
INSERT INTO venues VALUES(1027,'Elisabeth-Selbert-Halle','Tübinger Straße 96','Filderstadt-Bernhausen','70794','DE','Haftmittel eingeschränkt — Angaben zu Details siehe Handball.net',0,'2026-06-06 19:25:55');
INSERT INTO venues VALUES(1028,'Rundsporthalle','Dombasler Straße 10','Filderstadt-Bernhausen','70794','DE','Haftmittel eingeschränkt — Angaben zu Details siehe Handball.net',0,'2026-06-06 19:25:55');
INSERT INTO venues VALUES(1029,'tus-Halle beim Fernsehturm','Königsträßle 37','Stuttgart-Degerloch','70597','DE','Haftmittel eingeschränkt — Angaben zu Details siehe Handball.net',0,'2026-06-06 19:25:55');
INSERT INTO venues VALUES(1030,'Hermann-Ertinger-Sporthalle','Altbacher Straße 9','Deizisau','73779','DE','Haftmittel eingeschränkt — Angaben zu Details siehe Handball.net',0,'2026-06-06 19:25:55');
INSERT INTO venues VALUES(1031,'Sporthalle 2','Altbacher Straße 9','Deizisau','73779','DE','Haftmittel verboten',0,'2026-06-06 19:25:55');
INSERT INTO venues VALUES(1032,'Sporthalle','Lenaustraße 3','Denkendorf','73770','DE','Haftmittel eingeschränkt — Angaben zu Details siehe Handball.net',0,'2026-06-06 19:25:55');
INSERT INTO venues VALUES(1033,'Großsporthalle Albert-Schweitzer-Schule','Lenaustraße 3','Denkendorf','73770','DE','Haftmittel verboten',0,'2026-06-06 19:25:55');
INSERT INTO venues VALUES(1034,'Sporthalle Neuwiesen','Hülbener Straße 110','Dettingen/Erms','72581','DE','Haftmittel eingeschränkt — Angaben zu Details siehe Handball.net',0,'2026-06-06 19:25:55');
INSERT INTO venues VALUES(1035,'Raichberghalle','Bünzwanger Straße 35','Ebersbach/Fils','73061','DE','Haftmittel verboten',0,'2026-06-06 19:25:55');
INSERT INTO venues VALUES(1036,'Sporthalle P.M.Hahn-Gymnasium','Schimmelwiesenstraße 24','Leinfelden-Echterdingen','70771','DE','Haftmittel eingeschränkt — Angaben zu Details siehe Handball.net',0,'2026-06-06 19:25:55');
INSERT INTO venues VALUES(1037,'Neckar-Sporthalle beim Freibad','Dammstraße 1','Esslingen','73728','DE','Haftmittel eingeschränkt — Angaben zu Details siehe Handball.net',0,'2026-06-06 19:25:55');
INSERT INTO venues VALUES(1038,'Schelztor-Sporthalle','Schelztorstraße 4','Esslingen','73728','DE','Haftmittel eingeschränkt — Angaben zu Details siehe Handball.net',0,'2026-06-06 19:25:55');
INSERT INTO venues VALUES(1039,'Falkensteinhalle','Böhringer Straße10/2','Grabenstetten','72582','DE','Haftmittel eingeschränkt — Angaben zu Details siehe Handball.net',0,'2026-06-06 19:25:55');
INSERT INTO venues VALUES(1040,'Walter-Jacob-Halle','Jesinger Halde 1','Kirchheim/Teck','73230','DE','Haftmittel verboten',0,'2026-06-06 19:25:55');
INSERT INTO venues VALUES(1041,'Sporthalle beim Ludwig-Uhland-Gymnasium','Hahnweidstraße 34','Kirchheim/Teck','73230','DE','Haftmittel verboten',0,'2026-06-06 19:25:55');
INSERT INTO venues VALUES(1042,'Sporthalle Stadtmitte','Jahnstraße 17','Kirchheim/Teck','73230','DE','Haftmittel verboten',0,'2026-06-06 19:25:55');
INSERT INTO venues VALUES(1043,'Sporthalle bei der Burgschule','Burgweg','Köngen','73257','DE','Haftmittel eingeschränkt — Angaben zu Details siehe Handball.net',0,'2026-06-06 19:25:55');
INSERT INTO venues VALUES(1044,'Imanuel-Kant-Sporthalle','Stuttgarter Straße 65','Leinfelden','70771','DE','Haftmittel eingeschränkt — Angaben zu Details siehe Handball.net',0,'2026-06-06 19:25:55');
INSERT INTO venues VALUES(1045,'Sporthalle beim Sportzentrum','Randweg 10','Leinfelden','70771','DE','Haftmittel eingeschränkt — Angaben zu Details siehe Handball.net',0,'2026-06-06 19:25:55');
INSERT INTO venues VALUES(1046,'Beutenlay-Sporthalle','Beutenlaystraße','Münsingen','72525','DE','Haftmittel verboten',0,'2026-06-06 19:25:55');
INSERT INTO venues VALUES(1047,'Richard-Hirschmann-Halle','Auwiesen','Neckartenzlingen','72654','DE','Haftmittel eingeschränkt — Angaben zu Details siehe Handball.net',0,'2026-06-06 19:25:55');
INSERT INTO venues VALUES(1048,'Sporthalle 1','An der Akademie 6','Ostfildern-Nellingen','73760','DE','Haftmittel eingeschränkt — Angaben zu Details siehe Handball.net',0,'2026-06-06 19:25:55');
INSERT INTO venues VALUES(1049,'TB-Sporthalle beim Schulzentrum Halde','Hohenzollernstraße 28','Neuffen','72639','DE','Haftmittel eingeschränkt — Angaben zu Details siehe Handball.net',0,'2026-06-06 19:25:55');
INSERT INTO venues VALUES(1050,'Egelsee-Sporthalle 1','Rupert-Mayer-Straße 74','Neuhausen/Filder','73765','DE','Haftmittel eingeschränkt — Angaben zu Details siehe Handball.net',0,'2026-06-06 19:25:55');
INSERT INTO venues VALUES(1051,'Egelsee-Sporthalle 2','Rupert-Mayer-Straße 74','Neuhausen/Filder','73765','DE','Haftmittel verboten',0,'2026-06-06 19:25:55');
INSERT INTO venues VALUES(1052,'Neckar-Sporthalle','Mühlstraße 35','Nürtingen','72622','DE','Haftmittel verboten',0,'2026-06-06 19:25:55');
INSERT INTO venues VALUES(1053,'Sporlastic-Arena','Mühlstraße 25','Nürtingen','72622','DE','Haftmittel eingeschränkt — Angaben zu Details siehe Handball.net',0,'2026-06-06 19:25:55');
INSERT INTO venues VALUES(1054,'Eduard-Mörike-Halle','Zum Rübholz 1','Kirchheim-Oetlingen','73230','DE','Haftmittel verboten',0,'2026-06-06 19:25:55');
INSERT INTO venues VALUES(1055,'Teckhalle','Rinnenweg 5/2','Owen/Teck','73277','DE','Haftmittel eingeschränkt — Angaben zu Details siehe Handball.net',0,'2026-06-06 19:25:55');
INSERT INTO venues VALUES(1056,'Gymnasiumhalle','Tannenstraße 47','Plochingen','73207','DE','Haftmittel eingeschränkt — Angaben zu Details siehe Handball.net',0,'2026-06-06 19:25:55');
INSERT INTO venues VALUES(1057,'Schafhausäckerhalle','Carl-Orff-Weg 4','Plochingen','73207','DE','Haftmittel eingeschränkt — Angaben zu Details siehe Handball.net',0,'2026-06-06 19:25:55');
INSERT INTO venues VALUES(1058,'Brühlhalle','Karlstraße','Reichenbach','73262','DE','Haftmittel erlaubt',0,'2026-06-06 19:25:55');
INSERT INTO venues VALUES(1059,'Sporthalle','Justinus-Kerner-Weg 44','Ostfildern-Ruit','73760','DE','Haftmittel eingeschränkt — Angaben zu Details siehe Handball.net',0,'2026-06-06 19:25:55');
INSERT INTO venues VALUES(1060,'Sporthalle','Gerhard-Koch-Straße 6','Ostfildern-Scharnhauser Park','73760','DE','Haftmittel eingeschränkt — Angaben zu Details siehe Handball.net',0,'2026-06-06 19:25:55');
INSERT INTO venues VALUES(1061,'Körschtalhalle','Rolf-Brack-Straße 2','Ostfildern-Scharnhausen','73760','DE','Haftmittel eingeschränkt — Angaben zu Details siehe Handball.net',0,'2026-06-06 19:25:55');
INSERT INTO venues VALUES(1062,'Sporthalle','Barbarossastraße 85','Esslingen-Serach','73732','DE','Haftmittel verboten',0,'2026-06-06 19:25:55');
INSERT INTO venues VALUES(1063,'Sporthalle','Seestraße 21','Filderstadt-Sielmingen','70794','DE','Haftmittel eingeschränkt — Angaben zu Details siehe Handball.net',0,'2026-06-06 19:25:55');
INSERT INTO venues VALUES(1064,'Sport- und Festhalle','Jahnstraße','Leinf.-Echterdingen-Stetten','70771','DE','Haftmittel eingeschränkt — Angaben zu Details siehe Handball.net',0,'2026-06-06 19:25:55');
INSERT INTO venues VALUES(1065,'Sporthalle','Kornhalde','Esslingen-Sulzgries','73733','DE','Haftmittel eingeschränkt — Angaben zu Details siehe Handball.net',0,'2026-06-06 19:25:55');
INSERT INTO venues VALUES(1066,'Bettwiesenhalle','Schulstraße 43','Unterensingen','72669','DE','Haftmittel eingeschränkt — Angaben zu Details siehe Handball.net',0,'2026-06-06 19:25:55');
INSERT INTO venues VALUES(1067,'Sporthalle','Pouilly-en-Auxois-Platz 1','Lenningen-Unterlenningen','73252','DE','Haftmittel eingeschränkt — Angaben zu Details siehe Handball.net',0,'2026-06-06 19:25:55');
INSERT INTO venues VALUES(1068,'Sporthalle Hegel-Gymnasium','Robert-Koch-Straße 90','Stuttgart-Vaihingen','70563','DE','Haftmittel verboten',0,'2026-06-06 19:25:55');
INSERT INTO venues VALUES(1069,'Sporthalle','Weilstraße 201','Esslingen','73733','DE','Haftmittel verboten',0,'2026-06-06 19:25:55');
INSERT INTO venues VALUES(1070,'Sporthalle Wühle','Hegelstraße','Weilheim/Teck','73235','DE','Haftmittel eingeschränkt — Angaben zu Details siehe Handball.net',0,'2026-06-06 19:25:55');
INSERT INTO venues VALUES(1071,'Sporthalle Am Berg','Am Berg','Wendlingen','73240','DE','Haftmittel verboten',0,'2026-06-06 19:25:55');
INSERT INTO venues VALUES(1072,'Neckartal-Sporthalle','Stadionweg 16','Wernau','73249','DE','Haftmittel eingeschränkt — Angaben zu Details siehe Handball.net',0,'2026-06-06 19:25:55');
INSERT INTO venues VALUES(1073,'Sporthalle beim Sportzentrum','Nürtinger Straße 77','Wolfschlugen','72649','DE','Haftmittel eingeschränkt — Angaben zu Details siehe Handball.net',0,'2026-06-06 19:25:55');
INSERT INTO venues VALUES(1074,'Turn- und Festhalle','Ulrichstraße 9','Wolfschlugen','72649','DE','Haftmittel erlaubt',0,'2026-06-06 19:25:55');
INSERT INTO venues VALUES(1075,'Städt. Sporthalle beim Schulzentrum Zell','Alleenstraße 1','Esslingen-Zell','73730','DE','Haftmittel eingeschränkt — Angaben zu Details siehe Handball.net',0,'2026-06-06 19:25:55');
INSERT INTO venues VALUES(1076,'Sporthalle beim Berufschulzentrum','Steinbeisstraße 17','Esslingen-Zell','73730','DE','Haftmittel verboten',0,'2026-06-06 19:25:55');
INSERT INTO venues VALUES(1077,'Rohräckerhalle','Traifelbergstraße','Esslingen-Zollberg','73734','DE','Haftmittel verboten',0,'2026-06-06 19:25:55');
INSERT INTO venues VALUES(1078,'Sporthalle','Baacher Straße 2','Baltmannsweiler','73666','DE','Haftmittel eingeschränkt — Angaben zu Details siehe Handball.net',0,'2026-06-06 19:25:55');
INSERT INTO venues VALUES(1079,'Sporthalle Fanny-Leicht-Gymnasium','Fanny-Leicht-Straße 13','Stuttgart','70563','DE','Haftmittel verboten',0,'2026-06-06 19:25:55');
INSERT INTO venues VALUES(1080,'Sportpark Goldäcker','Leinfelder Straße 101','Leinfelden-Echterdingen','70771','DE','Haftmittel eingeschränkt — Angaben zu Details siehe Handball.net',0,'2026-06-06 19:25:55');
INSERT INTO venues VALUES(1081,'Sporthalle Brandfeld','Esslinger Straße 55','Filderstadt-Harthausen','70794','DE','Haftmittel eingeschränkt — Angaben zu Details siehe Handball.net',0,'2026-06-06 19:25:55');
INSERT INTO venues VALUES(1082,'Sporthalle an der Lindach','Egelsbergstraße 1','Weilheim/Teck','73235','DE','Haftmittel eingeschränkt — Angaben zu Details siehe Handball.net',0,'2026-06-06 19:25:55');
INSERT INTO venues VALUES(1083,'Sporthalle Fuchsgrube','Steinackerstraße 79','Köngen','73257','DE','Haftmittel verboten',0,'2026-06-06 19:25:55');
INSERT INTO venues VALUES(1084,'Sporthalle Römerstraße','Römerstraße 11','Esslingen','73732','DE','Haftmittel eingeschränkt — Angaben zu Details siehe Handball.net',0,'2026-06-06 19:25:55');
INSERT INTO venues VALUES(1085,'Sporthalle am Bildungszentrum Seefälle','Mahlestraße 60','Filderstadt-Bonlanden','70794','DE','Haftmittel eingeschränkt — Angaben zu Details siehe Handball.net',0,'2026-06-06 19:25:55');
INSERT INTO venues VALUES(1086,'Ebersbach','Zeppelinstraße 3-13 (Navi-Eingabe: Jahnstraße 11)','Ebersbach','73061','DE','Haftmittel verboten',0,'2026-06-06 19:25:55');
INSERT INTO venues VALUES(1087,'Höhensporthalle Weilerhau','Im Weilerhau','Filderstadt-Plattenhardt','70794','DE','Haftmittel eingeschränkt — Angaben zu Details siehe Handball.net',0,'2026-06-06 19:25:55');
INSERT INTO venues VALUES(1088,'Schurwaldhalle','Krummhardter Str. 54','Aichwald-Schanbach','73773','DE','Haftmittel verboten',0,'2026-06-06 19:25:55');
INSERT INTO venues VALUES(1089,'Galgenberghalle','Galgenbergstraße 50','Aalen-Ost','73431','DE','Haftmittel eingeschränkt — Angaben zu Details siehe Handball.net',0,'2026-06-06 19:25:55');
INSERT INTO venues VALUES(1090,'Ulrich-Pfeifle-Halle','Parkstraße 2','Aalen','73430','DE','Haftmittel eingeschränkt — Angaben zu Details siehe Handball.net',0,'2026-06-06 19:25:55');
INSERT INTO venues VALUES(1091,'Weidenfeldhalle','Steinbeisstraße 2','Aalen','73430','DE','Haftmittel verboten',0,'2026-06-06 19:25:55');
INSERT INTO venues VALUES(1092,'Karl-Weiland-Halle','Friedrichstraße 72','Aalen','73430','DE','Haftmittel eingeschränkt — Angaben zu Details siehe Handball.net',0,'2026-06-06 19:25:55');
INSERT INTO venues VALUES(1093,'Uhlandhalle','Wolf-Hirth-Straße 50','Schwäb.Gmünd-Bettringen','73529','DE','Haftmittel eingeschränkt — Angaben zu Details siehe Handball.net',0,'2026-06-06 19:25:55');
INSERT INTO venues VALUES(1094,'Alb-Sporthalle','Beim Sportgelände','Böhmenkirch','89558','DE','Haftmittel eingeschränkt — Angaben zu Details siehe Handball.net',0,'2026-06-06 19:25:55');
INSERT INTO venues VALUES(1095,'Buchfeldhalle','Rottsteige','Herbrechtingen-Bolheim','89542','DE','Haftmittel eingeschränkt — Angaben zu Details siehe Handball.net',0,'2026-06-06 19:25:55');
INSERT INTO venues VALUES(1096,'Schulsporthalle','Bernardusstraße 22','Deggingen','73326','DE','Haftmittel verboten',0,'2026-06-06 19:25:55');
INSERT INTO venues VALUES(1097,'Lindenhalle','Querstraße 14','Gerstetten-Dettingen','89547','DE','Haftmittel verboten',0,'2026-06-06 19:25:55');
INSERT INTO venues VALUES(1098,'Lautertalhalle','Süßener Straße 14','Donzdorf','73072','DE','Haftmittel eingeschränkt — Angaben zu Details siehe Handball.net',0,'2026-06-06 19:25:55');
INSERT INTO venues VALUES(1099,'Öschhalle 2','Staufeneckstraße 41','Eislingen/Fils','73054','DE','Haftmittel verboten',0,'2026-06-06 19:25:55');
INSERT INTO venues VALUES(1100,'Öschhalle 1','Talstraße 54','Eislingen/Fils','73054','DE','Haftmittel verboten',0,'2026-06-06 19:25:55');
INSERT INTO venues VALUES(1101,'Rundsporthalle','Langres Straße','Ellwangen','73479','DE','Haftmittel verboten',0,'2026-06-06 19:25:55');
INSERT INTO venues VALUES(1102,'Michelberghalle','Staubstraße 50','Geislingen/Steige','73312','DE','Haftmittel eingeschränkt — Angaben zu Details siehe Handball.net',0,'2026-06-06 19:25:55');
INSERT INTO venues VALUES(1103,'Wölkhalle','Rheinlandstraße 80','Geislingen/Steige','73312','DE','Haftmittel verboten',0,'2026-06-06 19:25:55');
INSERT INTO venues VALUES(1104,'Georg-Fink-Halle','Friedrichstraße 45','Gerstetten','89547','DE','Haftmittel eingeschränkt — Angaben zu Details siehe Handball.net',0,'2026-06-06 19:25:55');
INSERT INTO venues VALUES(1105,'Schwagehalle','Gluckstraße 10','Giengen/Brenz','89537','DE','Haftmittel eingeschränkt — Angaben zu Details siehe Handball.net',0,'2026-06-06 19:25:55');
INSERT INTO venues VALUES(1106,'Walter-Schmid-Halle','Beethovenstraße 12','Giengen/Brenz','89537','DE','Haftmittel verboten',0,'2026-06-06 19:25:55');
INSERT INTO venues VALUES(1107,'BOSIG-Hohensteinhalle','Lindenstraße 65','Gingen/Fils','73333','DE','Haftmittel eingeschränkt — Angaben zu Details siehe Handball.net',0,'2026-06-06 19:25:55');
INSERT INTO venues VALUES(1108,'EWS Arena','Nördliche Ringstraße 87','Göppingen','73033','DE','Haftmittel eingeschränkt — Angaben zu Details siehe Handball.net',0,'2026-06-06 19:25:55');
INSERT INTO venues VALUES(1109,'Oede-Sporthalle1','Christian-Grüninger-Straße 12','Göppingen','73035','DE','Haftmittel verboten',0,'2026-06-06 19:25:55');
INSERT INTO venues VALUES(1110,'Parkhaushalle','Bahnhofstraße 25','Göppingen','73033','DE','Haftmittel eingeschränkt — Angaben zu Details siehe Handball.net',0,'2026-06-06 19:25:55');
INSERT INTO venues VALUES(1111,'Sporthalle beim Berufschulzentrum','Heidenheimer Straße 1','Schwäbisch Gmünd-Hardt','73529','DE','Haftmittel verboten',0,'2026-06-06 19:25:55');
INSERT INTO venues VALUES(1112,'Karl-Rau-Halle','Lortzingstraße','Heidenheim','89518','DE','Haftmittel eingeschränkt — Angaben zu Details siehe Handball.net',0,'2026-06-06 19:25:55');
INSERT INTO venues VALUES(1113,'Landkreishalle','Heckentalstraße 86','Heidenheim','89518','DE','Haftmittel verboten',0,'2026-06-06 19:25:55');
INSERT INTO venues VALUES(1114,'Sporthalle beim Werkgymnasium','Römerstraße 110','Heidenheim','89522','DE','Haftmittel verboten',0,'2026-06-06 19:25:55');
INSERT INTO venues VALUES(1115,'Voralbhalle','Krautgarten 1','Heiningen','73092','DE','Haftmittel eingeschränkt — Angaben zu Details siehe Handball.net',0,'2026-06-06 19:25:55');
INSERT INTO venues VALUES(1116,'Bibrishalle (Neubau)','Brückenstraße','Herbrechtingen','89542','DE','Haftmittel eingeschränkt — Angaben zu Details siehe Handball.net',0,'2026-06-06 19:25:55');
INSERT INTO venues VALUES(1117,'Sporthalle','Adlerstraße 55','Heubach','73540','DE','Haftmittel eingeschränkt — Angaben zu Details siehe Handball.net',0,'2026-06-06 19:25:55');
INSERT INTO venues VALUES(1118,'Limeshalle','Sulzdorfer Straße 8','Hüttlingen','73460','DE','Haftmittel eingeschränkt — Angaben zu Details siehe Handball.net',0,'2026-06-06 19:25:55');
INSERT INTO venues VALUES(1119,'Herwartsteinhalle','Springenstraße','Königsbronn','89551','DE','Haftmittel eingeschränkt — Angaben zu Details siehe Handball.net',0,'2026-06-06 19:25:55');
INSERT INTO venues VALUES(1120,'Ankenhalle','Jahnstraße','Kuchen','73329','DE','Haftmittel eingeschränkt — Angaben zu Details siehe Handball.net',0,'2026-06-06 19:25:55');
INSERT INTO venues VALUES(1121,'Mackilohalle','Heubacher Straße','Mögglingen','73563','DE','Haftmittel verboten',0,'2026-06-06 19:25:55');
INSERT INTO venues VALUES(1122,'Schwörzhalle','Aalener Straße 88','Oberkochen','73447','DE','Haftmittel eingeschränkt — Angaben zu Details siehe Handball.net',0,'2026-06-06 19:25:55');
INSERT INTO venues VALUES(1123,'Sporthalle bei der Realschule','Ebene 16','Rechberghausen','73098','DE','Haftmittel verboten',0,'2026-06-06 19:25:55');
INSERT INTO venues VALUES(1124,'Ballspielhalle','In den Seewiesen','Heidenheim-Schnaitheim','89520','DE','Haftmittel eingeschränkt — Angaben zu Details siehe Handball.net',0,'2026-06-06 19:25:55');
INSERT INTO venues VALUES(1125,'Große Sporthalle','Katharinenstraße 33','Schwäbisch Gmünd','73525','DE','Haftmittel eingeschränkt — Angaben zu Details siehe Handball.net',0,'2026-06-06 19:25:55');
INSERT INTO venues VALUES(1126,'Hermann-Eberhardt-Halle','Neustraße','Sontheim','89567','DE','Haftmittel eingeschränkt — Angaben zu Details siehe Handball.net',0,'2026-06-06 19:25:55');
INSERT INTO venues VALUES(1127,'Wentalhalle','Jahnstraße 7','Steinheim/Albuch','89555','DE','Haftmittel eingeschränkt — Angaben zu Details siehe Handball.net',0,'2026-06-06 19:25:55');
INSERT INTO venues VALUES(1128,'Römerhalle','Wallenstraße 29','Schwäbisch Gmünd-Straßdorf','73529','DE','Haftmittel eingeschränkt — Angaben zu Details siehe Handball.net',0,'2026-06-06 19:25:55');
INSERT INTO venues VALUES(1129,'Bizethalle','Schulstraße 11','Süßen','73079','DE','Haftmittel eingeschränkt — Angaben zu Details siehe Handball.net',0,'2026-06-06 19:25:55');
INSERT INTO venues VALUES(1130,'Haldenberghalle','Panoramastraße 10','Uhingen','73066','DE','Haftmittel eingeschränkt — Angaben zu Details siehe Handball.net',0,'2026-06-06 19:25:55');
INSERT INTO venues VALUES(1131,'Sporthalle','Roßbrunnenweg','Aalen-Unterkochen','73432','DE','Haftmittel eingeschränkt — Angaben zu Details siehe Handball.net',0,'2026-06-06 19:25:55');
INSERT INTO venues VALUES(1132,'Schwarzhornhalle','Brunnengasse 34','Waldstetten','73550','DE','Haftmittel eingeschränkt — Angaben zu Details siehe Handball.net',0,'2026-06-06 19:25:55');
INSERT INTO venues VALUES(1133,'Forstberghalle','Schorndorfer Straße','Wangen (GP)','73117','DE','Haftmittel verboten',0,'2026-06-06 19:25:55');
INSERT INTO venues VALUES(1134,'Talsporthalle','Hofwiesenstraße 51','Aalen-Wasseralfingen','73433','DE','Haftmittel eingeschränkt — Angaben zu Details siehe Handball.net',0,'2026-06-06 19:25:55');
INSERT INTO venues VALUES(1135,'Kaiserberghalle','Schillerstraße 20','Waldstetten-Wißgoldingen','73550','DE','Haftmittel eingeschränkt — Angaben zu Details siehe Handball.net',0,'2026-06-06 19:25:55');
INSERT INTO venues VALUES(1136,'Buchenberghalle','Freigasse 20','Ellwangen','73479','DE','Haftmittel verboten',0,'2026-06-06 19:25:55');
INSERT INTO venues VALUES(1137,'Kreuzberghalle','Donzdorfer Straße 3','Lauterstein-Nenningen','73111','DE','Haftmittel eingeschränkt — Angaben zu Details siehe Handball.net',0,'2026-06-06 19:25:55');
INSERT INTO venues VALUES(1138,'Sporthalle','Dobelweg 23','Schlierbach','73278','DE','Haftmittel verboten',0,'2026-06-06 19:25:55');
INSERT INTO venues VALUES(1139,'Sporthalle Am Schäle','Hofwiesenstraße 55','Aalen-Wasseralfingen','73433','DE','Haftmittel verboten',0,'2026-06-06 19:25:55');
INSERT INTO venues VALUES(1140,'EWS Arena 2','Nördliche Ringstraße 87','Göppingen','73033','DE','Haftmittel eingeschränkt — Angaben zu Details siehe Handball.net',0,'2026-06-06 19:25:55');
INSERT INTO venues VALUES(1141,'Oede-Sporthalle 2','Christian-Grüninger-Straße 12','Göppingen','73035','DE','Haftmittel verboten',0,'2026-06-06 19:25:55');
INSERT INTO venues VALUES(1142,'FEIN-Halle','Himmelreichstraße 7','Schwäbisch Gmünd-Bargau','73529','DE','Haftmittel eingeschränkt — Angaben zu Details siehe Handball.net',0,'2026-06-06 19:25:55');
INSERT INTO venues VALUES(1143,'Rosensteinhalle','Helmut-Hörmann-Straße 10','Heubach','73540','DE','Haftmittel verboten',0,'2026-06-06 19:25:55');
INSERT INTO venues VALUES(1144,'Kocherhalle','Aalener Straße 88','Oberkochen','73447','DE','Haftmittel eingeschränkt — Angaben zu Details siehe Handball.net',0,'2026-06-06 19:25:55');
INSERT INTO venues VALUES(1145,'Sporthalle Buchhalde','Buchhaldenstraße 4','Aidlingen','71134','DE','Haftmittel verboten',0,'2026-06-06 19:25:55');
INSERT INTO venues VALUES(1146,'Peter-Creuzberger-Halle','Furtweg 24','Altdorf','71155','DE','Haftmittel verboten',0,'2026-06-06 19:25:55');
INSERT INTO venues VALUES(1147,'Justus-Perles-Halle','Grenzweg','Altensteig','72213','DE','Haftmittel eingeschränkt — Angaben zu Details siehe Handball.net',0,'2026-06-06 19:25:55');
INSERT INTO venues VALUES(1148,'Eichwaldhalle','Grenzweg 55','Altensteig','72213','DE','Haftmittel eingeschränkt — Angaben zu Details siehe Handball.net',0,'2026-06-06 19:25:55');
INSERT INTO venues VALUES(1149,'Sporthalle','Jahnstraße 7-9','Althengstett','75382','DE','Haftmittel verboten',0,'2026-06-06 19:25:55');
INSERT INTO venues VALUES(1150,'Sporthalle','Hoffmannstraße 6','Reutlingen-Betzingen','72770','DE','Haftmittel verboten',0,'2026-06-06 19:25:55');
INSERT INTO venues VALUES(1151,'Hermann-Raiser-Sporthalle','Kremser Straße 1','Böblingen','71034','DE','Haftmittel verboten',0,'2026-06-06 19:25:55');
INSERT INTO venues VALUES(1152,'Murkenbachhalle 1','Murkenbachweg 8','Böblingen','71032','DE','Haftmittel eingeschränkt — Angaben zu Details siehe Handball.net',0,'2026-06-06 19:25:55');
INSERT INTO venues VALUES(1153,'Murkenbachhalle 2','Murkenbachweg 10','Böblingen','71032','DE','Haftmittel verboten',0,'2026-06-06 19:25:55');
INSERT INTO venues VALUES(1154,'Sporthalle Diezenhalde','Freiburger Allee 50','Böblingen','71034','DE','Haftmittel verboten',0,'2026-06-06 19:25:55');
INSERT INTO venues VALUES(1155,'Gäuhalle','Alte Herrenberger Straße 28','Bondorf','71149','DE','Haftmittel eingeschränkt — Angaben zu Details siehe Handball.net',0,'2026-06-06 19:25:55');
INSERT INTO venues VALUES(1156,'Badstraßenhalle','Badstraße','Calw','75365','DE','Haftmittel verboten',0,'2026-06-06 19:25:55');
INSERT INTO venues VALUES(1157,'Sporthalle des Landkreises','Waldhörnlestraße','Tübingen-Derendingen','72072','DE','Haftmittel verboten',0,'2026-06-06 19:25:55');
INSERT INTO venues VALUES(1158,'Sporthalle 2 des Landkreises','Waldhörnlestraße 13','Tübingen-Derendingen','72072','DE','Haftmittel verboten',0,'2026-06-06 19:25:55');
INSERT INTO venues VALUES(1159,'Sporthalle','Schulzentrum','Dornstetten','72280','DE','Haftmittel verboten',0,'2026-06-06 19:25:55');
INSERT INTO venues VALUES(1160,'Sporthalle 1 im Sportzentrum Schalkwiesen','Hildrizhauser Straße 80','Ehningen','71139','DE','Haftmittel verboten',0,'2026-06-06 19:25:55');
INSERT INTO venues VALUES(1161,'Günter-Zeller-Sporthalle','Sulzwiesenstraße','Eningen u. A.','72800','DE','Haftmittel verboten',0,'2026-06-06 19:25:55');
INSERT INTO venues VALUES(1162,'Schwarzwaldhalle','Steingrubenweg','Gärtringen','71116','DE','Haftmittel erlaubt',0,'2026-06-06 19:25:55');
INSERT INTO venues VALUES(1163,'Theodor-Heuss-Halle','Schickardtstraße','Gärtringen','71116','DE','Haftmittel eingeschränkt — Angaben zu Details siehe Handball.net',0,'2026-06-06 19:25:55');
INSERT INTO venues VALUES(1164,'Freibühlhalle','Churstraße 38','Engstingen-Großengstingen','72829','DE','Haftmittel eingeschränkt — Angaben zu Details siehe Handball.net',0,'2026-06-06 19:25:55');
INSERT INTO venues VALUES(1165,'Sporthalle','Im Häring','Herrenberg-Haslach','71083','DE','Haftmittel eingeschränkt — Angaben zu Details siehe Handball.net',0,'2026-06-06 19:25:55');
INSERT INTO venues VALUES(1166,'Stadthalle','Schulstraße','Heimsheim','71296','DE','Haftmittel verboten',0,'2026-06-06 19:25:55');
INSERT INTO venues VALUES(1167,'Längenholzhalle','Marienstraße','Herrenberg','71083','DE','Haftmittel verboten',0,'2026-06-06 19:25:55');
INSERT INTO venues VALUES(1168,'Landkreishalle','Marienstraße','Herrenberg','71083','DE','Haftmittel verboten',0,'2026-06-06 19:25:55');
INSERT INTO venues VALUES(1169,'Markweghalle','Schießtäle','Herrenberg','71083','DE','Haftmittel eingeschränkt — Angaben zu Details siehe Handball.net',0,'2026-06-06 19:25:55');
INSERT INTO venues VALUES(1170,'Strohgäuhalle','Sonnenstraße 30','Leonberg-Höfingen','71229','DE','Haftmittel verboten',0,'2026-06-06 19:25:55');
INSERT INTO venues VALUES(1171,'Berkensporthalle','Schillerstraße','Holzgerlingen','71088','DE','Haftmittel verboten',0,'2026-06-06 19:25:55');
INSERT INTO venues VALUES(1172,'Schönbuchsporthalle','Weihdorfer Straße','Holzgerlingen','71088','DE','Haftmittel eingeschränkt — Angaben zu Details siehe Handball.net',0,'2026-06-06 19:25:55');
INSERT INTO venues VALUES(1173,'Hohenberghalle','Südring 3','Horb am Neckar','72160','DE','Haftmittel verboten',0,'2026-06-06 19:25:55');
INSERT INTO venues VALUES(1174,'Große Stadionhalle','Stadionstraße 27','Horb am Neckar','71260','DE','Haftmittel verboten',0,'2026-06-06 19:25:55');
INSERT INTO venues VALUES(1175,'Sporthalle','Keltenstraße','Herrenberg-Kuppingen','71083','DE','Haftmittel verboten',0,'2026-06-06 19:25:55');
INSERT INTO venues VALUES(1176,'Alte Sporthalle beim Kreisberufschulzentrum','Fockentalweg','Leonberg','71229','DE','Haftmittel verboten',0,'2026-06-06 19:25:55');
INSERT INTO venues VALUES(1177,'Sporthalle beim Sportzentrum','Steinstraße 18','Leonberg','71229','DE','Haftmittel eingeschränkt — Angaben zu Details siehe Handball.net',0,'2026-06-06 19:25:55');
INSERT INTO venues VALUES(1178,'Sporthalle','Alte Stuttgarter Straße 70','Magstadt','71106','DE','Haftmittel eingeschränkt — Angaben zu Details siehe Handball.net',0,'2026-06-06 19:25:55');
INSERT INTO venues VALUES(1179,'Sportzentrum Ösch - Halle 1','Noyonallee 20','Metzingen','72555','DE','Haftmittel eingeschränkt — Angaben zu Details siehe Handball.net',0,'2026-06-06 19:25:55');
INSERT INTO venues VALUES(1180,'Steinlachhalle','Goethestraße','Mössingen','72116','DE','Haftmittel eingeschränkt — Angaben zu Details siehe Handball.net',0,'2026-06-06 19:25:55');
INSERT INTO venues VALUES(1181,'Jahnhalle 2','Goethestraße','Mössingen','72116','DE','Haftmittel verboten',0,'2026-06-06 19:25:55');
INSERT INTO venues VALUES(1182,'Bächlenhalle','Max-Eyth-Straße 25','Nagold','72202','DE','Haftmittel verboten',0,'2026-06-06 19:25:55');
INSERT INTO venues VALUES(1183,'Sporthalle Otto-Hahn-Gymnasium','Unterm Wehr','Nagold','72202','DE','Haftmittel verboten',0,'2026-06-06 19:25:55');
INSERT INTO venues VALUES(1184,'Hermann-Wolf-Halle','Schollerstraße 8','Gäufelden-Nebringen','71126','DE','Haftmittel verboten',0,'2026-06-06 19:25:55');
INSERT INTO venues VALUES(1185,'Sporthalle','Bühlstraße','Neubulach','75387','DE','Haftmittel verboten',0,'2026-06-06 19:25:55');
INSERT INTO venues VALUES(1186,'Hofbühlhalle','Wolfgrubstraße','Metzingen-Neuhausen','72555','DE','Haftmittel eingeschränkt — Angaben zu Details siehe Handball.net',0,'2026-06-06 19:25:55');
INSERT INTO venues VALUES(1187,'Sporthalle','Burgstraße','Pfalzgrafenweiler','72285','DE','Haftmittel erlaubt',0,'2026-06-06 19:25:55');
INSERT INTO venues VALUES(1188,'Kurt-App-Halle','Kurze Straße 39','Pfullingen','72793','DE','Haftmittel erlaubt',0,'2026-06-06 19:25:55');
INSERT INTO venues VALUES(1189,'Rankbachhalle','Rankbachstraße 49','Renningen','71272','DE','Haftmittel eingeschränkt — Angaben zu Details siehe Handball.net',0,'2026-06-06 19:25:55');
INSERT INTO venues VALUES(1190,'Stadionhalle','Gottfried-Bauer-Straße','Renningen','71272','DE','Haftmittel eingeschränkt — Angaben zu Details siehe Handball.net',0,'2026-06-06 19:25:55');
INSERT INTO venues VALUES(1191,'Isolde-Kurz-Gymnasium','Charlottenstraße 65','Reutlingen','72764','DE','Haftmittel verboten',0,'2026-06-06 19:25:55');
INSERT INTO venues VALUES(1192,'Oskar-Kalbfell-Sporthalle','Kanzleistraße 30','Reutlingen','72764','DE','Haftmittel verboten',0,'2026-06-06 19:25:55');
INSERT INTO venues VALUES(1193,'Sporthalle Rennwiesen','Moltkestraße 41','Reutlingen','72762','DE','Haftmittel verboten',0,'2026-06-06 19:25:55');
INSERT INTO venues VALUES(1194,'Sporthalle Bildungszentrum Nord','Wittumstraße 39','Reutlingen-Rommelsbach','72768','DE','Haftmittel verboten',0,'2026-06-06 19:25:55');
INSERT INTO venues VALUES(1195,'Volksbank Arena','Jahnstraße 31','Rottenburg','72108','DE','Haftmittel verboten',0,'2026-06-06 19:25:55');
INSERT INTO venues VALUES(1196,'Kreuzerfeldhalle','Gelber Kreidebusen 45','Rottenburg','72108','DE','Haftmittel verboten',0,'2026-06-06 19:25:55');
INSERT INTO venues VALUES(1197,'Sporthalle Bühl','Robert-Bosch-Straße','Rutesheim','71277','DE','Haftmittel eingeschränkt — Angaben zu Details siehe Handball.net',0,'2026-06-06 19:25:55');
INSERT INTO venues VALUES(1198,'Sporthalle','Im Hasenbühl','Schönaich','71101','DE','Haftmittel verboten',0,'2026-06-06 19:25:55');
INSERT INTO venues VALUES(1199,'Eschenriedhalle','Eschenriedstraße 4','Sindelfingen','71067','DE','Haftmittel verboten',0,'2026-06-06 19:25:55');
INSERT INTO venues VALUES(1200,'Sommerhofenhalle','Hohenzollernstraße 53','Sindelfingen','71067','DE','Haftmittel eingeschränkt — Angaben zu Details siehe Handball.net',0,'2026-06-06 19:25:55');
INSERT INTO venues VALUES(1201,'Sporthalle Stadtmitte','Böblinger Straße 24','Sindelfingen','71063','DE','Haftmittel verboten',0,'2026-06-06 19:25:55');
INSERT INTO venues VALUES(1202,'Schulturnhalle beim Goldberggymnasium','Frankenstraße 15','Sindelfingen','71065','DE','Haftmittel verboten',0,'2026-06-06 19:25:55');
INSERT INTO venues VALUES(1203,'Gemeindehalle','Jahnstraße','Calw-Stammheim','75365','DE','Haftmittel verboten',0,'2026-06-06 19:25:55');
INSERT INTO venues VALUES(1204,'Storlach-Sporthalle','Mittnachtstraße 205','Reutlingen-Storlach','72760','DE','Haftmittel verboten',0,'2026-06-06 19:25:55');
INSERT INTO venues VALUES(1205,'Ernst-Braun-Halle','Panoramastraße','Lichtenstein-Unterhausen','72805','DE','Haftmittel eingeschränkt — Angaben zu Details siehe Handball.net',0,'2026-06-06 19:25:55');
INSERT INTO venues VALUES(1206,'Sporthalle','Rudolf-Harbig-Straße 40','Sindelfingen-Unterrieden','71063','DE','Haftmittel eingeschränkt — Angaben zu Details siehe Handball.net',0,'2026-06-06 19:25:55');
INSERT INTO venues VALUES(1207,'Sporthalle Waldhäuser Ost','Berliner Ring 33','Tübingen-Waldhäuser Ost','72076','DE','Haftmittel verboten',0,'2026-06-06 19:25:55');
INSERT INTO venues VALUES(1208,'Gemeindehalle','In der Röte 90','Weil im Schönbuch','71093','DE','Haftmittel verboten',0,'2026-06-06 19:25:55');
INSERT INTO venues VALUES(1209,'Sporthalle beim Berufschulzentrum','Oberriedterstraße','Calw-Wimberg','75365','DE','Haftmittel verboten',0,'2026-06-06 19:25:55');
INSERT INTO venues VALUES(1210,'Otto-Locher-Sporthalle','Jahnstraße 31','Rottenburg','72108','DE','Haftmittel verboten',0,'2026-06-06 19:25:55');
INSERT INTO venues VALUES(1211,'Murgtalhalle','Nogent-le-Rotrou-Straße','Baiersbronn','72270','DE','Haftmittel verboten',0,'2026-06-06 19:25:55');
INSERT INTO venues VALUES(1212,'Neue Sporthalle beim Kreisberufschulzentrum','Fockentalweg','Leonberg','71229','DE','Haftmittel eingeschränkt — Angaben zu Details siehe Handball.net',0,'2026-06-06 19:25:55');
INSERT INTO venues VALUES(1213,'Sporthalle der Ostertag-Realschule','Tiroler Straße 30','Leonberg','71229','DE','Haftmittel verboten',0,'2026-06-06 19:25:55');
INSERT INTO venues VALUES(1214,'Grabenrainsporthalle','Ahornstraße','Holzgerlingen','71088','DE','Haftmittel verboten',0,'2026-06-06 19:25:55');
INSERT INTO venues VALUES(1215,'Weiler Sportzentrum','In der Röte 94/2','Weil im Schönbuch','71093','DE','Haftmittel eingeschränkt — Angaben zu Details siehe Handball.net',0,'2026-06-06 19:25:55');
INSERT INTO venues VALUES(1216,'Sporthalle Sulzberg','Sulzberg 52','Alpirsbach','72275','DE','Haftmittel eingeschränkt — Angaben zu Details siehe Handball.net',0,'2026-06-06 19:25:55');
INSERT INTO venues VALUES(1217,'Paul-Horn Arena','Europastraße 50','Tübingen','72072','DE','Haftmittel eingeschränkt — Angaben zu Details siehe Handball.net',0,'2026-06-06 19:25:55');
INSERT INTO venues VALUES(1218,'Sportzentrum Ösch Sporthalle 2','Noyonallee 20','Metzingen','72555','DE','Haftmittel eingeschränkt — Angaben zu Details siehe Handball.net',0,'2026-06-06 19:25:55');
INSERT INTO venues VALUES(1219,'Stadionhalle','Ludwig-Jahn-Straße 56','Freudenstadt','72250','DE','Haftmittel verboten',0,'2026-06-06 19:25:55');
INSERT INTO venues VALUES(1220,'David Fahrner Halle','Landhausstraße 4','Freudenstadt','72250','DE','Haftmittel verboten',0,'2026-06-06 19:25:55');
INSERT INTO venues VALUES(1221,'Sporthalle Arbachtal','Pfullinger Straße 5','Eningen unter Achalm','72800','DE','Haftmittel eingeschränkt — Angaben zu Details siehe Handball.net',0,'2026-06-06 19:25:55');
INSERT INTO venues VALUES(1222,'Reuchlin-Sporthalle','Pforzheimer Straße 8','Bad Liebenzell','75378','DE','Haftmittel verboten',0,'2026-06-06 19:25:55');
INSERT INTO venues VALUES(1223,'Sporthalle 2 im Sportzentrum Schalkwiesen','Hildrizhauser Straße 80','Ehningen','71139','DE','Haftmittel verboten',0,'2026-06-06 19:25:55');
INSERT INTO venues VALUES(1224,'Staigwaldhalle','Büsnauer Straße 67','Leonberg-Warmbronn','71229','DE','Haftmittel eingeschränkt — Angaben zu Details siehe Handball.net',0,'2026-06-06 19:25:55');
INSERT INTO venues VALUES(1225,'Neue Sporthalle','Burgstraße 37','Pfalzgrafenweiler','72285','DE','Haftmittel verboten',0,'2026-06-06 19:25:55');
INSERT INTO venues VALUES(1226,'Walter-Lindner-Sporthalle','Im Krappen 2','Calw','75365','DE','Haftmittel verboten',0,'2026-06-06 19:25:55');
INSERT INTO venues VALUES(1227,'Dietweg-Halle','Carl-Diem-Straße 130','Reutlingen','72760','DE','Haftmittel verboten',0,'2026-06-06 19:25:55');
INSERT INTO venues VALUES(1228,'Riedsteighalle','Riedsteige 80','Dornstetten','72280','DE','Haftmittel verboten',0,'2026-06-06 19:25:55');
INSERT INTO venues VALUES(1229,'Schlehengäu-Sporthalle','Weingartenstraße 45','Gechingen','75391','DE','Haftmittel verboten',0,'2026-06-06 19:25:55');
INSERT INTO venues VALUES(1230,'Sporthalle','Auf dem Höhnisch','Dusslingen','72144','DE','Haftmittel verboten',0,'2026-06-06 19:25:55');
INSERT INTO venues VALUES(1231,'Ballspielhalle','Weiherwiesen','Walddorfhäslach','72141','DE','Haftmittel verboten',0,'2026-06-06 19:25:55');
INSERT INTO venues VALUES(1232,'Sporthalle bei der Schule','Bei der Schule 2','Ebhausen','72224','DE','Haftmittel verboten',0,'2026-06-06 19:25:55');
INSERT INTO venues VALUES(1233,'Sporthalle am Alemannenweg','Alemannenweg 23','Ammerbuch-Entringen','72119','DE','Haftmittel verboten',0,'2026-06-06 19:25:55');
INSERT INTO venues VALUES(1234,'Sporthalle','Heubergstraße 29','Aldingen (TUT)','78554','DE','Haftmittel eingeschränkt — Angaben zu Details siehe Handball.net',0,'2026-06-06 19:25:55');
INSERT INTO venues VALUES(1235,'Kreissporthalle','Steinachstraße 19','Balingen','72336','DE','Haftmittel eingeschränkt — Angaben zu Details siehe Handball.net',0,'2026-06-06 19:25:55');
INSERT INTO venues VALUES(1236,'Längenfeldhalle','Gymnasiumstraße 32','Balingen','72336','DE','Haftmittel eingeschränkt — Angaben zu Details siehe Handball.net',0,'2026-06-06 19:25:55');
INSERT INTO venues VALUES(1237,'Sporthalle bei der Realschule','Teckstraße 20','Balingen','72336','DE','Haftmittel eingeschränkt — Angaben zu Details siehe Handball.net',0,'2026-06-06 19:25:55');
INSERT INTO venues VALUES(1238,'Sporthalle','Zollernstraße','Bitz','72475','DE','Haftmittel eingeschränkt — Angaben zu Details siehe Handball.net',0,'2026-06-06 19:25:55');
INSERT INTO venues VALUES(1239,'Sporthalle','Albstraße 13','Burladingen','72393','DE','Haftmittel erlaubt',0,'2026-06-06 19:25:55');
INSERT INTO venues VALUES(1240,'Sporthalle','Schulstraße 16','Dotternhausen','72359','DE','Haftmittel verboten',0,'2026-06-06 19:25:55');
INSERT INTO venues VALUES(1241,'Mazmannhalle','Gymnasiumstraße 9','Albstadt-Ebingen','72458','DE','Haftmittel eingeschränkt — Angaben zu Details siehe Handball.net',0,'2026-06-06 19:25:55');
INSERT INTO venues VALUES(1242,'Sporthalle beim Berufschulzentrum','Kantstraße','Albstadt-Ebingen','72458','DE','Haftmittel verboten',0,'2026-06-06 19:25:55');
INSERT INTO venues VALUES(1243,'Sepp-Hipp-Halle','Spitalstraße','Fridingen/Donau','78567','DE','Haftmittel eingeschränkt — Angaben zu Details siehe Handball.net',0,'2026-06-06 19:25:55');
INSERT INTO venues VALUES(1244,'Sporthalle beim Sportgelände','','Frittlingen','78665','DE','Haftmittel verboten',0,'2026-06-06 19:25:55');
INSERT INTO venues VALUES(1245,'Sporthalle','Beethovenstraße','Balingen-Frommern','72336','DE','Haftmittel eingeschränkt — Angaben zu Details siehe Handball.net',0,'2026-06-06 19:25:55');
INSERT INTO venues VALUES(1246,'Schloßparkhalle','Schloßplatz 1','Geislingen bei Balingen','72351','DE','Haftmittel verboten',0,'2026-06-06 19:25:55');
INSERT INTO venues VALUES(1247,'Kreissporthalle','Masurenweg 2','Hechingen','72379','DE','Haftmittel verboten',0,'2026-06-06 19:25:55');
INSERT INTO venues VALUES(1248,'Lichtenauhalle','Eveltstr. 9','Hechingen','72379','DE','Haftmittel verboten',0,'2026-06-06 19:25:55');
INSERT INTO venues VALUES(1249,'Heuberghalle','Wildensteinstraße 23','Meßstetten','72469','DE','Haftmittel eingeschränkt — Angaben zu Details siehe Handball.net',0,'2026-06-06 19:25:55');
INSERT INTO venues VALUES(1250,'Sporthalle','Schillerstraße 18','Mühlheim/Donau','78570','DE','Haftmittel eingeschränkt — Angaben zu Details siehe Handball.net',0,'2026-06-06 19:25:55');
INSERT INTO venues VALUES(1251,'Sporthalle der Nendinger Donau-Hallen','','Tuttlingen-Nendingen','78532','DE','Haftmittel verboten',0,'2026-06-06 19:25:55');
INSERT INTO venues VALUES(1252,'Homburghalle','Hegaustraße','Neuhausen ob Eck','78579','DE','Haftmittel erlaubt',0,'2026-06-06 19:25:55');
INSERT INTO venues VALUES(1253,'Neckarhalle','Austraße','Oberndorf/Neckar','78727','DE','Haftmittel verboten',0,'2026-06-06 19:25:55');
INSERT INTO venues VALUES(1254,'Raichberghalle','Johannes-Raster-Straße 2','Albstadt-Onstmettingen','72461','DE','Haftmittel eingeschränkt — Angaben zu Details siehe Handball.net',0,'2026-06-06 19:25:55');
INSERT INTO venues VALUES(1255,'Doppelsporthalle 1','Heerstraße','Rottweil/Neckar','78628','DE','Haftmittel eingeschränkt — Angaben zu Details siehe Handball.net',0,'2026-06-06 19:25:55');
INSERT INTO venues VALUES(1256,'Kreissporthalle','Heerstraße 152','Rottweil/Neckar','78628','DE','Haftmittel verboten',0,'2026-06-06 19:25:55');
INSERT INTO venues VALUES(1257,'Doppelsporthalle 2','Heerstraße 140','Rottweil','78626','DE','Haftmittel eingeschränkt — Angaben zu Details siehe Handball.net',0,'2026-06-06 19:25:55');
INSERT INTO venues VALUES(1258,'Karl-Diehl-Halle','Bahnhofstraße 2','Schramberg','78713','DE','Haftmittel verboten',0,'2026-06-06 19:25:55');
INSERT INTO venues VALUES(1259,'Kellenbachhalle','Kellenbachstraße 1','Trossingen-Schura','78647','DE','Haftmittel eingeschränkt — Angaben zu Details siehe Handball.net',0,'2026-06-06 19:25:55');
INSERT INTO venues VALUES(1260,'Alleensporthalle','Alleenstraße 53','Schwenningen/Neckar','78054','DE','Haftmittel verboten',0,'2026-06-06 19:25:55');
INSERT INTO venues VALUES(1261,'Deutenberghalle 1','Spittelstraße 85','Schwenningen/Neckar','78054','DE','Haftmittel eingeschränkt — Angaben zu Details siehe Handball.net',0,'2026-06-06 19:25:55');
INSERT INTO venues VALUES(1262,'Deutenberghalle 2','Spittelstraße 85','Schwenningen','78054','DE','Haftmittel eingeschränkt — Angaben zu Details siehe Handball.net',0,'2026-06-06 19:25:55');
INSERT INTO venues VALUES(1263,'Gymnasiumhalle','Hohenzollernstraße 20','Sigmaringen','72488','DE','Haftmittel verboten',0,'2026-06-06 19:25:55');
INSERT INTO venues VALUES(1264,'Kreissporthalle','Hohenzollernstraße 41','Sigmaringen','72488','DE','Haftmittel verboten',0,'2026-06-06 19:25:55');
INSERT INTO venues VALUES(1265,'Sporthalle Unterbach','Schuraer Straße 7','Spaichingen','78549','DE','Haftmittel eingeschränkt — Angaben zu Details siehe Handball.net',0,'2026-06-06 19:25:55');
INSERT INTO venues VALUES(1266,'Kreissporthalle','Rottweiler Straße','Schramberg-Sulgen','78713','DE','Haftmittel eingeschränkt — Angaben zu Details siehe Handball.net',0,'2026-06-06 19:25:55');
INSERT INTO venues VALUES(1267,'Stadionhalle Sulz','Jahnstraße','Sulz am Neckar','72172','DE','Haftmittel verboten',0,'2026-06-06 19:25:55');
INSERT INTO venues VALUES(1268,'Sporthalle Langenwand','Vogelsangstraße 30','Albstadt-Tailfingen','72461','DE','Haftmittel eingeschränkt — Angaben zu Details siehe Handball.net',0,'2026-06-06 19:25:55');
INSERT INTO venues VALUES(1269,'Sporthalle Lutherschule','Erich-Kästner-Straße 30','Albstadt-Tailfingen','72461','DE','Haftmittel verboten',0,'2026-06-06 19:25:55');
INSERT INTO venues VALUES(1270,'Zollern-Alb-Halle','Untere Bachstraße 135','Albstadt-Tailfingen','72461','DE','Haftmittel verboten',0,'2026-06-06 19:25:55');
INSERT INTO venues VALUES(1271,'Hohenlupfen-Sporthalle','Beim Sportgelände','Talheim','78607','DE','Haftmittel eingeschränkt — Angaben zu Details siehe Handball.net',0,'2026-06-06 19:25:55');
INSERT INTO venues VALUES(1272,'Solweghalle','Hangenstraße 56','Trossingen','78647','DE','Haftmittel eingeschränkt — Angaben zu Details siehe Handball.net',0,'2026-06-06 19:25:55');
INSERT INTO venues VALUES(1273,'Sporthalle','Talstraße 13','Tuningen','78609','DE','Haftmittel verboten',0,'2026-06-06 19:25:55');
INSERT INTO venues VALUES(1274,'Gymnasium-Sporthalle','Mühlenweg 15','Tuttlingen','78532','DE','Haftmittel verboten',0,'2026-06-06 19:25:55');
INSERT INTO venues VALUES(1275,'Kreissporthalle','Berufsschulzentrum','Tuttlingen','78532','DE','Haftmittel eingeschränkt — Angaben zu Details siehe Handball.net',0,'2026-06-06 19:25:55');
INSERT INTO venues VALUES(1276,'Mühlau-Halle','Beim Hallenbad','Tuttlingen','78532','DE','Haftmittel verboten',0,'2026-06-06 19:25:55');
INSERT INTO venues VALUES(1277,'Sporthalle beim Gymnasium Hoptbühl','Stationenweg','VS-Villingen','78048','DE','Haftmittel eingeschränkt — Angaben zu Details siehe Handball.net',0,'2026-06-06 19:25:55');
INSERT INTO venues VALUES(1278,'Elta-Halle','Frauenwiesen 1','Wurmlingen','78573','DE','Haftmittel verboten',0,'2026-06-06 19:25:55');
INSERT INTO venues VALUES(1279,'Schillersporthalle','Schillerstraße','Spaichingen','78549','DE','Haftmittel verboten',0,'2026-06-06 19:25:55');
INSERT INTO venues VALUES(1280,'Sporthalle','Schillerstraße 35','Schömberg','72355','DE','Haftmittel eingeschränkt — Angaben zu Details siehe Handball.net',0,'2026-06-06 19:25:55');
INSERT INTO venues VALUES(1281,'Fritz-Kiehn-Halle','Achauerstraße 45','Trossingen','78647','DE','Haftmittel eingeschränkt — Angaben zu Details siehe Handball.net',0,'2026-06-06 19:25:55');
INSERT INTO venues VALUES(1282,'Sporthalle Hag','Leidringer Straße 45','Rosenfeld','72348','DE','Haftmittel verboten',0,'2026-06-06 19:25:55');
INSERT INTO venues VALUES(1283,'Mey Generalbau Arena','Am Stetten 1','Balingen','72336','DE','Haftmittel erlaubt',0,'2026-06-06 19:25:55');
INSERT INTO venues VALUES(1284,'Ludwig-Uhland-Sporthalle','Werderstraße 15','Tuttlingen','78532','DE','Haftmittel verboten',0,'2026-06-06 19:25:55');
INSERT INTO venues VALUES(1285,'Leintalhalle','Leimtalstraße 9','Frittlingen','78665','DE','Haftmittel verboten',0,'2026-06-06 19:25:55');
INSERT INTO venues VALUES(1286,'Wehle-Sporthalle','Hauptstraße 3','Dunningen','78655','DE','Haftmittel verboten',0,'2026-06-06 19:25:55');
INSERT INTO venues VALUES(1287,'Trigema Arena','Ambrosius-Heim-Straße','Burladingen','72393','DE','Haftmittel eingeschränkt — Angaben zu Details siehe Handball.net',0,'2026-06-06 19:25:55');
INSERT INTO venues VALUES(1288,'Sporthalle In der Au','In der Au 7','Sigmaringendorf','72517','DE','Haftmittel verboten',0,'2026-06-06 19:25:55');
INSERT INTO venues VALUES(1289,'Marquardt-Halle','Langes Gewand 2','Rietheim-Weilheim','78604','DE','Haftmittel verboten',0,'2026-06-06 19:25:55');
INSERT INTO venues VALUES(1290,'Sporthalle','Reutiner Straße 1','Lindau-Aeschach','88131','DE','Haftmittel verboten',0,'2026-06-06 19:25:55');
INSERT INTO venues VALUES(1291,'Rotachhalle','Leonie-Fürst-Straße 6','Friedrichshafen-Ailingen','88048','DE','Haftmittel verboten',0,'2026-06-06 19:25:55');
INSERT INTO venues VALUES(1292,'Aurainhalle','Lonetalstraße','Amstetten','73340','DE','Haftmittel verboten',0,'2026-06-06 19:25:55');
INSERT INTO venues VALUES(1293,'Sporthalle bei der Federseeschule','Auf dem Bahndamm 1','Bad Buchau','88422','DE','Haftmittel verboten',0,'2026-06-06 19:25:55');
INSERT INTO venues VALUES(1294,'ABC-Sporthalle','Schützenstraße 30','Bad Saulgau','88348','DE','Haftmittel eingeschränkt — Angaben zu Details siehe Handball.net',0,'2026-06-06 19:25:55');
INSERT INTO venues VALUES(1295,'Frauenberg-Gymnasium','Döchtbühlweg 2','Bad Waldsee','88399','DE','Haftmittel verboten',0,'2026-06-06 19:25:55');
INSERT INTO venues VALUES(1296,'Mali-Sporthalle','Adenauerallee 30','Biberach','88400','DE','Haftmittel eingeschränkt — Angaben zu Details siehe Handball.net',0,'2026-06-06 19:25:55');
INSERT INTO venues VALUES(1297,'Paul-Heckmann-Kreissporthalle','Leipziger Straße 7','Biberach','88400','DE','Haftmittel verboten',0,'2026-06-06 19:25:55');
INSERT INTO venues VALUES(1298,'neu 8130','','Biberach','88400','DE','Haftmittel verboten',0,'2026-06-06 19:25:55');
INSERT INTO venues VALUES(1299,'PG-Sporthalle 1-3','Breslaustraße 8','Biberach','88400','DE','Haftmittel eingeschränkt — Angaben zu Details siehe Handball.net',0,'2026-06-06 19:25:55');
INSERT INTO venues VALUES(1300,'Dieter-Baumann-Sporthalle','Dodelweg 18','Blaubeuren','89143','DE','Haftmittel eingeschränkt — Angaben zu Details siehe Handball.net',0,'2026-06-06 19:25:55');
INSERT INTO venues VALUES(1301,'Sporthalle','Promenadenweg','Dietenheim','89165','DE','Haftmittel eingeschränkt — Angaben zu Details siehe Handball.net',0,'2026-06-06 19:25:55');
INSERT INTO venues VALUES(1302,'Messehalle 2','Messestraße 4','Dornbirn','6850','DE','Haftmittel erlaubt',0,'2026-06-06 19:25:55');
INSERT INTO venues VALUES(1303,'Sporthalle Lustenauer Straße','Lustenauer Straße','Dornbirn','6850','DE','Haftmittel eingeschränkt — Angaben zu Details siehe Handball.net',0,'2026-06-06 19:25:55');
INSERT INTO venues VALUES(1304,'Sporthalle Landessportschule','Höchsterstraße 82','Dornbirn','6850','DE','Haftmittel verboten',0,'2026-06-06 19:25:55');
INSERT INTO venues VALUES(1305,'Messehalle 10','Messegelände','Dornbirn','6850','DE','Haftmittel verboten',0,'2026-06-06 19:25:55');
INSERT INTO venues VALUES(1306,'Sport- und Kulturtreff','Im Mittelbühl 29','Dornstadt','89160','DE','Haftmittel verboten',0,'2026-06-06 19:25:55');
INSERT INTO venues VALUES(1307,'Sporthalle Längenfeld','Wittumweg 19','Ehingen/D.','89584','DE','Haftmittel eingeschränkt — Angaben zu Details siehe Handball.net',0,'2026-06-06 19:25:55');
INSERT INTO venues VALUES(1308,'Wenzelsteinhalle','Am Wenzelstein','Ehingen/D.','89584','DE','Haftmittel eingeschränkt — Angaben zu Details siehe Handball.net',0,'2026-06-06 19:25:55');
INSERT INTO venues VALUES(1309,'Lixsporthalle','Boschstraße','Blaustein-Ehrenstein','89134','DE','Haftmittel eingeschränkt — Angaben zu Details siehe Handball.net',0,'2026-06-06 19:25:55');
INSERT INTO venues VALUES(1310,'Sporthalle','Kapellenstraße 40','Friedrichshafen-Fischbach','88048','DE','Haftmittel verboten',0,'2026-06-06 19:25:55');
INSERT INTO venues VALUES(1311,'Bodenseesporthalle','Katharinenstraße 28','Friedrichshafen','88045','DE','Haftmittel eingeschränkt — Angaben zu Details siehe Handball.net',0,'2026-06-06 19:25:55');
INSERT INTO venues VALUES(1312,'Sporthalle beim Berufschulzentrum','Steinbeisstraße 20','Friedrichshafen','88045','DE','Haftmittel verboten',0,'2026-06-06 19:25:55');
INSERT INTO venues VALUES(1313,'Sporthalle VfB-Stadion','Teuringer Straße 2','Friedrichshafen','88045','DE','Haftmittel verboten',0,'2026-06-06 19:25:55');
INSERT INTO venues VALUES(1314,'Oberauhalle','Hämmerlestraße 2','Feldkirch-Gisingen','6800','DE','Haftmittel verboten',0,'2026-06-06 19:25:55');
INSERT INTO venues VALUES(1315,'Neue Sporthalle','Riedlenstraße 12','Ulm-Gögglingen','89079','DE','Haftmittel verboten',0,'2026-06-06 19:25:55');
INSERT INTO venues VALUES(1316,'Sporthalle Mittelweiherburg','Flurstraße 12','Hard','6971','DE','Haftmittel verboten',0,'2026-06-06 19:25:55');
INSERT INTO venues VALUES(1317,'Sporthalle Hauptschule','Hasenfeldstraße 5','Lustenau-Hasenfeld','6890','DE','Haftmittel verboten',0,'2026-06-06 19:25:55');
INSERT INTO venues VALUES(1318,'Sporthalle Herrenried','Schubertstraße 12','Hohenems','6845','DE','Haftmittel eingeschränkt — Angaben zu Details siehe Handball.net',0,'2026-06-06 19:25:55');
INSERT INTO venues VALUES(1319,'Vöhlin-Sporthalle','Dietenheimer Straße','Illertissen','89257','DE','Haftmittel verboten',0,'2026-06-06 19:25:55');
INSERT INTO venues VALUES(1320,'Halle beim Kolleg der Schulbrüder','Bruckhofstraße','Illertissen','89257','DE','Haftmittel verboten',0,'2026-06-06 19:25:55');
INSERT INTO venues VALUES(1321,'Sporthalle','Josef-Forster-Straße','Illertissen-Au','89257','DE','Haftmittel verboten',0,'2026-06-06 19:25:55');
INSERT INTO venues VALUES(1322,'Rotmoos-Sporthalle','Rainstraße','Isny','88316','DE','Haftmittel verboten',0,'2026-06-06 19:25:55');
INSERT INTO venues VALUES(1323,'Festhalle','Markdorfer Straße 108','Friedrichshafen-Kluftern','88048','DE','Haftmittel erlaubt',0,'2026-06-06 19:25:55');
INSERT INTO venues VALUES(1324,'Sporthalle','Rütti 11','Koblach','6842','DE','Haftmittel verboten',0,'2026-06-06 19:25:55');
INSERT INTO venues VALUES(1325,'Parkturnhalle','Maicher Straße 15','Kressbronn','88079','DE','Haftmittel verboten',0,'2026-06-06 19:25:55');
INSERT INTO venues VALUES(1326,'Jahnhalle','Jahnstraße 5','Laichingen','89150','DE','Haftmittel verboten',0,'2026-06-06 19:25:55');
INSERT INTO venues VALUES(1327,'Argentalhalle','Germanenstraße','Tettnang-Laimnau','88069','DE','Haftmittel erlaubt',0,'2026-06-06 19:25:55');
INSERT INTO venues VALUES(1328,'Turn- und Festhalle','Amthausstraße','Langenargen','88085','DE','Haftmittel erlaubt',0,'2026-06-06 19:25:55');
INSERT INTO venues VALUES(1329,'Pfleghofhalle','Freistegstraße 4','Langenau','89129','DE','Haftmittel eingeschränkt — Angaben zu Details siehe Handball.net',0,'2026-06-06 19:25:55');
INSERT INTO venues VALUES(1330,'Herrenmahdhalle','Laubachweg','Laupheim','88471','DE','Haftmittel eingeschränkt — Angaben zu Details siehe Handball.net',0,'2026-06-06 19:25:55');
INSERT INTO venues VALUES(1331,'Rottumhalle','Laubachweg','Laupheim','88471','DE','Haftmittel eingeschränkt — Angaben zu Details siehe Handball.net',0,'2026-06-06 19:25:55');
INSERT INTO venues VALUES(1332,'Fliegerhorsthalle','Günzburger Straße 70','Leipheim','89340','DE','Haftmittel verboten',0,'2026-06-06 19:25:55');
INSERT INTO venues VALUES(1333,'Seelhaushalle','Seelhausweg 4','Leutkirch','88299','DE','Haftmittel verboten',0,'2026-06-06 19:25:55');
INSERT INTO venues VALUES(1334,'Gymnasium-Sporthalle','Beim Gymnasium','Leutkirch','88299','DE','Haftmittel verboten',0,'2026-06-06 19:25:55');
INSERT INTO venues VALUES(1335,'Sporthalle Fachoberschule','Reutiner Straße 10','Lindau','88131','DE','Haftmittel verboten',0,'2026-06-06 19:25:55');
INSERT INTO venues VALUES(1336,'Dreifachhalle','Sonnenhalde 55-59','Lindenberg','88161','DE','Haftmittel verboten',0,'2026-06-06 19:25:55');
INSERT INTO venues VALUES(1337,'Mühlbachhalle','Mühlweg 3','Lonsee','89173','DE','Haftmittel verboten',0,'2026-06-06 19:25:55');
INSERT INTO venues VALUES(1338,'Sporthalle Realschule Muthenhölzle','Albert-Schweizer-Straße 16','Neu-Ulm-Ludwigsfeld','89231','DE','Haftmittel verboten',0,'2026-06-06 19:25:55');
INSERT INTO venues VALUES(1339,'Sporthalle Gymnasium','Mühlefeldstraße 20','Lustenau','6890','DE','Haftmittel eingeschränkt — Angaben zu Details siehe Handball.net',0,'2026-06-06 19:25:55');
INSERT INTO venues VALUES(1340,'Carl-Gührer-Halle','beim Stadion Manzenberg','Tettnang-Manzenberg','88069','DE','Haftmittel eingeschränkt — Angaben zu Details siehe Handball.net',0,'2026-06-06 19:25:55');
INSERT INTO venues VALUES(1341,'Wilhelm-Schussen-Halle','Mariabrunner Straße 7','Eriskirch-Mariabrunn','88097','DE','Haftmittel verboten',0,'2026-06-06 19:25:55');
INSERT INTO venues VALUES(1342,'Sporthalle','Kloster Mehrerau','Bregenz-Mehrerau','6900','DE','Haftmittel verboten',0,'2026-06-06 19:25:55');
INSERT INTO venues VALUES(1343,'Mehrzweckhalle','An der Schule 7','Tettnang-Obereisenbach','88069','DE','Haftmittel verboten',0,'2026-06-06 19:25:55');
INSERT INTO venues VALUES(1344,'Turnhalle Herrschaftsbrühl','Brühlstraße','Ochsenhausen','88416','DE','Haftmittel verboten',0,'2026-06-06 19:25:55');
INSERT INTO venues VALUES(1345,'Sporthalle Offenhauser Gries','Kantstraße','Neu-Ulm-Offenhausen','89231','DE','Haftmittel verboten',0,'2026-06-06 19:25:55');
INSERT INTO venues VALUES(1346,'Sporthalle 1 beim Schulzentrum','Heerstraße 105','Neu Ulm-Pfuhl','89233','DE','Haftmittel eingeschränkt — Angaben zu Details siehe Handball.net',0,'2026-06-06 19:25:55');
INSERT INTO venues VALUES(1347,'Sporthalle 2 beim Schulzentrum','Heerstraße 107','Neu Ulm-Pfuhl','89233','DE','Haftmittel verboten',0,'2026-06-06 19:25:55');
INSERT INTO venues VALUES(1348,'Gymnasiumhalle','Am Gymnasium','Ravensburg','88212','DE','Haftmittel verboten',0,'2026-06-06 19:25:55');
INSERT INTO venues VALUES(1349,'Kuppelnauhalle','Schützenstraße 14','Ravensburg','88212','DE','Haftmittel eingeschränkt — Angaben zu Details siehe Handball.net',0,'2026-06-06 19:25:55');
INSERT INTO venues VALUES(1350,'Burachhalle beim Berufschulzentrum','Buracher Höhe','Ravensburg','88212','DE','Haftmittel eingeschränkt — Angaben zu Details siehe Handball.net',0,'2026-06-06 19:25:55');
INSERT INTO venues VALUES(1351,'Reichenfeldhalle','Schillerstraße 11a','Feldkirch','6800','DE','Haftmittel eingeschränkt — Angaben zu Details siehe Handball.net',0,'2026-06-06 19:25:55');
INSERT INTO venues VALUES(1352,'Durlesbachhalle','Bei der Schule-Reute','Bad Waldsee-Reute','88399','DE','Haftmittel erlaubt',0,'2026-06-06 19:25:55');
INSERT INTO venues VALUES(1353,'Sporthalle Kreisgymnasium','Beim Kreisgymnasium','Riedlingen','88499','DE','Haftmittel verboten',0,'2026-06-06 19:25:55');
INSERT INTO venues VALUES(1354,'Sporthalle Realschule','Goethestraße 36','Riedlingen','88499','DE','Haftmittel verboten',0,'2026-06-06 19:25:55');
INSERT INTO venues VALUES(1355,'Mühlbachhalle','Hauptstraße 28','Schemmerhofen','88433','DE','Haftmittel verboten',0,'2026-06-06 19:25:55');
INSERT INTO venues VALUES(1356,'Turnhalle','Wuhrwaldstraße 28','Bregenz-Schendlingen','6900','DE','Haftmittel eingeschränkt — Angaben zu Details siehe Handball.net',0,'2026-06-06 19:25:55');
INSERT INTO venues VALUES(1357,'ratiopharm-Sporthalle','Harthauser Straße 99','Ulm-Söflingen','89081','DE','Haftmittel erlaubt',0,'2026-06-06 19:25:55');
INSERT INTO venues VALUES(1358,'Sporthalle Kreuzbleiche','Bogenstraße 10','St. Gallen','9000','DE','Haftmittel erlaubt',0,'2026-06-06 19:25:55');
INSERT INTO venues VALUES(1359,'Athletik Zentrum, Halle 1-3','Parkstraße 2','St. Gallen','9000','DE','Haftmittel eingeschränkt — Angaben zu Details siehe Handball.net',0,'2026-06-06 19:25:55');
INSERT INTO venues VALUES(1360,'Turnhalle Volksbad','Volksbadstraße 3','St. Gallen','9000','DE','Haftmittel erlaubt',0,'2026-06-06 19:25:55');
INSERT INTO venues VALUES(1361,'Stadthalle','Manzenbergstraße','Tettnang','88069','DE','Haftmittel verboten',0,'2026-06-06 19:25:55');
INSERT INTO venues VALUES(1362,'Weststadthalle','Moltkestraße 10','Ulm','89077','DE','Haftmittel verboten',0,'2026-06-06 19:25:55');
INSERT INTO venues VALUES(1363,'Sporthalle Am Valckenburgufer','Valckenburgufer','Ulm','89073','DE','Haftmittel verboten',0,'2026-06-06 19:25:55');
INSERT INTO venues VALUES(1364,'Sporthalle Sportzentrum Kuhberg (Halle 7-9)','Eggingerweg 53','Ulm','89077','DE','Haftmittel eingeschränkt — Angaben zu Details siehe Handball.net',0,'2026-06-06 19:25:55');
INSERT INTO venues VALUES(1365,'Blauringhalle','Böblingerstraße 31','Ulm','89077','DE','Haftmittel verboten',0,'2026-06-06 19:25:55');
INSERT INTO venues VALUES(1366,'Brühlhalle','Nersingerstraße','Elchingen-Unterelchingen','89275','DE','Haftmittel eingeschränkt — Angaben zu Details siehe Handball.net',0,'2026-06-06 19:25:55');
INSERT INTO venues VALUES(1367,'Turn und Festhalle','Sailerstraße','Uttenweiler','88524','DE','Haftmittel eingeschränkt — Angaben zu Details siehe Handball.net',0,'2026-06-06 19:25:55');
INSERT INTO venues VALUES(1368,'Allgäutorhalle','Mozartstraße 31','Vogt','88267','DE','Haftmittel verboten',0,'2026-06-06 19:25:55');
INSERT INTO venues VALUES(1369,'Sporthalle Sportpark','Sportparkstraße','Vöhringen','89269','DE','Haftmittel eingeschränkt — Angaben zu Details siehe Handball.net',0,'2026-06-06 19:25:55');
INSERT INTO venues VALUES(1370,'Hermann-Luib-Halle - Sportpark','Sportparkstraße 8','Vöhringen','89269','DE','Haftmittel erlaubt',0,'2026-06-06 19:25:55');
INSERT INTO venues VALUES(1371,'Argenhalle','Aumühleweg 19','Wangen/A.','88239','DE','Haftmittel eingeschränkt — Angaben zu Details siehe Handball.net',0,'2026-06-06 19:25:55');
INSERT INTO venues VALUES(1372,'Ebnethalle','Danneckerweg 50','Wangen/Allgäu','88239','DE','Haftmittel eingeschränkt — Angaben zu Details siehe Handball.net',0,'2026-06-06 19:25:55');
INSERT INTO venues VALUES(1373,'Talschulsporthalle B','Jacob-Reiner-Straße 30','Weingarten','88250','DE','Haftmittel verboten',0,'2026-06-06 19:25:55');
INSERT INTO venues VALUES(1374,'Großsporthalle','Abt-Hyller-Straße 65','Weingarten','88250','DE','Haftmittel eingeschränkt — Angaben zu Details siehe Handball.net',0,'2026-06-06 19:25:55');
INSERT INTO venues VALUES(1375,'Tannenplatzhalle','Buchauer Straße 7','Ulm-Wiblingen','89079','DE','Haftmittel verboten',0,'2026-06-06 19:25:55');
INSERT INTO venues VALUES(1376,'Halle an der Friedrichshafener Straße','Friedrichshafener Straße','Ulm-Wiblingen','89079','DE','Haftmittel verboten',0,'2026-06-06 19:25:55');
INSERT INTO venues VALUES(1377,'Dreifachturnhalle','Holsteiner Straße','Senden-Wullenstetten','89250','DE','Haftmittel verboten',0,'2026-06-06 19:25:55');
INSERT INTO venues VALUES(1378,'Sporthalle im Kronried','Schützenstraße 63','Bad Saulgau','88348','DE','Haftmittel eingeschränkt — Angaben zu Details siehe Handball.net',0,'2026-06-06 19:25:55');
INSERT INTO venues VALUES(1379,'Franziska-Ziehank-Halle','Pestalozzistraße 2','Ichenhausen','89335','DE','Haftmittel verboten',0,'2026-06-06 19:25:55');
INSERT INTO venues VALUES(1380,'Güssen-Halle','Andreas-Weiß-Straße 3','Leipheim','89340','DE','Haftmittel verboten',0,'2026-06-06 19:25:55');
INSERT INTO venues VALUES(1381,'Halle Schulzentrum','Talstraße 76','Krumbach','86381','DE','Haftmittel verboten',0,'2026-06-06 19:25:55');
INSERT INTO venues VALUES(1382,'Sporthalle im Sportzentrum','Sportanlagen 3','Langenargen','88085','DE','Haftmittel eingeschränkt — Angaben zu Details siehe Handball.net',0,'2026-06-06 19:25:55');
INSERT INTO venues VALUES(1383,'Sporthalle bei der Grundschule','Remsharter Straße 2','Burgau','89331','DE','Haftmittel verboten',0,'2026-06-06 19:25:55');
INSERT INTO venues VALUES(1384,'Sporthalle','Rebaystraße 24','Günzburg','89312','DE','Haftmittel verboten',0,'2026-06-06 19:25:55');
INSERT INTO venues VALUES(1385,'Sporthalle','Im Täle 50','Aßmannshardt','88433','DE','Haftmittel verboten',0,'2026-06-06 19:25:55');
INSERT INTO venues VALUES(1386,'Sporthalle in der Schule','Schulstraße 7','Regglisweiler','89165','DE','Haftmittel verboten',0,'2026-06-06 19:25:55');
INSERT INTO venues VALUES(1387,'Rainhalle','Rainstraße','Isny','88316','DE','Haftmittel verboten',0,'2026-06-06 19:25:55');
INSERT INTO venues VALUES(1388,'Sporthalle Ulm Nord','Talstraße 51','Ulm-Lehr','89081','DE','Haftmittel eingeschränkt — Angaben zu Details siehe Handball.net',0,'2026-06-06 19:25:55');
INSERT INTO venues VALUES(1389,'Sporthalle Rieden-Vorkloster','Burggräflergasse 11','Bregenz','6900','DE','Haftmittel eingeschränkt — Angaben zu Details siehe Handball.net',0,'2026-06-06 19:25:55');
INSERT INTO venues VALUES(1390,'Kreissporthalle','Stadionstraße 3','Gundelfingen','89423','DE','Haftmittel verboten',0,'2026-06-06 19:25:55');
INSERT INTO venues VALUES(1391,'Sporthalle am See','Seestraße 60','Hard','6971','DE','Haftmittel erlaubt',0,'2026-06-06 19:25:55');
INSERT INTO venues VALUES(1392,'Sporthalle auf der Egert','Auf der Egert 2','Beimerstetten','89179','DE','Haftmittel verboten',0,'2026-06-06 19:25:55');
INSERT INTO venues VALUES(1393,'Daniel-Schwenkmezger-Halle','Beim Käppele 6','Laichingen','89150','DE','Haftmittel verboten',0,'2026-06-06 19:25:55');
INSERT INTO venues VALUES(1394,'Sporthalle Markt','Jakob-Haniball-Straße 11','Hohenems','6845','DE','Haftmittel verboten',0,'2026-06-06 19:25:55');
INSERT INTO venues VALUES(1395,'Schulturnhalle Weststadt','Höllwaldstraße 14','Ravensburg','88213','DE','Haftmittel verboten',0,'2026-06-06 19:25:55');
INSERT INTO venues VALUES(1396,'MS Lauterach','Monfortplatz 16','Lauterach','6923','DE','Haftmittel eingeschränkt — Angaben zu Details siehe Handball.net',0,'2026-06-06 19:25:55');
INSERT INTO venues VALUES(1397,'Sporthalle beim Schulzentrum','Drümmelbergstraße 22','Bad Schussenried','88425','DE','Haftmittel eingeschränkt — Angaben zu Details siehe Handball.net',0,'2026-06-06 19:25:55');
INSERT INTO venues VALUES(1398,'Turnhalle beim Bildungszentrum St. Konrad','Am Sonnebüchel 45','Ravensburg','88212','DE','Haftmittel verboten',0,'2026-06-06 19:25:55');
INSERT INTO venues VALUES(1399,'Messe-Ballsporthalle 1','Messestraße 4','Dornbirn','6850','DE','Haftmittel verboten',0,'2026-06-06 19:25:55');
INSERT INTO venues VALUES(1400,'Seesporthalle','Maicher Straße 33','Kressbronn','88079','DE','Haftmittel verboten',0,'2026-06-06 19:25:55');
INSERT INTO venues VALUES(1401,'Halle im Fun Sport und Spiel','Schachenstraße 11','Vogt','88267','DE','Haftmittel verboten',0,'2026-06-06 19:25:55');
INSERT INTO venues VALUES(1402,'Dr.-Hans-Liebherr-Sporthalle','Riedstraße 44','Ochsenhausen','88416','DE','Haftmittel verboten',0,'2026-06-06 19:25:55');
INSERT INTO venues VALUES(1403,'Sporthalle','Greuther Straße 1/1','Eriskirch','88097','DE','Haftmittel verboten',0,'2026-06-06 19:25:55');
INSERT INTO venues VALUES(1404,'Turn- und Festhalle','Marienstraße 18','Allmendingen','89604','DE','Haftmittel eingeschränkt — Angaben zu Details siehe Handball.net',0,'2026-06-06 19:25:55');
INSERT INTO venues VALUES(1405,'Sporthalle Oberzil','Brauerstraße 82','St. Gallen','9016','DE','Haftmittel eingeschränkt — Angaben zu Details siehe Handball.net',0,'2026-06-06 19:25:55');
INSERT INTO venues VALUES(1406,'Sporthalle Buch','Theodor-Heuss-Platz 5','Meckenbeuren','88074','DE','Haftmittel verboten',0,'2026-06-06 19:25:55');
INSERT INTO venues VALUES(1407,'Brunnisachhalle','Markdorfer Straße 108','Friedrichshafen-Kluftern','88048','DE','Haftmittel verboten',0,'2026-06-06 19:25:55');
INSERT INTO venues VALUES(1408,'Sporthalle','Fohlenstraße 19','Friedrichshafen-Ailingen','88048','DE','Haftmittel verboten',0,'2026-06-06 19:25:55');
INSERT INTO venues VALUES(1409,'Sporthalle bei der Grund- und Mittelschule','Kalzhofer Straße 55','Oberstaufen','87534','DE','Haftmittel verboten',0,'2026-06-06 19:25:55');
INSERT INTO venues VALUES(1410,'Gustav-Benz-Halle','Europastraße 9','Neu-Ulm','89231','DE','Haftmittel verboten',0,'2026-06-06 19:25:55');
INSERT INTO venues VALUES(1411,'Schulsporthalle am See','Seestraße 58','Hard','6971','DE','Haftmittel verboten',0,'2026-06-06 19:25:55');
INSERT INTO venues VALUES(1412,'Halle am Schinderwasen','Pappelauer Straße 40','Blaubeuren','89143','DE','Haftmittel verboten',0,'2026-06-06 19:25:55');
INSERT INTO venues VALUES(1413,'Theodor-Pfizer-Halle','Harthauser Straße 99','Ulm','89081','DE','Haftmittel verboten',0,'2026-06-06 19:25:55');
INSERT INTO venues VALUES(1414,'Kreissporthalle','Jahnstr. 9','Wangen/Allgäu','88239','DE','Haftmittel verboten',0,'2026-06-06 19:25:55');
INSERT INTO venues VALUES(1415,'Sporthalle an der Bleiche','Dinkelsbühler Straße 5','Rothenburg o.d.T.','91541','DE','Haftmittel verboten',0,'2026-06-06 19:25:55');
INSERT INTO venues VALUES(1416,'Baden-Arena','Schutterwälder Straße 3','Offenburg','77656','DE','Haftmittel eingeschränkt — Angaben zu Details siehe Handball.net',0,'2026-06-06 19:25:55');
INSERT INTO venues VALUES(1417,'Wittelsbacher Halle','Bahnhofstraße 15','Fürstenfeldbruck','82256','DE','Haftmittel eingeschränkt — Angaben zu Details siehe Handball.net',0,'2026-06-06 19:25:55');
INSERT INTO venues VALUES(1418,'Realschulhalle','An der Torfbahn','Ismaning','85737','DE','Haftmittel eingeschränkt — Angaben zu Details siehe Handball.net',0,'2026-06-06 19:25:55');
INSERT INTO venues VALUES(1419,'Osterfeldhalle','Oskar-Meester-Straße 2','Ismaning','85737','DE','Haftmittel eingeschränkt — Angaben zu Details siehe Handball.net',0,'2026-06-06 19:25:55');
INSERT INTO venues VALUES(1420,'Mainfeldhalle','Am Sportzentrum 10','Michelau','96247','DE','Haftmittel eingeschränkt — Angaben zu Details siehe Handball.net',0,'2026-06-06 19:25:55');
INSERT INTO venues VALUES(1421,'Hornisgrindehalle','Berliner Straße 3','Achern','77855','DE','Haftmittel verboten',0,'2026-06-06 19:25:55');
INSERT INTO venues VALUES(1422,'Winfried-Rosenfelder-Halle','Kirchstraße 43','Achern','77855','DE','Haftmittel verboten',0,'2026-06-06 19:25:55');
INSERT INTO venues VALUES(1423,'Sporthalle im Schulzentrum West','Rheinstraße 152','Baden-Baden-Oos','76532','DE','Haftmittel verboten',0,'2026-06-06 19:25:55');
INSERT INTO venues VALUES(1424,'Südbadische Sportschule Halle 2','Yburgstraße 115','Baden-Baden-Steinbach','76534','DE','Haftmittel eingeschränkt — Angaben zu Details siehe Handball.net',0,'2026-06-06 19:25:55');
INSERT INTO venues VALUES(1425,'Mehrzweckhalle','Schulstraße','Bietigheim','76467','DE','Haftmittel eingeschränkt — Angaben zu Details siehe Handball.net',0,'2026-06-06 19:25:55');
INSERT INTO venues VALUES(1426,'Schwarzwaldhalle','Ludwig-Jahn-Straße 8','Bühl','77815','DE','Haftmittel eingeschränkt — Angaben zu Details siehe Handball.net',0,'2026-06-06 19:25:55');
INSERT INTO venues VALUES(1427,'Hardtsporthalle','Triftstraße 11','Durmersheim','76448','DE','Haftmittel eingeschränkt — Angaben zu Details siehe Handball.net',0,'2026-06-06 19:25:55');
INSERT INTO venues VALUES(1428,'Schulsporthalle','Hauptstraße 72','Forbach','76596','DE','Haftmittel verboten',0,'2026-06-06 19:25:55');
INSERT INTO venues VALUES(1429,'Traischbachsporthalle','Waldstraße 38','Gaggenau','76571','DE','Haftmittel verboten',0,'2026-06-06 19:25:55');
INSERT INTO venues VALUES(1430,'Sporthalle','Mühlstraße 25','Gaggenau-Bad Rotenfels','76571','DE','Haftmittel eingeschränkt — Angaben zu Details siehe Handball.net',0,'2026-06-06 19:25:55');
INSERT INTO venues VALUES(1431,'Stadionhalle','von-Drais-Straße 1 b','Gernsbach','76593','DE','Haftmittel erlaubt',0,'2026-06-06 19:25:55');
INSERT INTO venues VALUES(1432,'Sporthalle am Cuppamare','Großaustraße 6','Kuppenheim','76456','DE','Haftmittel eingeschränkt — Angaben zu Details siehe Handball.net',0,'2026-06-06 19:25:55');
INSERT INTO venues VALUES(1433,'Wolf-Eberstein-Halle','Am Freizeitgelände neben der L67','Muggensturm','76461','DE','Haftmittel erlaubt',0,'2026-06-06 19:25:55');
INSERT INTO venues VALUES(1434,'Schwarzwaldhalle','Hasenwald 6','Ottenhöfen','77883','DE','Haftmittel verboten',0,'2026-06-06 19:25:55');
INSERT INTO venues VALUES(1435,'Sporthalle','Friedhofstraße 28','Ottersweier','77833','DE','Haftmittel eingeschränkt — Angaben zu Details siehe Handball.net',0,'2026-06-06 19:25:55');
INSERT INTO venues VALUES(1436,'Sporthalle August-Renner-Realschule','Lützower Straße 8','Rastatt','76437','DE','Haftmittel verboten',0,'2026-06-06 19:25:55');
INSERT INTO venues VALUES(1437,'Sporthalle Tulla-Gymnasium','Danziger Straße 1','Rastatt','76437','DE','Haftmittel verboten',0,'2026-06-06 19:25:55');
INSERT INTO venues VALUES(1438,'Sporthalle Niederbühl','Wiesenweg 51','Rastatt-Niederbühl','76437','DE','Haftmittel verboten',0,'2026-06-06 19:25:55');
INSERT INTO venues VALUES(1439,'Rhein-Rench-Halle','Dorfstraße 83','Rheinau-Helmlingen','77866','DE','Haftmittel eingeschränkt — Angaben zu Details siehe Handball.net',0,'2026-06-06 19:25:55');
INSERT INTO venues VALUES(1440,'Sport- und Schwimmhalle Greffern','Pappelweg 7','Rheinmünster-Greffern','77836','DE','Haftmittel verboten',0,'2026-06-06 19:25:55');
INSERT INTO venues VALUES(1441,'Rheintalhalle','Rheintalstraße 34','Sandweier','76532','DE','Haftmittel eingeschränkt — Angaben zu Details siehe Handball.net',0,'2026-06-06 19:25:55');
INSERT INTO venues VALUES(1442,'Fremersberghalle','Müllhofener Straße 11','Sinzheim','76547','DE','Haftmittel eingeschränkt — Angaben zu Details siehe Handball.net',0,'2026-06-06 19:25:55');
INSERT INTO venues VALUES(1443,'Sporthalle','Friedhofstraße 5','Friesenheim','77948','DE','Haftmittel eingeschränkt — Angaben zu Details siehe Handball.net',0,'2026-06-06 19:25:55');
INSERT INTO venues VALUES(1444,'Kinzigtalhalle','Brambachstraße','Gengenbach','77723','DE','Haftmittel eingeschränkt — Angaben zu Details siehe Handball.net',0,'2026-06-06 19:25:55');
INSERT INTO venues VALUES(1445,'Hohberghalle-Niederschopfheim','Laugasserfeld 1','Hohberg','77749','DE','Haftmittel eingeschränkt — Angaben zu Details siehe Handball.net',0,'2026-06-06 19:25:55');
INSERT INTO venues VALUES(1446,'Kreissporthalle','Vogesenallee','Kehl am Rhein','77694','DE','Haftmittel verboten',0,'2026-06-06 19:25:55');
INSERT INTO venues VALUES(1447,'Rheintal-Sporthalle','Rheinstraße 15','Lahr','77933','DE','Haftmittel verboten',0,'2026-06-06 19:25:55');
INSERT INTO venues VALUES(1448,'Mauerfeldhalle','Martin-Luther-Straße 22','Lahr','77933','DE','Haftmittel eingeschränkt — Angaben zu Details siehe Handball.net',0,'2026-06-06 19:25:55');
INSERT INTO venues VALUES(1449,'Sulzberghalle','Ziegelbrunnenstraße 47','Lahr-Sulz','77933','DE','Haftmittel eingeschränkt — Angaben zu Details siehe Handball.net',0,'2026-06-06 19:25:55');
INSERT INTO venues VALUES(1450,'Sporthalle','Mühlstraße','Meißenheim','77974','DE','Haftmittel eingeschränkt — Angaben zu Details siehe Handball.net',0,'2026-06-06 19:25:55');
INSERT INTO venues VALUES(1451,'Herbert-Adam-Halle','Viehweider Weg 1','Neuried-Altenheim','77743','DE','Haftmittel eingeschränkt — Angaben zu Details siehe Handball.net',0,'2026-06-06 19:25:55');
INSERT INTO venues VALUES(1452,'Riedhalle','Kohlgasse','Neuried-Ichenheim','77743','DE','Haftmittel eingeschränkt — Angaben zu Details siehe Handball.net',0,'2026-06-06 19:25:55');
INSERT INTO venues VALUES(1453,'Oberdorfhalle','Butschbacher Straße','Oberkirch','77704','DE','Haftmittel eingeschränkt — Angaben zu Details siehe Handball.net',0,'2026-06-06 19:25:55');
INSERT INTO venues VALUES(1454,'Otto-Kempf-Sporthalle','Sandackerweg','Offenburg-Elgersweier','77656','DE','Haftmittel verboten',0,'2026-06-06 19:25:55');
INSERT INTO venues VALUES(1455,'Sporthalle Schiller-Gymnasium','Zeller Straße 33','Offenburg','77654','DE','Haftmittel verboten',0,'2026-06-06 19:25:55');
INSERT INTO venues VALUES(1456,'Sporthalle Zunsweier','Kleingäßle','Offenburg-Zunsweier','77656','DE','Haftmittel verboten',0,'2026-06-06 19:25:55');
INSERT INTO venues VALUES(1457,'Brumatthalle','Alte Gasse 1','Ohlsbach','77797','DE','Haftmittel verboten',0,'2026-06-06 19:25:55');
INSERT INTO venues VALUES(1458,'Günther-Bimmerle-Halle','beim Schwimmbad','Oppenau','77728','DE','Haftmittel eingeschränkt — Angaben zu Details siehe Handball.net',0,'2026-06-06 19:25:55');
INSERT INTO venues VALUES(1459,'Mörburghalle 1','Im Kirchfeld 26','Schutterwald','77746','DE','Haftmittel eingeschränkt — Angaben zu Details siehe Handball.net',0,'2026-06-06 19:25:55');
INSERT INTO venues VALUES(1460,'Mörburghalle 2','Im Kirchfeld 26','Schutterwald','77746','DE','Haftmittel eingeschränkt — Angaben zu Details siehe Handball.net',0,'2026-06-06 19:25:55');
INSERT INTO venues VALUES(1461,'Burkhard-Michael Halle','Wörtelweg 12','Schwanau-Nonnenweier','77963','DE','Haftmittel eingeschränkt — Angaben zu Details siehe Handball.net',0,'2026-06-06 19:25:55');
INSERT INTO venues VALUES(1462,'Rheinauenhalle','Weiblingsweg 2','Schwanau-Ottenheim','77963','DE','Haftmittel eingeschränkt — Angaben zu Details siehe Handball.net',0,'2026-06-06 19:25:55');
INSERT INTO venues VALUES(1463,'Sporthalle','Ludwig-Auerbach-Straße 2','Seelbach','77960','DE','Haftmittel eingeschränkt — Angaben zu Details siehe Handball.net',0,'2026-06-06 19:25:55');
INSERT INTO venues VALUES(1464,'Hanauerlandhalle','Hornisgrindestraße 2','Willstätt','77731','DE','Haftmittel eingeschränkt — Angaben zu Details siehe Handball.net',0,'2026-06-06 19:25:55');
INSERT INTO venues VALUES(1465,'Schwarzwaldhalle','Rebhalde 7','Zell-Unterharmersbach','77736','DE','Haftmittel verboten',0,'2026-06-06 19:25:55');
INSERT INTO venues VALUES(1466,'Münchgrundhalle','Joseph-Greber-Straße 5','Ettenheim-Altdorf','77955','DE','Haftmittel verboten',0,'2026-06-06 19:25:55');
INSERT INTO venues VALUES(1467,'Adam-Treiber-Halle','Haupstraße','Bötzingen','79268','DE','Haftmittel verboten',0,'2026-06-06 19:25:55');
INSERT INTO venues VALUES(1468,'Sporthalle','Stuttgarterstraße 15','Denzlingen','79211','DE','Haftmittel verboten',0,'2026-06-06 19:25:55');
INSERT INTO venues VALUES(1469,'Karl-Faller-Halle','Steinstraße 2','Emmendingen','79312','DE','Haftmittel verboten',0,'2026-06-06 19:25:55');
INSERT INTO venues VALUES(1470,'Herbert-König Sporthalle','Leistnerstraße 12','Ettenheim','77955','DE','Haftmittel eingeschränkt — Angaben zu Details siehe Handball.net',0,'2026-06-06 19:25:55');
INSERT INTO venues VALUES(1471,'Wentzingerhalle','Falkenbergerstraße 21','Freiburg','79110','DE','Haftmittel verboten',0,'2026-06-06 19:25:55');
INSERT INTO venues VALUES(1472,'Gerhard-Graf-Halle','Friedrichring 51','Freiburg','79098','DE','Haftmittel eingeschränkt — Angaben zu Details siehe Handball.net',0,'2026-06-06 19:25:55');
INSERT INTO venues VALUES(1473,'Jahnhalle','Lameystraße 2','Freiburg','79108','DE','Haftmittel erlaubt',0,'2026-06-06 19:25:55');
INSERT INTO venues VALUES(1474,'Burdahalle','Schwarzwaldstraße 181','Freiburg','79117','DE','Haftmittel verboten',0,'2026-06-06 19:25:55');
INSERT INTO venues VALUES(1475,'Sporthalle Staudinger','Staudingerstraße 10','Freiburg','79115','DE','Haftmittel verboten',0,'2026-06-06 19:25:55');
INSERT INTO venues VALUES(1476,'Sporthalle Gymnasium','Kandelstraße','Gundelfingen','79194','DE','Haftmittel verboten',0,'2026-06-06 19:25:55');
INSERT INTO venues VALUES(1477,'Breisgauhalle','Moltkestraße','Herbolzheim','79336','DE','Haftmittel eingeschränkt — Angaben zu Details siehe Handball.net',0,'2026-06-06 19:25:55');
INSERT INTO venues VALUES(1478,'Üsenberghalle','Breslauer Straße','Kenzingen','79341','DE','Haftmittel eingeschränkt — Angaben zu Details siehe Handball.net',0,'2026-06-06 19:25:55');
INSERT INTO venues VALUES(1479,'Sporthalle Buchheim','Sportplatzstraße','March','79232','DE','Haftmittel verboten',0,'2026-06-06 19:25:55');
INSERT INTO venues VALUES(1480,'Sporthalle 2','Bismarckstraße 10','Müllheim','79379','DE','Haftmittel verboten',0,'2026-06-06 19:25:55');
INSERT INTO venues VALUES(1481,'Zähringerhalle 1','Zähringerstraße 6','Neuenburg','79395','DE','Haftmittel eingeschränkt — Angaben zu Details siehe Handball.net',0,'2026-06-06 19:25:55');
INSERT INTO venues VALUES(1482,'Rheinmatthalle','Hauptstraße 100','Rheinhausen','79365','DE','Haftmittel verboten',0,'2026-06-06 19:25:55');
INSERT INTO venues VALUES(1483,'Kahlenberghalle','Schulstraße','Ringsheim','77975','DE','Haftmittel eingeschränkt — Angaben zu Details siehe Handball.net',0,'2026-06-06 19:25:55');
INSERT INTO venues VALUES(1484,'Sporthalle','Krichelnweg 1','Staufen','79219','DE','Haftmittel verboten',0,'2026-06-06 19:25:55');
INSERT INTO venues VALUES(1485,'Ludwig-Jahn-Halle','Ludwig-Jahn-Straße 5','Teningen','79331','DE','Haftmittel eingeschränkt — Angaben zu Details siehe Handball.net',0,'2026-06-06 19:25:55');
INSERT INTO venues VALUES(1486,'Kastelberghalle','Freiburgerstraße','Waldkirch','79183','DE','Haftmittel eingeschränkt — Angaben zu Details siehe Handball.net',0,'2026-06-06 19:25:55');
INSERT INTO venues VALUES(1487,'Sporthalle Badmatte','Bergseestraße','Bad Säckingen','79713','DE','Haftmittel verboten',0,'2026-06-06 19:25:55');
INSERT INTO venues VALUES(1488,'Hochrheinhalle','Hutmattenstraße 20','Grenzach-Wyhlen','79639','DE','Haftmittel eingeschränkt — Angaben zu Details siehe Handball.net',0,'2026-06-06 19:25:55');
INSERT INTO venues VALUES(1489,'Zielmattenhalle','Scheffelstraße','Grenzach-Wyhlen','79639','DE','Haftmittel eingeschränkt — Angaben zu Details siehe Handball.net',0,'2026-06-06 19:25:55');
INSERT INTO venues VALUES(1490,'Sporthalle','Hohrainstraße','Lauchringen','79787','DE','Haftmittel verboten',0,'2026-06-06 19:25:55');
INSERT INTO venues VALUES(1491,'Wintersbuckhalle','Wintersbuckstraße 17','Lörrach','79539','DE','Haftmittel verboten',0,'2026-06-06 19:25:55');
INSERT INTO venues VALUES(1492,'Sporthalle','Fecampring 32','Rheinfelden','79618','DE','Haftmittel verboten',0,'2026-06-06 19:25:55');
INSERT INTO venues VALUES(1493,'Friedrich-Ebert-Sporthalle','Roggenbachstraße','Schopfheim','79650','DE','Haftmittel verboten',0,'2026-06-06 19:25:55');
INSERT INTO venues VALUES(1494,'Sporthalle','Köchlinstraße','Steinen','79585','DE','Haftmittel verboten',0,'2026-06-06 19:25:55');
INSERT INTO venues VALUES(1495,'Silberberghalle','Meinrad-Thoma-Straße 18','Todtnau','79674','DE','Haftmittel erlaubt',0,'2026-06-06 19:25:55');
INSERT INTO venues VALUES(1496,'Sporthalle','Courtenaystraße','Waldshut-Tiengen','79761','DE','Haftmittel verboten',0,'2026-06-06 19:25:55');
INSERT INTO venues VALUES(1497,'Sporthalle','Egerstraße','Weil am Rhein','79576','DE','Haftmittel eingeschränkt — Angaben zu Details siehe Handball.net',0,'2026-06-06 19:25:55');
INSERT INTO venues VALUES(1498,'Sporthalle','Scheffelstraße','Zell im Wiesental','79669','DE','Haftmittel verboten',0,'2026-06-06 19:25:55');
INSERT INTO venues VALUES(1499,'Curt-Liebich-Sporthalle','Hauptstraße','Gutach','77793','DE','Haftmittel eingeschränkt — Angaben zu Details siehe Handball.net',0,'2026-06-06 19:25:55');
INSERT INTO venues VALUES(1500,'Sporthalle','Gustav-Fimpel-Straße 2','Hornberg','78132','DE','Haftmittel verboten',0,'2026-06-06 19:25:55');
INSERT INTO venues VALUES(1501,'Nachbarschaftssporthalle','Schenkenzeller Straße 200','Schiltach','77761','DE','Haftmittel eingeschränkt — Angaben zu Details siehe Handball.net',0,'2026-06-06 19:25:55');
INSERT INTO venues VALUES(1502,'Sporthalle Dom-Clemente','Jahnstraße 6','Schonach','78136','DE','Haftmittel verboten',0,'2026-06-06 19:25:55');
INSERT INTO venues VALUES(1503,'Rossbergsporthalle','Im Hochwald 5','St. Georgen/Schw.','78112','DE','Haftmittel eingeschränkt — Angaben zu Details siehe Handball.net',0,'2026-06-06 19:25:55');
INSERT INTO venues VALUES(1504,'Aline-Rotter-Focken-Halle','Schulstraße 18','Triberg','78098','DE','Haftmittel verboten',0,'2026-06-06 19:25:55');
INSERT INTO venues VALUES(1505,'Sporthalle Realschule','Herlinsbachweg 4','Wolfach','77709','DE','Haftmittel eingeschränkt — Angaben zu Details siehe Handball.net',0,'2026-06-06 19:25:55');
INSERT INTO venues VALUES(1506,'Riesenberg Sporthalle','Zum Riesenberg','Allensbach-Kaltbrunn','78476','DE','Haftmittel eingeschränkt — Angaben zu Details siehe Handball.net',0,'2026-06-06 19:25:55');
INSERT INTO venues VALUES(1507,'Eichberghalle','Goethestraße 1','Blumberg','78176','DE','Haftmittel verboten',0,'2026-06-06 19:25:55');
INSERT INTO venues VALUES(1508,'Sporthalle','Im Weiler','Bodman','78351','DE','Haftmittel verboten',0,'2026-06-06 19:25:55');
INSERT INTO venues VALUES(1509,'Baarsporthalle','Humboldstraße 1','Donaueschingen','78166','DE','Haftmittel eingeschränkt — Angaben zu Details siehe Handball.net',0,'2026-06-06 19:25:55');
INSERT INTO venues VALUES(1510,'Eugen-Schädler-Halle','Obere Tiefe','Mühlhausen-Ehingen','78259','DE','Haftmittel eingeschränkt — Angaben zu Details siehe Handball.net',0,'2026-06-06 19:25:55');
INSERT INTO venues VALUES(1511,'Krebsbachhalle','Im Breitle','Eigeltingen','78253','DE','Haftmittel verboten',0,'2026-06-06 19:25:55');
INSERT INTO venues VALUES(1512,'Hegau-Sporthalle','Jahnstraße','Engen','78234','DE','Haftmittel verboten',0,'2026-06-06 19:25:55');
INSERT INTO venues VALUES(1513,'Hochrheinhalle','Schulstraße','Gailingen am Hochrhein','78262','DE','Haftmittel erlaubt',0,'2026-06-06 19:25:55');
INSERT INTO venues VALUES(1514,'Goldbühlhalle','Hauptstraße 98','Gottmadingen','78244','DE','Haftmittel verboten',0,'2026-06-06 19:25:55');
INSERT INTO venues VALUES(1515,'Sporthalle Geschwister-Scholl Schule','Schwaketenstraße 112','Konstanz-Wollmatingen','78467','DE','Haftmittel verboten',0,'2026-06-06 19:25:55');
INSERT INTO venues VALUES(1516,'Schänzle-Sporthalle','Winterersteig 23','Konstanz','78462','DE','Haftmittel eingeschränkt — Angaben zu Details siehe Handball.net',0,'2026-06-06 19:25:55');
INSERT INTO venues VALUES(1517,'Kapitän-Franz-Romer-Halle','Schulweg','Konstanz-Dettingen','78465','DE','Haftmittel verboten',0,'2026-06-06 19:25:55');
INSERT INTO venues VALUES(1518,'Sporthalle Bildungszentrum','Bildungszentrum','Markdorf','88677','DE','Haftmittel verboten',0,'2026-06-06 19:25:55');
INSERT INTO venues VALUES(1519,'Stadthalle','Conradin-Kreutzer-Straße 47','Meßkirch','88605','DE','Haftmittel eingeschränkt — Angaben zu Details siehe Handball.net',0,'2026-06-06 19:25:55');
INSERT INTO venues VALUES(1520,'Sporthalle','Jakobsweg 3','Pfullendorf','88630','DE','Haftmittel verboten',0,'2026-06-06 19:25:55');
INSERT INTO venues VALUES(1521,'Unterseesporthalle','Markelfingerstraße 15','Radolfzell','78315','DE','Haftmittel verboten',0,'2026-06-06 19:25:55');
INSERT INTO venues VALUES(1522,'Ten-Brink Halle','Albert-ten-Brink-Straße','Rielasingen-Worblingen','78239','DE','Haftmittel verboten',0,'2026-06-06 19:25:55');
INSERT INTO venues VALUES(1523,'Sporthalle Bildungszentrum Salem','Schloßseeallee 45','Salem','88682','DE','Haftmittel verboten',0,'2026-06-06 19:25:55');
INSERT INTO venues VALUES(1524,'Kreissporthalle','Herderstraße','Singen','78224','DE','Haftmittel verboten',0,'2026-06-06 19:25:55');
INSERT INTO venues VALUES(1525,'Münchried-Sporthalle','Münchriedstraße 6','Singen','78224','DE','Haftmittel verboten',0,'2026-06-06 19:25:55');
INSERT INTO venues VALUES(1526,'Sportpark Mindlestal','Mindlestal 6','Steißlingen','78256','DE','Haftmittel erlaubt',0,'2026-06-06 19:25:55');
INSERT INTO venues VALUES(1527,'Alemannenhalle','Monthlery-Platz','Stetten a.k.M.','72510','DE','Haftmittel verboten',0,'2026-06-06 19:25:55');
INSERT INTO venues VALUES(1528,'Jahn-Halle','Winterspürer Straße 24','Stockach','78333','DE','Haftmittel verboten',0,'2026-06-06 19:25:55');
INSERT INTO venues VALUES(1529,'Realschulsporthalle','St. Johannstraße','Überlingen','88662','DE','Haftmittel erlaubt',0,'2026-06-06 19:25:55');
INSERT INTO venues VALUES(1530,'Sporthalle','Kanalweg 1c','Uhldingen-Mühlhofen','88690','DE','Haftmittel verboten',0,'2026-06-06 19:25:55');
INSERT INTO venues VALUES(1531,'Mettnauhalle/KSH','Strandbadstraße','Radolfzell','78315','DE','Haftmittel verboten',0,'2026-06-06 19:25:55');
INSERT INTO venues VALUES(1532,'Kreissporthalle','Beethovenstraße 2a','Donaueschingen','78166','DE','Haftmittel eingeschränkt — Angaben zu Details siehe Handball.net',0,'2026-06-06 19:25:55');
INSERT INTO venues VALUES(1533,'Sporthalle','Schwimmbadstr. 6','Rheinau-Freistett','77866','DE','Haftmittel verboten',0,'2026-06-06 19:25:55');
INSERT INTO venues VALUES(1534,'Trainingshalle','Hornisgrindestraße 2','Willstätt','77731','DE','Haftmittel verboten',0,'2026-06-06 19:25:55');
INSERT INTO venues VALUES(1535,'KT-Arena','Vogesenallee','Kehl am Rhein','77694','DE','Haftmittel eingeschränkt — Angaben zu Details siehe Handball.net',0,'2026-06-06 19:25:55');
INSERT INTO venues VALUES(1536,'Vicemooshalle','Schlierbachstr. 21','Schopfheim','79650','DE','Haftmittel erlaubt',0,'2026-06-06 19:25:55');
INSERT INTO venues VALUES(1537,'Pater-Alfred-Delp-Halle','Tusculumweg','St. Blasien','79837','DE','Haftmittel verboten',0,'2026-06-06 19:25:55');
INSERT INTO venues VALUES(1538,'Sporthalle','Karl-Wenk-Straße 5','Lörrach-Brombach','79540','DE','Haftmittel verboten',0,'2026-06-06 19:25:55');
INSERT INTO venues VALUES(1539,'Mehrzweckhalle','Steigweg 2','Rheinfelden-Karsau','79618','DE','Haftmittel verboten',0,'2026-06-06 19:25:55');
INSERT INTO venues VALUES(1540,'Kreissporthalle','Wintersbuckstraße 5','Lörrach','79539','DE','Haftmittel verboten',0,'2026-06-06 19:25:55');
INSERT INTO venues VALUES(1541,'Alemannenhalle','Alemannenstraße','Maulburg','79589','DE','Haftmittel verboten',0,'2026-06-06 19:25:55');
INSERT INTO venues VALUES(1542,'Murgtalhalle','Am Bürgerplatz 2','Murg','79730','DE','Haftmittel verboten',0,'2026-06-06 19:25:55');
INSERT INTO venues VALUES(1543,'Küssaburghalle','Gemeindezentrum 5a','Küssaberg-Rheinheim','79790','DE','Haftmittel verboten',0,'2026-06-06 19:25:55');
INSERT INTO venues VALUES(1544,'Sporthalle Hindenburgschule','Werderstraße','Bad Säckingen','79713','DE','Haftmittel verboten',0,'2026-06-06 19:25:55');
INSERT INTO venues VALUES(1545,'Stadthalle','Berliner Straße 2','Waldshut-Tiengen-Tiengen','79761','DE','Haftmittel verboten',0,'2026-06-06 19:25:55');
INSERT INTO venues VALUES(1546,'Hochrheinhalle','Waldtorstraße 12','Waldshut-Tiengen-Waldshut','79761','DE','Haftmittel verboten',0,'2026-06-06 19:25:55');
INSERT INTO venues VALUES(1547,'Sporthalle Seeboden','Seebodenstraße 21','Wehr','79664','DE','Haftmittel verboten',0,'2026-06-06 19:25:55');
INSERT INTO venues VALUES(1548,'Kanthalle','Kantstraße 2','Weil am Rhein','79576','DE','Haftmittel verboten',0,'2026-06-06 19:25:55');
INSERT INTO venues VALUES(1549,'Realschul-Turnhalle','Egerstraße 3','Weil am Rhein','79576','DE','Haftmittel verboten',0,'2026-06-06 19:25:55');
INSERT INTO venues VALUES(1550,'Alemannenhalle','Wutachstraße 5','Wutöschingen','79793','DE','Haftmittel verboten',0,'2026-06-06 19:25:55');
INSERT INTO venues VALUES(1551,'Sporthalle Löhrenacker','Landskronstrasse 41','Aesch (BL)','4147','DE','Haftmittel verboten',0,'2026-06-06 19:25:55');
INSERT INTO venues VALUES(1552,'Sporthalle Hagenbuchen','Schwimmbadweg','Arlesheim','4144','DE','Haftmittel verboten',0,'2026-06-06 19:25:55');
INSERT INTO venues VALUES(1553,'Freies Gymnasium','Scherkesselweg 30','Basel','4052','DE','Haftmittel verboten',0,'2026-06-06 19:25:55');
INSERT INTO venues VALUES(1554,'Gymnasium Bäumlihof','Zu den drei Linden 80','Basel','4058','DE','Haftmittel verboten',0,'2026-06-06 19:25:55');
INSERT INTO venues VALUES(1555,'Sporthalle Dreirosen','Breisacherstrasse 134','Basel','4053','DE','Haftmittel verboten',0,'2026-06-06 19:25:55');
INSERT INTO venues VALUES(1556,'Sporthalle Pfaffenholz','Im Burgfelderhof 60b','Basel','4058','DE','Haftmittel verboten',0,'2026-06-06 19:25:55');
INSERT INTO venues VALUES(1557,'Sporthalle Rankhof','Grenzacherstrasse 351','Basel','4058','DE','Haftmittel verboten',0,'2026-06-06 19:25:55');
INSERT INTO venues VALUES(1558,'St.-Jakobs-Spielhalle','Brüglingerstrasse 21','Basel','4052','DE','Haftmittel verboten',0,'2026-06-06 19:25:55');
INSERT INTO venues VALUES(1559,'St.-Jakobs-Halle, Feld 1','Brüglingerstrasse 21','Basel','4052','DE','Haftmittel verboten',0,'2026-06-06 19:25:55');
INSERT INTO venues VALUES(1560,'St.-Jakobs-Halle, Feld 2','Brüglingerstrasse 21','Basel','4052','DE','Haftmittel verboten',0,'2026-06-06 19:25:55');
INSERT INTO venues VALUES(1561,'St.-Jakobs-Halle, Feld 3','Brüglingerstrasse 21','Basel','4052','DE','Haftmittel verboten',0,'2026-06-06 19:25:55');
INSERT INTO venues VALUES(1562,'Spiegelfeld','Wassergrabenstrasse 21','Binningen','4102','DE','Haftmittel verboten',0,'2026-06-06 19:25:55');
INSERT INTO venues VALUES(1563,'Sporthalle','Sternenfeldstrasse 9','Birsfelden','4127','DE','Haftmittel verboten',0,'2026-06-06 19:25:55');
INSERT INTO venues VALUES(1564,'Sporthalle Lindenboden','Bachweg','Eiken','5074','DE','Haftmittel verboten',0,'2026-06-06 19:25:55');
INSERT INTO venues VALUES(1565,'Sporthalle Frenke','Gitterlistrasse 5b','Liestal','4410','DE','Haftmittel verboten',0,'2026-06-06 19:25:55');
INSERT INTO venues VALUES(1566,'Turnhalle','Schulstrasse 27','Magden','4312','DE','Haftmittel erlaubt',0,'2026-06-06 19:25:55');
INSERT INTO venues VALUES(1567,'Steinlihalle','Fridolinsgasse','Möhlin','4313','DE','Haftmittel erlaubt',0,'2026-06-06 19:25:55');
INSERT INTO venues VALUES(1568,'KUSPO','Loogstrasse 2','Münchenstein','4142','DE','Haftmittel verboten',0,'2026-06-06 19:25:55');
INSERT INTO venues VALUES(1569,'Sporthalle Kriegacker','Gründenstrasse 32','Muttenz','4132','DE','Haftmittel verboten',0,'2026-06-06 19:25:55');
INSERT INTO venues VALUES(1570,'Sporthalle Margelacker','Reichensteinerstrasse 2','Muttenz','4132','DE','Haftmittel verboten',0,'2026-06-06 19:25:55');
INSERT INTO venues VALUES(1571,'Thomasgarten Turnhalle','Schmidengasse 3','Oberwil (BL)','4104','DE','Haftmittel verboten',0,'2026-06-06 19:25:55');
INSERT INTO venues VALUES(1572,'Kultur- und Sportzentrum','Oberemattstrasse 13','Pratteln','4133','DE','Haftmittel verboten',0,'2026-06-06 19:25:55');
INSERT INTO venues VALUES(1573,'Niederholz','Niederholzstrasse 95b','Riehen','4125','DE','Haftmittel verboten',0,'2026-06-06 19:25:55');
INSERT INTO venues VALUES(1574,'Sporthalle Tannenbrunn','Zunzgerstrasse 66','Sissach','4450','DE','Haftmittel verboten',0,'2026-06-06 19:25:55');
INSERT INTO venues VALUES(1575,'Bustelbach','Sportplatzweg','Stein (AG)','4332','DE','Haftmittel verboten',0,'2026-06-06 19:25:55');
INSERT INTO venues VALUES(1576,'99er Sporthalle','Schulgasse 1','Therwil','4106','DE','Haftmittel verboten',0,'2026-06-06 19:25:55');
INSERT INTO venues VALUES(1577,'Geschwister-Scholl-Halle','Geschwister-Scholl-Str. 4','Offenburg','77654','DE','Haftmittel verboten',0,'2026-06-06 19:25:55');
INSERT INTO venues VALUES(1578,'Okenhalle','Vogesenstraße 10','Offenburg','77652','DE','Haftmittel verboten',0,'2026-06-06 19:25:55');
INSERT INTO venues VALUES(1579,'Nordwesthalle','Otto-Hahn-Straße 5a','Offenburg','77652','DE','Haftmittel verboten',0,'2026-06-06 19:25:55');
INSERT INTO venues VALUES(1580,'Kreisschulzentrum (Kreis)','Zähringer Str. 37-41','Offenburg','77654','DE','Haftmittel verboten',0,'2026-06-06 19:25:55');
INSERT INTO venues VALUES(1581,'Einsteinhalle','Vogesenallee','Kehl am Rhein','77694','DE','Haftmittel verboten',0,'2026-06-06 19:25:55');
INSERT INTO venues VALUES(1582,'Sporthalle Hofweier','Reisengasse','Hohberg','77749','DE','Haftmittel verboten',0,'2026-06-06 19:25:55');
INSERT INTO venues VALUES(1583,'Offohalle','Prinzenstraße 24','Friesenheim-Schuttern','77948','DE','Haftmittel eingeschränkt — Angaben zu Details siehe Handball.net',0,'2026-06-06 19:25:55');
INSERT INTO venues VALUES(1584,'Mauerfeldhalle 2','Im Mauerfeld/Hallenbad','Lahr','77933','DE','Haftmittel verboten',0,'2026-06-06 19:25:55');
INSERT INTO venues VALUES(1585,'Ortenauhalle (Kreishalle)','Mauerweg 5','Lahr','77933','DE','Haftmittel verboten',0,'2026-06-06 19:25:55');
INSERT INTO venues VALUES(1586,'Gymnasiumsporthalle','Weißenburger Str. 42','Durmersheim','76448','DE','Haftmittel erlaubt',0,'2026-06-06 19:25:55');
INSERT INTO venues VALUES(1587,'Mehrzweckhalle Memprechtshofen','Pestalozzistraße 10','Rheinau-Memprechtshofen','77866','DE','Haftmittel verboten',0,'2026-06-06 19:25:55');
INSERT INTO venues VALUES(1588,'Stadthalle Steinbach','Meister-Erwin-Straße','Baden-Baden-Steinbach','76534','DE','Haftmittel verboten',0,'2026-06-06 19:25:55');
INSERT INTO venues VALUES(1589,'Rheintalhalle Bühl','','Bühl','77815','DE','Haftmittel verboten',0,'2026-06-06 19:25:55');
INSERT INTO venues VALUES(1590,'Gymnasium','Steinackerweg 7','Laufen','4242','DE','Haftmittel verboten',0,'2026-06-06 19:25:55');
INSERT INTO venues VALUES(1591,'Sporthalle Fiechten','Fiechtenweg 72','Reinach (BL)','4153','DE','Haftmittel verboten',0,'2026-06-06 19:25:55');
INSERT INTO venues VALUES(1592,'Sporthalle Engerfeld','Engerfeldstrasse 16-20','Rheinfelden (AG)','4310','DE','Haftmittel verboten',0,'2026-06-06 19:25:55');
INSERT INTO venues VALUES(1593,'Schänzle-Sporthalle 4','Winterersteig 23','Konstanz','78462','DE','Haftmittel eingeschränkt — Angaben zu Details siehe Handball.net',0,'2026-06-06 19:25:55');
INSERT INTO venues VALUES(1594,'Sporthalle','Friedhofweg 6a','Merzhausen','79249','DE','Haftmittel verboten',0,'2026-06-06 19:25:55');
INSERT INTO venues VALUES(1595,'Lechhalle','Scharnhorststr. 13','Teningen','79331','DE','Haftmittel verboten',0,'2026-06-06 19:25:55');
INSERT INTO venues VALUES(1596,'Gemeinschaftshaus','Wilhelm-Sutter-Straße 28','Titisee-Neustadt','79831','DE','Haftmittel verboten',0,'2026-06-06 19:25:55');
INSERT INTO venues VALUES(1597,'Malteserhalle','Jahnstraße 22','Heitersheim','79423','DE','Haftmittel verboten',0,'2026-06-06 19:25:55');
INSERT INTO venues VALUES(1598,'Reichstalhalle','Dorf 60','Oberharmersbach','77784','DE','Haftmittel verboten',0,'2026-06-06 19:25:55');
INSERT INTO venues VALUES(1599,'Schweizersbildhalle','Hohbergstraße 50','Schaffhausen','8207','DE','Haftmittel verboten',0,'2026-06-06 19:25:55');
INSERT INTO venues VALUES(1600,'Zähringerhalle 2','Zähringerstraße 6','Neuenburg','79395','DE','Haftmittel verboten',0,'2026-06-06 19:25:55');
INSERT INTO venues VALUES(1601,'Marie-Curie-Sporthalle','Giersbergstraße 33','Kirchzarten','79119','DE','Haftmittel verboten',0,'2026-06-06 19:25:55');
INSERT INTO venues VALUES(1602,'Sport- und Festhalle','Turnierstr. 31','Achern','77855','DE','Haftmittel verboten',0,'2026-06-06 19:25:55');
INSERT INTO venues VALUES(1603,'Neuwindeckhalle','Schulstr. 9','Lauf','77886','DE','Haftmittel verboten',0,'2026-06-06 19:25:55');
INSERT INTO venues VALUES(1604,'Altenburghalle','Müllhofener Straße 16','Sinzheim','76547','DE','Haftmittel verboten',0,'2026-06-06 19:25:55');
INSERT INTO venues VALUES(1605,'Sporthalle','Sportplatzstraße 1','Maulburg','79689','DE','Haftmittel verboten',0,'2026-06-06 19:25:55');
INSERT INTO venues VALUES(1606,'Sporthalle Gustav-Heinemann-Schule','Rheinauer Ring 158','Rastatt','76437','DE','Haftmittel verboten',0,'2026-06-06 19:25:55');
INSERT INTO venues VALUES(1607,'Goethehalle','Neubronnstraße 20','Emmendingen','79312','DE','Haftmittel verboten',0,'2026-06-06 19:25:55');
INSERT INTO venues VALUES(1608,'Talwiesenhalle','Doktor-Fritz-Guth-Straße','Rielasingen-Worblingen','78239','DE','Haftmittel verboten',0,'2026-06-06 19:25:55');
INSERT INTO venues VALUES(1609,'Neue Sporthalle','Steinstraße 7','Bühl','77815','DE','Haftmittel eingeschränkt — Angaben zu Details siehe Handball.net',0,'2026-06-06 19:25:55');
INSERT INTO venues VALUES(1610,'Sporthalle Haupt- und Grundschule','Weierweg 15','Iffezheim','79473','DE','Haftmittel verboten',0,'2026-06-06 19:25:55');
INSERT INTO venues VALUES(1611,'Kreissporthalle','Obertorstr. 24','Überlingen','88662','DE','Haftmittel verboten',0,'2026-06-06 19:25:55');
INSERT INTO venues VALUES(1612,'Ebersteinhalle','Obertsroter Str. 42','Gernsbach-Obertsrot','76593','DE','Haftmittel verboten',0,'2026-06-06 19:25:55');
INSERT INTO venues VALUES(1613,'Sporthalle','','Klosterreichenbach','72270','DE','Haftmittel verboten',0,'2026-06-06 19:25:55');
INSERT INTO venues VALUES(1614,'DJK Sporthalle am Sägeteich','Zähringer Straße 40','Offenburg','77654','DE','Haftmittel verboten',0,'2026-06-06 19:25:55');
INSERT INTO venues VALUES(1615,'Sporthalle Rheinmünster-Schwarzach','Bahnhofstraße 20','Rheinmünster-Schwarzach','77836','DE','Haftmittel verboten',0,'2026-06-06 19:25:55');
INSERT INTO venues VALUES(1616,'Südbadische Sportschule Halle 3','Yburgstraße 115','Baden-Baden-Steinbach','76534','DE','Haftmittel verboten',0,'2026-06-06 19:25:55');
INSERT INTO venues VALUES(1617,'Halle B','Hohenstraße 18','Hüfingen','78183','DE','Haftmittel verboten',0,'2026-06-06 19:25:55');
INSERT INTO venues VALUES(1618,'Sporthalle im Bürgerpark','Bürgerpark 1','Lahr','77933','DE','Haftmittel verboten',0,'2026-06-06 19:25:55');
INSERT INTO venues VALUES(1619,'Act-Now-Halle','Schwarzwaldstr. 181','Freiburg','79117','DE','Haftmittel verboten',0,'2026-06-06 19:25:55');
INSERT INTO venues VALUES(1620,'Sporthalle Heimschule St. Landolin','Prälat-Schofer-Straße 1','Ettenheim','77955','DE','Haftmittel verboten',0,'2026-06-06 19:25:55');
INSERT INTO venues VALUES(1621,'Lörrach-Brombach/neue Sporthalle','Franz-Ehret-Straße 14','Lörrach-Brombach','79541','DE','Haftmittel eingeschränkt — Angaben zu Details siehe Handball.net',0,'2026-06-06 19:25:55');
INSERT INTO venues VALUES(1622,'Sporthalle Schulcampus','Rauensteinstr. 2','Überlingen','88662','DE','Haftmittel verboten',0,'2026-06-06 19:25:55');
INSERT INTO venues VALUES(1623,'Weschnitztalhalle','Schulstr. 19','Mörlenbach','69509','DE','Haftmittel erlaubt',0,'2026-06-06 19:25:55');
INSERT INTO venues VALUES(1624,'Hermann-Kiemling-Halle','Mozartstraße 1b','Östringen','76684','DE','Haftmittel eingeschränkt — Angaben zu Details siehe Handball.net',0,'2026-06-06 19:25:55');
INSERT INTO venues VALUES(1625,'Gewerbliches Bildungszentrum BR','Eschenweg 48','Bruchsal','76646','DE','Haftmittel verboten',0,'2026-06-06 19:25:55');
INSERT INTO venues VALUES(1626,'Saalbachhalle','Bruchsaaler Straße','Gondelsheim','75053','DE','Haftmittel eingeschränkt — Angaben zu Details siehe Handball.net',0,'2026-06-06 19:25:55');
INSERT INTO venues VALUES(1627,'Sporthalle beim Hallenbad','Schwetzinger Straße','Bruchsal','76646','DE','Haftmittel eingeschränkt — Angaben zu Details siehe Handball.net',0,'2026-06-06 19:25:55');
INSERT INTO venues VALUES(1628,'Erich-Bamberger Stadthalle','Johann-Sebastian-Bach-Straße 24','Östringen','76684','DE','Haftmittel eingeschränkt — Angaben zu Details siehe Handball.net',0,'2026-06-06 19:25:55');
INSERT INTO venues VALUES(1629,'Lußhardthalle Hambrücken','Pfarrer Graf Straße 3','Hambrücken','76707','DE','Haftmittel verboten',0,'2026-06-06 19:25:55');
INSERT INTO venues VALUES(1630,'Schulsporthalle Odenheim','Michaelstraße 12','Östringen-Odenheim','76684','DE','Haftmittel eingeschränkt — Angaben zu Details siehe Handball.net',0,'2026-06-06 19:25:55');
INSERT INTO venues VALUES(1631,'Adolf-Kußmaul-Halle','Friedrichstaler Straße 25','Graben-Neudorf','76676','DE','Haftmittel verboten',0,'2026-06-06 19:25:55');
INSERT INTO venues VALUES(1632,'Hermann-Gross-Sporthalle','Jahnstraße 17','Birkenfeld','75217','DE','Haftmittel verboten',0,'2026-06-06 19:25:55');
INSERT INTO venues VALUES(1633,'Rheintalhalle Kirrlach','Rheinstr. 26','Waghäusel','68753','DE','Haftmittel verboten',0,'2026-06-06 19:25:55');
INSERT INTO venues VALUES(1634,'Schönbornhalle','Ahornstraße 49','Bad Schönborn-Mingolsheim','76669','DE','Haftmittel verboten',0,'2026-06-06 19:25:55');
INSERT INTO venues VALUES(1635,'Trainingshalle','Im Sportzentrum 3a','Kronau','76709','DE','Haftmittel eingeschränkt — Angaben zu Details siehe Handball.net',0,'2026-06-06 19:25:55');
INSERT INTO venues VALUES(1636,'Mehrzweckhalle','Jahnstraße 10','Kronau','76709','DE','Haftmittel eingeschränkt — Angaben zu Details siehe Handball.net',0,'2026-06-06 19:25:55');
INSERT INTO venues VALUES(1637,'Sporthalle Heidelsheim','Markgrafenstraße 68','Bruchsal-Heidelsheim','76646','DE','Haftmittel eingeschränkt — Angaben zu Details siehe Handball.net',0,'2026-06-06 19:25:55');
INSERT INTO venues VALUES(1638,'Erich-Kästner-Halle','Hofstraße 16','Graben-Neudorf','76676','DE','Haftmittel verboten',0,'2026-06-06 19:25:55');
INSERT INTO venues VALUES(1639,'Pestalozzi Halle','Pestalozzi Straße 2a','Graben-Neudorf','76676','DE','Haftmittel verboten',0,'2026-06-06 19:25:55');
INSERT INTO venues VALUES(1640,'Altenbürghalle','Altenbürgzentrum 1','Karlsdorf-Neuthard','76689','DE','Haftmittel erlaubt',0,'2026-06-06 19:25:55');
INSERT INTO venues VALUES(1641,'Sporthalle im Altenbürgzentrum','Altenbürgzentrum 1','Karlsdorf - Neuthard','76689','DE','Haftmittel verboten',0,'2026-06-06 19:25:55');
INSERT INTO venues VALUES(1642,'Ravensburghalle','Rathausplatz','Sulzfeld','75056','DE','Haftmittel verboten',0,'2026-06-06 19:25:55');
INSERT INTO venues VALUES(1643,'Sport- und Kulturhalle','Hebelstraße 2','Ubstadt-Weiher','76698','DE','Haftmittel verboten',0,'2026-06-06 19:25:55');
INSERT INTO venues VALUES(1644,'Waldseehalle','Hambrückerstr.','Forst','76694','DE','Haftmittel verboten',0,'2026-06-06 19:25:55');
INSERT INTO venues VALUES(1645,'Bundschuh-Halle','Joß-Fritz-Straße 3','Bruchsal-Untergrombach','76646','DE','Haftmittel eingeschränkt — Angaben zu Details siehe Handball.net',0,'2026-06-06 19:25:55');
INSERT INTO venues VALUES(1646,'Mehrzweckhalle','Im Baierhäusl 1','Bruchsal-Büchenau','76646','DE','Haftmittel eingeschränkt — Angaben zu Details siehe Handball.net',0,'2026-06-06 19:25:55');
INSERT INTO venues VALUES(1647,'Sporthalle Rheinsheim','Kirchstraße 12','Philippsburg-Rheinsheim','76661','DE','Haftmittel verboten',0,'2026-06-06 19:25:55');
INSERT INTO venues VALUES(1648,'Sporthalle Unteröwisheim','Schulstraße','Kraichtal-Unteröwisheim','76703','DE','Haftmittel verboten',0,'2026-06-06 19:25:55');
INSERT INTO venues VALUES(1649,'Aschingerhalle','An der Hessel 4','Oberderdingen','75038','DE','Haftmittel verboten',0,'2026-06-06 19:25:55');
INSERT INTO venues VALUES(1650,'TV Sporthalle','Am Honigbaum 3','Sulzfeld','75056','DE','Haftmittel eingeschränkt — Angaben zu Details siehe Handball.net',0,'2026-06-06 19:25:55');
INSERT INTO venues VALUES(1651,'Sporthalle Bahnstadt Bruchsal','Am alten Güterbahnhof 28','Bruchsal','76646','DE','Haftmittel verboten',0,'2026-06-06 19:25:55');
INSERT INTO venues VALUES(1652,'Mannaberg-Halle','Dambach-La-Ville-Straße 5','Rauenberg','69231','DE','Haftmittel eingeschränkt — Angaben zu Details siehe Handball.net',0,'2026-06-06 19:25:55');
INSERT INTO venues VALUES(1653,'Stadionhalle','Parkstraße 5','Wiesloch','69168','DE','Haftmittel eingeschränkt — Angaben zu Details siehe Handball.net',0,'2026-06-06 19:25:55');
INSERT INTO venues VALUES(1654,'Sporthalle der Parkringschule','Wiesenstraße 6','St. Leon-Rot','68789','DE','Haftmittel eingeschränkt — Angaben zu Details siehe Handball.net',0,'2026-06-06 19:25:55');
INSERT INTO venues VALUES(1655,'Hardtwaldhalle','Jahnstraße 1','Sandhausen','69207','DE','Haftmittel eingeschränkt — Angaben zu Details siehe Handball.net',0,'2026-06-06 19:25:55');
INSERT INTO venues VALUES(1656,'Astoriahalle Sport u.Kultur Walldorf','Schwetzinger Straße 91','Walldorf','69190','DE','Haftmittel eingeschränkt — Angaben zu Details siehe Handball.net',0,'2026-06-06 19:25:55');
INSERT INTO venues VALUES(1657,'Neckarhalle Wieblingen','Mannheimer Straße 23','Heidelberg','69115','DE','Haftmittel eingeschränkt — Angaben zu Details siehe Handball.net',0,'2026-06-06 19:25:55');
INSERT INTO venues VALUES(1658,'Leimbachhalle','Pestalozzistraße 14','Dielheim','69234','DE','Haftmittel eingeschränkt — Angaben zu Details siehe Handball.net',0,'2026-06-06 19:25:55');
INSERT INTO venues VALUES(1659,'Sportzentrum Nord 1','Tiergartenstraße 126','Heidelberg','69120','DE','Haftmittel verboten',0,'2026-06-06 19:25:55');
INSERT INTO venues VALUES(1660,'Gymnasiumhalle','Schubertstraße 2','Sinsheim','74889','DE','Haftmittel eingeschränkt — Angaben zu Details siehe Handball.net',0,'2026-06-06 19:25:55');
INSERT INTO venues VALUES(1661,'Rebland-Halle','Unterer Jagdweg 69','Malsch','69254','DE','Haftmittel eingeschränkt — Angaben zu Details siehe Handball.net',0,'2026-06-06 19:25:55');
INSERT INTO venues VALUES(1662,'Sportzentrum Harres','An der Autobahn 60','St. Leon-Rot','68789','DE','Haftmittel erlaubt',0,'2026-06-06 19:25:55');
INSERT INTO venues VALUES(1663,'Elsenzhalle','Vertusplatz 1','Bammental','69245','DE','Haftmittel erlaubt',0,'2026-06-06 19:25:55');
INSERT INTO venues VALUES(1664,'Sportparkhalle','Peter-Disegna-Weg','Leimen','69181','DE','Haftmittel verboten',0,'2026-06-06 19:25:55');
INSERT INTO venues VALUES(1665,'Rhein-Neckar-Halle','Pestalozzistraße','Eppelheim','69214','DE','Haftmittel verboten',0,'2026-06-06 19:25:55');
INSERT INTO venues VALUES(1666,'Etten-Leur-Halle','Horrenberger Straße 50','Wiesloch','69168','DE','Haftmittel verboten',0,'2026-06-06 19:25:55');
INSERT INTO venues VALUES(1667,'Sporthalle des Schulzentrums','Schwetzinger Straße 95','Walldorf','69190','DE','Haftmittel verboten',0,'2026-06-06 19:25:55');
INSERT INTO venues VALUES(1668,'Sportzentrum Süd Halle 1','Harbigweg 11/1','Heidelberg','69124','DE','Haftmittel verboten',0,'2026-06-06 19:25:55');
INSERT INTO venues VALUES(1669,'Münzenbachhalle','Alter Postweg 10','Neckargemünd','69151','DE','Haftmittel verboten',0,'2026-06-06 19:25:55');
INSERT INTO venues VALUES(1670,'IGH Sporthalle Hasenleiser 1','Baden-Badener Straße 14','Heidelberg','69126','DE','Haftmittel verboten',0,'2026-06-06 19:25:55');
INSERT INTO venues VALUES(1671,'Sportzentrum Süd Halle 2','Harbigweg 11/1','Heidelberg','69124','DE','Haftmittel verboten',0,'2026-06-06 19:25:55');
INSERT INTO venues VALUES(1672,'Olympiahalle','Kurpfalzstraße 75','Nußloch','69226','DE','Haftmittel eingeschränkt — Angaben zu Details siehe Handball.net',0,'2026-06-06 19:25:55');
INSERT INTO venues VALUES(1673,'Schauenburghalle','Gerhart-Hauptmann-Straße 7','Dossenheim','69221','DE','Haftmittel verboten',0,'2026-06-06 19:25:55');
INSERT INTO venues VALUES(1674,'Jahnhalle','Gerhart-Hauptmann-Straße 16','Dossenheim','69221','DE','Haftmittel verboten',0,'2026-06-06 19:25:55');
INSERT INTO venues VALUES(1675,'Hohenstauffenhalle','Karlstalweg 1/1','Eberbach','69412','DE','Haftmittel verboten',0,'2026-06-06 19:25:55');
INSERT INTO venues VALUES(1676,'Ittertalhalle','Pestalozzistraße 2','Eberbach','69412','DE','Haftmittel verboten',0,'2026-06-06 19:25:55');
INSERT INTO venues VALUES(1677,'Sporthalle','Schloßstraße 23-25','Eschelbronn','74927','DE','Haftmittel verboten',0,'2026-06-06 19:25:55');
INSERT INTO venues VALUES(1678,'Sportzentrum Nord 2','Tiergartenstraße 126','Heidelberg','69120','DE','Haftmittel verboten',0,'2026-06-06 19:25:55');
INSERT INTO venues VALUES(1679,'Auwiesenhalle','Schulstraße','Meckesheim','74909','DE','Haftmittel verboten',0,'2026-06-06 19:25:55');
INSERT INTO venues VALUES(1680,'Vierburgenhalle','Karl-Schmitt-Straße 19','Neckarsteinach','69239','DE','Haftmittel verboten',0,'2026-06-06 19:25:55');
INSERT INTO venues VALUES(1681,'Realschulhalle','Schubertstraße 2','Sinsheim','74889','DE','Haftmittel verboten',0,'2026-06-06 19:25:55');
INSERT INTO venues VALUES(1682,'Harres 2','An der Autobahn 60','St. Leon-Rot','68789','DE','Haftmittel erlaubt',0,'2026-06-06 19:25:55');
INSERT INTO venues VALUES(1683,'Sportzentrum West','Hinterer Entenpfuhl 10','Heidelberg','69123','DE','Haftmittel eingeschränkt — Angaben zu Details siehe Handball.net',0,'2026-06-06 19:25:55');
INSERT INTO venues VALUES(1684,'Odenwaldhalle','Schulstraße','Wilhelmsfeld','69259','DE','Haftmittel verboten',0,'2026-06-06 19:25:55');
INSERT INTO venues VALUES(1685,'Köpfelhalle','Stiftweg 32','Heidelberg','69118','DE','Haftmittel verboten',0,'2026-06-06 19:25:55');
INSERT INTO venues VALUES(1686,'Biddersbachhalle','Am Sportzentrum 2','Wiesenbach','69257','DE','Haftmittel verboten',0,'2026-06-06 19:25:55');
INSERT INTO venues VALUES(1687,'Olympiahalle 2','Kurpfalzstraße 75','Nußloch','69226','DE','Haftmittel eingeschränkt — Angaben zu Details siehe Handball.net',0,'2026-06-06 19:25:55');
INSERT INTO venues VALUES(1688,'Capri Sonne Arena','Justus-von-Liebig-Straße 9','Eppelheim','69214','DE','Haftmittel eingeschränkt — Angaben zu Details siehe Handball.net',0,'2026-06-06 19:25:55');
INSERT INTO venues VALUES(1689,'Mühltalhalle','Heinsheimer Straße 65','Bad Rappenau','74906','DE','Haftmittel verboten',0,'2026-06-06 19:25:55');
INSERT INTO venues VALUES(1690,'Kraichgauhalle','Wagnerstraße 9','Bad Rappenau','74906','DE','Haftmittel eingeschränkt — Angaben zu Details siehe Handball.net',0,'2026-06-06 19:25:55');
INSERT INTO venues VALUES(1691,'Schmiedgrundhalle','Berliner Ring 20','Eppingen','75031','DE','Haftmittel eingeschränkt — Angaben zu Details siehe Handball.net',0,'2026-06-06 19:25:55');
INSERT INTO venues VALUES(1692,'Hardwaldhalle','Berliner Ring 18/1','Eppingen','75031','DE','Haftmittel eingeschränkt — Angaben zu Details siehe Handball.net',0,'2026-06-06 19:25:55');
INSERT INTO venues VALUES(1693,'Harres 3','An der Autobahn 60','St. Leon-Rot','68789','DE','Haftmittel erlaubt',0,'2026-06-06 19:25:55');
INSERT INTO venues VALUES(1694,'Pestalozzihalle','Rohrbacher Straße 96','Heidelberg','69126','DE','Haftmittel verboten',0,'2026-06-06 19:25:55');
INSERT INTO venues VALUES(1695,'Kurpfalz-Halle','Pestalozzistraße 3','Leimen-St. Ilgen','69181','DE','Haftmittel verboten',0,'2026-06-06 19:25:55');
INSERT INTO venues VALUES(1696,'SpH Rhein-Neckar-Kreis Berufsschulzentrum Sinsheim','Alte Daisbacher Straße 7','Sinsheim','74889','DE','Haftmittel verboten',0,'2026-06-06 19:25:55');
INSERT INTO venues VALUES(1697,'Sporthalle am Großen Wald','Silbergasse 22','Sinsheim-Hoffenheim','74889','DE','Haftmittel verboten',0,'2026-06-06 19:25:55');
INSERT INTO venues VALUES(1698,'Schulsporthalle Friedrich-Ebert-Gymnasium','Albert-Schweitzer-Straße 5','Sandhausen','69207','DE','Haftmittel verboten',0,'2026-06-06 19:25:55');
INSERT INTO venues VALUES(1699,'Sporthalle am Giebel','Schulstraße 16','Sinsheim-Steinsfurt','74889','DE','Haftmittel verboten',0,'2026-06-06 19:25:55');
INSERT INTO venues VALUES(1700,'Oberzenthalle Beerfelden','Adalbert-Stifter-Str. 8','Oberzent','64670','DE','Haftmittel verboten',0,'2026-06-06 19:25:55');
INSERT INTO venues VALUES(1701,'Carl-Benz-Halle','Sternstraße 3','Karlsruhe-Mühlburg','76185','DE','Haftmittel verboten',0,'2026-06-06 19:25:55');
INSERT INTO venues VALUES(1702,'Dragonerhalle','Blücherstraße 19','Karlsruhe-Weststadt','76185','DE','Haftmittel verboten',0,'2026-06-06 19:25:55');
INSERT INTO venues VALUES(1703,'Friedrich-List Halle','Ludwig-Erhard Allee 3','Karlsruhe','76131','DE','Haftmittel verboten',0,'2026-06-06 19:25:55');
INSERT INTO venues VALUES(1704,'Emil-Arheit-Halle','Bruchwaldstraße 76','Karlsruhe-Grötzingen','76229','DE','Haftmittel eingeschränkt — Angaben zu Details siehe Handball.net',0,'2026-06-06 19:25:55');
INSERT INTO venues VALUES(1705,'Reinhold-Crocoll Sporthalle','Am Brurain 4-6','Karlsruhe-Knielingen','76187','DE','Haftmittel eingeschränkt — Angaben zu Details siehe Handball.net',0,'2026-06-06 19:25:55');
INSERT INTO venues VALUES(1706,'Sporthalle Neureut 1','Unterfeldstraße 6','Karlsruhe-Neureut','76149','DE','Haftmittel eingeschränkt — Angaben zu Details siehe Handball.net',0,'2026-06-06 19:25:55');
INSERT INTO venues VALUES(1707,'Sporthalle Neureut 2','Unterfeldstraße 6','Karlsruhe-Neureut','76149','DE','Haftmittel verboten',0,'2026-06-06 19:25:55');
INSERT INTO venues VALUES(1708,'Sporthalle Rintheim','Mannheimer Straße 2','Karlsruhe-Rintheim','76131','DE','Haftmittel eingeschränkt — Angaben zu Details siehe Handball.net',0,'2026-06-06 19:25:55');
INSERT INTO venues VALUES(1709,'Rheinstrandhalle','Lindenallee 12','Karlsruhe-Daxlanden','76189','DE','Haftmittel verboten',0,'2026-06-06 19:25:55');
INSERT INTO venues VALUES(1710,'Eichelgartenhalle','Rosenweg 1','Karlsruhe-Rüppurr','76199','DE','Haftmittel verboten',0,'2026-06-06 19:25:55');
INSERT INTO venues VALUES(1711,'Süd-West Schulzentrum','Joachim-Kurzaj-Weg 4','Karlsruhe-Oberreut','76189','DE','Haftmittel verboten',0,'2026-06-06 19:25:55');
INSERT INTO venues VALUES(1712,'Weinbrennerhalle','Kriegsstraße 141','Karlsruhe-Weststadt','76135','DE','Haftmittel verboten',0,'2026-06-06 19:25:55');
INSERT INTO venues VALUES(1713,'Wildparkhalle','Adenauerring 17','Karlsruhe','76131','DE','Haftmittel verboten',0,'2026-06-06 19:25:55');
INSERT INTO venues VALUES(1714,'Sportinstitut Halle 1','Engler-Bunte-Ring 15','Karlsruhe','76131','DE','Haftmittel verboten',0,'2026-06-06 19:25:55');
INSERT INTO venues VALUES(1715,'Sporthalle 1 Schulzentrum Blankenloch','Gymnasiumstraße 20','Stutensee-Blankenloch','76297','DE','Haftmittel eingeschränkt — Angaben zu Details siehe Handball.net',0,'2026-06-06 19:25:55');
INSERT INTO venues VALUES(1716,'Franz-Kühn Halle','Teichweg 2','Ettlingen-Bruchhausen','76275','DE','Haftmittel eingeschränkt — Angaben zu Details siehe Handball.net',0,'2026-06-06 19:25:55');
INSERT INTO venues VALUES(1717,'Sportzentrum Eggenstein 1','Buchheimer Weg 6','Eggenstein-Leopoldshafen','76344','DE','Haftmittel eingeschränkt — Angaben zu Details siehe Handball.net',0,'2026-06-06 19:25:55');
INSERT INTO venues VALUES(1718,'Sportzentrum Eggenstein 2','Buchheimer Weg 6','Eggenstein-Leopoldshafen','76344','DE','Haftmittel verboten',0,'2026-06-06 19:25:55');
INSERT INTO venues VALUES(1719,'Albgauhalle Ettlingen','Middelkerker Straße 1-5','Ettlingen','76275','DE','Haftmittel verboten',0,'2026-06-06 19:25:55');
INSERT INTO venues VALUES(1720,'Eichendorff Gymnasium','Goethestraße 2-10','Ettlingen','76275','DE','Haftmittel verboten',0,'2026-06-06 19:25:55');
INSERT INTO venues VALUES(1721,'Kreissporthalle ( Albert-Einstein Schule)','Beethovenstraße 1','Ettlingen','76275','DE','Haftmittel verboten',0,'2026-06-06 19:25:55');
INSERT INTO venues VALUES(1722,'Schulsporthalle','Georg-Blasel Straße 9','Ettlingen-Ettlingenweier','76275','DE','Haftmittel verboten',0,'2026-06-06 19:25:55');
INSERT INTO venues VALUES(1723,'Sporthalle Friedrichstal','Straße der Picardie 1','Stutensee-Friedrichstal','76297','DE','Haftmittel verboten',0,'2026-06-06 19:25:55');
INSERT INTO venues VALUES(1724,'Sporthalle Hochstetten','Schulstraße','Linkenheim-Hochstetten','76351','DE','Haftmittel eingeschränkt — Angaben zu Details siehe Handball.net',0,'2026-06-06 19:25:55');
INSERT INTO venues VALUES(1725,'Schulsporthalle Jöhlingen','Am Kirchplatz 18','Walzbachtal-Jöhlingen','75045','DE','Haftmittel eingeschränkt — Angaben zu Details siehe Handball.net',0,'2026-06-06 19:25:55');
INSERT INTO venues VALUES(1726,'Jahnsporthalle','Am Schelmenbusch','Karlsbad-Langensteinbach','76307','DE','Haftmittel eingeschränkt — Angaben zu Details siehe Handball.net',0,'2026-06-06 19:25:55');
INSERT INTO venues VALUES(1727,'Hermann-Übelhör-Halle','Nordring 9','Eggenstein-Leopoldshafen','76344','DE','Haftmittel verboten',0,'2026-06-06 19:25:55');
INSERT INTO venues VALUES(1728,'Sporthalle Liedolsheim','Kirchfeldstraße 30','Dettenheim-Liedolsheim','76706','DE','Haftmittel verboten',0,'2026-06-06 19:25:55');
INSERT INTO venues VALUES(1729,'Sporthalle Linkenheim 1','Virchowstraße 1','Linkenheim-Hochstetten','76351','DE','Haftmittel eingeschränkt — Angaben zu Details siehe Handball.net',0,'2026-06-06 19:25:55');
INSERT INTO venues VALUES(1730,'Sporthalle Linkenheim 2','Virchowstraße 1','Linkenheim-Hochstetten','76351','DE','Haftmittel verboten',0,'2026-06-06 19:25:55');
INSERT INTO venues VALUES(1731,'Bühnsporthalle','Am Hänfig 11','Malsch','76316','DE','Haftmittel verboten',0,'2026-06-06 19:25:55');
INSERT INTO venues VALUES(1732,'Otto-Hahn Gymnasium','Im Eichbäumle 1','Karlsruhe-Waldstadt','76139','DE','Haftmittel verboten',0,'2026-06-06 19:25:55');
INSERT INTO venues VALUES(1733,'Polizeihalle','Edgar-Heller Straße 19','Karlsruhe-Killisfeld','76227','DE','Haftmittel verboten',0,'2026-06-06 19:25:55');
INSERT INTO venues VALUES(1734,'Sporthalle Spöck','Steinbückelweg','Stutensee-Spöck','76297','DE','Haftmittel verboten',0,'2026-06-06 19:25:55');
INSERT INTO venues VALUES(1735,'Weiherhofhalle','Weiherhof','Karlsruhe-Durlach','76227','DE','Haftmittel eingeschränkt — Angaben zu Details siehe Handball.net',0,'2026-06-06 19:25:55');
INSERT INTO venues VALUES(1736,'Werner-Stegmaier-Halle','Untere Hub 1','Karlsruhe-Durlach','76227','DE','Haftmittel eingeschränkt — Angaben zu Details siehe Handball.net',0,'2026-06-06 19:25:55');
INSERT INTO venues VALUES(1737,'Walzbachhalle','Kanalstraße 69','Weingarten (Baden)','76356','DE','Haftmittel eingeschränkt — Angaben zu Details siehe Handball.net',0,'2026-06-06 19:25:55');
INSERT INTO venues VALUES(1738,'Sporthalle','Wössinger Straße 123','Walzbachtal-Wössingen','75045','DE','Haftmittel eingeschränkt — Angaben zu Details siehe Handball.net',0,'2026-06-06 19:25:55');
INSERT INTO venues VALUES(1739,'Sporthalle 2 Schulzentrum Blankenloch','Gymnasiumstraße 20','Stutensee-Blankenloch','76297','DE','Haftmittel verboten',0,'2026-06-06 19:25:55');
INSERT INTO venues VALUES(1740,'Harald-Schenk Sporthalle','Frauenhäusleweg 1b','Karlsruhe-Knielingen','76187','DE','Haftmittel verboten',0,'2026-06-06 19:25:55');
INSERT INTO venues VALUES(1741,'Turnhalle der Rennbuckelschulen','Bonner Straße 22','Karlsruhe','76185','DE','Haftmittel verboten',0,'2026-06-06 19:25:55');
INSERT INTO venues VALUES(1742,'Sporthalle der Gemeinschaftsschule','Am Schwarzen Weg 1','Oberhausen','68794','DE','Haftmittel verboten',0,'2026-06-06 19:25:55');
INSERT INTO venues VALUES(1743,'Rheinfrankenhalle','Hockenheimer Straße','Altlußheim','68804','DE','Haftmittel eingeschränkt — Angaben zu Details siehe Handball.net',0,'2026-06-06 19:25:55');
INSERT INTO venues VALUES(1744,'Langenberg-Sporthalle','Bergstraße 17','Birkenau','69488','DE','Haftmittel eingeschränkt — Angaben zu Details siehe Handball.net',0,'2026-06-06 19:25:55');
INSERT INTO venues VALUES(1745,'Hermann-Sattler-Halle','Bergstraße 15a','Birkenau','69488','DE','Haftmittel eingeschränkt — Angaben zu Details siehe Handball.net',0,'2026-06-06 19:25:55');
INSERT INTO venues VALUES(1746,'Sporthalle am Schwimmbad','Am Schrankenbuckel, Ormessonstr. 1','Brühl','68782','DE','Haftmittel eingeschränkt — Angaben zu Details siehe Handball.net',0,'2026-06-06 19:25:55');
INSERT INTO venues VALUES(1747,'Großsporthalle','Robert-Walter-Straße 1','Edingen-Neckarhausen','68535','DE','Haftmittel eingeschränkt — Angaben zu Details siehe Handball.net',0,'2026-06-06 19:25:55');
INSERT INTO venues VALUES(1748,'Nordbadenhalle 1','Ahornstraße 70','Heddesheim','68542','DE','Haftmittel verboten',0,'2026-06-06 19:25:55');
INSERT INTO venues VALUES(1749,'Nordbadenhalle 2','Ahornstraße 72','Heddesheim','68542','DE','Haftmittel eingeschränkt — Angaben zu Details siehe Handball.net',0,'2026-06-06 19:25:55');
INSERT INTO venues VALUES(1750,'Hans-Michel-Halle','Hüttenfelderstraße 42','Hemsbach','69502','DE','Haftmittel eingeschränkt — Angaben zu Details siehe Handball.net',0,'2026-06-06 19:25:55');
INSERT INTO venues VALUES(1751,'Heinrich-Beck-Halle','Hölderlinstraße 24','Hirschberg-Leutershausen','69493','DE','Haftmittel eingeschränkt — Angaben zu Details siehe Handball.net',0,'2026-06-06 19:25:55');
INSERT INTO venues VALUES(1752,'Sachsenhalle','Brunnengasse 21','Hirschberg-Großsachsen','69493','DE','Haftmittel eingeschränkt — Angaben zu Details siehe Handball.net',0,'2026-06-06 19:25:55');
INSERT INTO venues VALUES(1753,'Jahnhalle','Waldstraße 1','Hockenheim','68766','DE','Haftmittel eingeschränkt — Angaben zu Details siehe Handball.net',0,'2026-06-06 19:25:55');
INSERT INTO venues VALUES(1754,'Neckarhalle','Heddesheimer Straße','Ilvesheim','68549','DE','Haftmittel verboten',0,'2026-06-06 19:25:55');
INSERT INTO venues VALUES(1755,'Neurotthalle','Mannheimer Straße 27','Ketsch','68775','DE','Haftmittel eingeschränkt — Angaben zu Details siehe Handball.net',0,'2026-06-06 19:25:55');
INSERT INTO venues VALUES(1756,'BZ-Halle (Marion-Doenhoff-Realschule)','Wiesenplätz 7','Brühl','68782','DE','Haftmittel eingeschränkt — Angaben zu Details siehe Handball.net',0,'2026-06-06 19:25:55');
INSERT INTO venues VALUES(1757,'Lobdengauhalle','Realschulstraße','Ladenburg','68526','DE','Haftmittel verboten',0,'2026-06-06 19:25:55');
INSERT INTO venues VALUES(1758,'Bergstraßenhalle','Dr.-Werner-Freyberg-Straße 5','Laudenbach','69514','DE','Haftmittel verboten',0,'2026-06-06 19:25:55');
INSERT INTO venues VALUES(1759,'Konrad-Duden-Sporthalle','Kronenburgstraße 45-55','Mannheim-Rheinau','68219','DE','Haftmittel verboten',0,'2026-06-06 19:25:55');
INSERT INTO venues VALUES(1760,'Lilli Gräber Halle','Saarburger Ring','Mannheim','68229','DE','Haftmittel verboten',0,'2026-06-06 19:25:55');
INSERT INTO venues VALUES(1761,'Schwetzinger Vorstadt Halle','Keplerstraße 21-25','Mannheim','68165','DE','Haftmittel verboten',0,'2026-06-06 19:25:55');
INSERT INTO venues VALUES(1762,'Herbert-Lucy-Sporthalle','Alsenweg','Mannheim','68305','DE','Haftmittel verboten',0,'2026-06-06 19:25:55');
INSERT INTO venues VALUES(1763,'Johanna-Geissmar Gymnasium Sporthalle/Schönau','Rudolf-Maus-Str.','Mannheim','68307','DE','Haftmittel verboten',0,'2026-06-06 19:25:55');
INSERT INTO venues VALUES(1764,'Sporthalle Neckarstadt','Waldhofstraße 68','Mannheim','68169','DE','Haftmittel verboten',0,'2026-06-06 19:25:55');
INSERT INTO venues VALUES(1765,'Ludwig-Frank-Gymnasium Ma-Wohlgelegen','Käfertaler Straße 117-127','Mannheim','68167','DE','Haftmittel verboten',0,'2026-06-06 19:25:55');
INSERT INTO venues VALUES(1766,'Sporthalle, Vogelstang Geschw.Scholl Sch.','Pommernstraße 106','Mannheim','68309','DE','Haftmittel verboten',0,'2026-06-06 19:25:55');
INSERT INTO venues VALUES(1767,'Mehrzweckhalle, Feudenheim','Spessartstraße 24','Mannheim','68259','DE','Haftmittel verboten',0,'2026-06-06 19:25:55');
INSERT INTO venues VALUES(1768,'Rhein-Neckar-Halle','Theodor-Heuss-Anlage','Mannheim','68165','DE','Haftmittel verboten',0,'2026-06-06 19:25:55');
INSERT INTO venues VALUES(1769,'Richard-Möll-Halle','Innerer Heckweg 4','Mannheim','68239','DE','Haftmittel verboten',0,'2026-06-06 19:25:55');
INSERT INTO venues VALUES(1770,'Bertha-Hirsch-Halle','Elisabeth-Altmann-Gottheiner Straße','Mannheim','68309','DE','Haftmittel verboten',0,'2026-06-06 19:25:55');
INSERT INTO venues VALUES(1771,'Hardthalle','Kornstraße 63','Neulußheim','68809','DE','Haftmittel eingeschränkt — Angaben zu Details siehe Handball.net',0,'2026-06-06 19:25:55');
INSERT INTO venues VALUES(1772,'Karl-Frei-Sporthalle','Hardtwaldring 16','Oftersheim','68723','DE','Haftmittel eingeschränkt — Angaben zu Details siehe Handball.net',0,'2026-06-06 19:25:55');
INSERT INTO venues VALUES(1773,'Mehrzweckhalle','Jahnstraße 25','Plankstadt','68723','DE','Haftmittel eingeschränkt — Angaben zu Details siehe Handball.net',0,'2026-06-06 19:25:55');
INSERT INTO venues VALUES(1774,'Fritz-Mannherz-Halle','Wilhelmstraße 42','Reilingen','68799','DE','Haftmittel eingeschränkt — Angaben zu Details siehe Handball.net',0,'2026-06-06 19:25:55');
INSERT INTO venues VALUES(1775,'Mehrzweckhalle','Sportzentrum 1','Schriesheim','68198','DE','Haftmittel eingeschränkt — Angaben zu Details siehe Handball.net',0,'2026-06-06 19:25:55');
INSERT INTO venues VALUES(1776,'Schulzentrum','Hirschberger Straße','Schriesheim','69198','DE','Haftmittel eingeschränkt — Angaben zu Details siehe Handball.net',0,'2026-06-06 19:25:55');
INSERT INTO venues VALUES(1777,'Nordstadthalle','Grenzhöferstraße','Schwetzingen','68723','DE','Haftmittel eingeschränkt — Angaben zu Details siehe Handball.net',0,'2026-06-06 19:25:55');
INSERT INTO venues VALUES(1778,'Hebelhalle','Goethestraße','Schwetzingen','68723','DE','Haftmittel verboten',0,'2026-06-06 19:25:55');
INSERT INTO venues VALUES(1779,'Rudolf Harbig Halle','Lorscher Straße 84','Viernheim','68519','DE','Haftmittel erlaubt',0,'2026-06-06 19:25:55');
INSERT INTO venues VALUES(1780,'Waldsporthalle','Industriestraße 38','Viernheim','68519','DE','Haftmittel eingeschränkt — Angaben zu Details siehe Handball.net',0,'2026-06-06 19:25:55');
INSERT INTO venues VALUES(1781,'TSG Halle am Hallenbad','Mannheimer Straße 11','Weinheim','69469','DE','Haftmittel verboten',0,'2026-06-06 19:25:55');
INSERT INTO venues VALUES(1782,'Dietrich-Bonhoeffer Schule','Breslauer Str. 60, Navi:Multring 50','Weinheim','69469','DE','Haftmittel verboten',0,'2026-06-06 19:25:55');
INSERT INTO venues VALUES(1783,'Kreissporthalle Gewerbeschule','Wormserstraße, Navi: Heinestraße','Weinheim','69469','DE','Haftmittel verboten',0,'2026-06-06 19:25:55');
INSERT INTO venues VALUES(1784,'Sporthalle Hohensachsen','Langewiesenweg 1','Weinheim','69469','DE','Haftmittel verboten',0,'2026-06-06 19:25:55');
INSERT INTO venues VALUES(1785,'Rudolf-Harbig-Halle','Arndstraße 1','Hockenheim','68766','DE','Haftmittel eingeschränkt — Angaben zu Details siehe Handball.net',0,'2026-06-06 19:25:55');
INSERT INTO venues VALUES(1786,'Heidi-Mohr-Halle','Breslauer Straße 40','Weinheim','69469','DE','Haftmittel eingeschränkt — Angaben zu Details siehe Handball.net',0,'2026-06-06 19:25:55');
INSERT INTO venues VALUES(1787,'SKV Sandhofen','Kalthorststr. 44','Mannheim','68307','DE','Haftmittel verboten',0,'2026-06-06 19:25:55');
INSERT INTO venues VALUES(1788,'Sporthalle im Grüner','Max-Planck-Straße 3','Bretten','75015','DE','Haftmittel eingeschränkt — Angaben zu Details siehe Handball.net',0,'2026-06-06 19:25:55');
INSERT INTO venues VALUES(1789,'Stadthalle Neuenbürg','Robert-Grob Str. 8','Neuenbürg','75305','DE','Haftmittel eingeschränkt — Angaben zu Details siehe Handball.net',0,'2026-06-06 19:25:55');
INSERT INTO venues VALUES(1790,'Kirnbachhalle Niefern','Bischwiese 4','Niefern-Öschelbronn','75223','DE','Haftmittel verboten',0,'2026-06-06 19:25:55');
INSERT INTO venues VALUES(1791,'Schwarzwaldhalle','Jahnstraße 15','Birkenfeld','75217','DE','Haftmittel verboten',0,'2026-06-06 19:25:55');
INSERT INTO venues VALUES(1792,'Ludwig Erhard Schule','Schoferweg','Pforzheim','75177','DE','Haftmittel verboten',0,'2026-06-06 19:25:55');
INSERT INTO venues VALUES(1793,'Sporthalle beim Fritz-Erler-Gymnasium','Westliche Karl-Friedrich-Straße 215','Pforzheim','75172','DE','Haftmittel eingeschränkt — Angaben zu Details siehe Handball.net',0,'2026-06-06 19:25:55');
INSERT INTO venues VALUES(1794,'Enztalsporthalle','Rappstraße 35','Mühlacker','75417','DE','Haftmittel verboten',0,'2026-06-06 19:25:55');
INSERT INTO venues VALUES(1795,'Konrad-Adenauer-Sporthalle','Kaulbachstraße 32','Pforzheim','75181','DE','Haftmittel eingeschränkt — Angaben zu Details siehe Handball.net',0,'2026-06-06 19:25:55');
INSERT INTO venues VALUES(1796,'Hermann-Saam-Halle','Bismarckstraße','Bad Wildbad','75323','DE','Haftmittel verboten',0,'2026-06-06 19:25:55');
INSERT INTO venues VALUES(1797,'Enztalhalle','Mörikestraße','Bad Wildbad-Calmbach','75323','DE','Haftmittel verboten',0,'2026-06-06 19:25:55');
INSERT INTO venues VALUES(1798,'Sporthalle','Parkstraße','Knittlingen','75438','DE','Haftmittel eingeschränkt — Angaben zu Details siehe Handball.net',0,'2026-06-06 19:25:55');
INSERT INTO venues VALUES(1799,'Schulsporthalle','Turnstraße 50','Ispringen','75228','DE','Haftmittel eingeschränkt — Angaben zu Details siehe Handball.net',0,'2026-06-06 19:25:55');
INSERT INTO venues VALUES(1800,'TV-Halle','Withum-Anlage 7','Bretten','75015','DE','Haftmittel verboten',0,'2026-06-06 19:25:55');
INSERT INTO venues VALUES(1801,'Sporthalle im Benckiser Park','Habermehlstraße 4','Pforzheim','75172','DE','Haftmittel eingeschränkt — Angaben zu Details siehe Handball.net',0,'2026-06-06 19:25:55');
INSERT INTO venues VALUES(1802,'Bertha-Benz-Halle','Kiehnlestraße 25','Pforzheim','75172','DE','Haftmittel eingeschränkt — Angaben zu Details siehe Handball.net',0,'2026-06-06 19:25:55');
INSERT INTO venues VALUES(1803,'Lindachhalle Mühlacker','Ascherstraße','Mühlacker','75417','DE','Haftmittel verboten',0,'2026-06-06 19:25:55');
INSERT INTO venues VALUES(1804,'Richard-Wolf-Halle','Friedenstraße 1','Knittlingen','75438','DE','Haftmittel eingeschränkt — Angaben zu Details siehe Handball.net',0,'2026-06-06 19:25:55');
INSERT INTO venues VALUES(1805,'Walter-Hohmann-Schulsporthalle','Bürgermeister-Henn-Straße','Hardheim','74736','DE','Haftmittel eingeschränkt — Angaben zu Details siehe Handball.net',0,'2026-06-06 19:25:55');
INSERT INTO venues VALUES(1806,'Tauber-Franken-Sporthalle','Hauptstraße','Lauda-Königshofen','97922','DE','Haftmittel verboten',0,'2026-06-06 19:25:55');
INSERT INTO venues VALUES(1807,'Sporthalle','Becksteiner Straße 58','Lauda-Königshofen','97922','DE','Haftmittel verboten',0,'2026-06-06 19:25:55');
INSERT INTO venues VALUES(1808,'Grünewaldhalle','Vitryallee 7','Tauberbischofsheim','97941','DE','Haftmittel eingeschränkt — Angaben zu Details siehe Handball.net',0,'2026-06-06 19:25:55');
INSERT INTO venues VALUES(1809,'Wörthalle','Am Wört','Tauberbischofsheim','97941','DE','Haftmittel verboten',0,'2026-06-06 19:25:55');
INSERT INTO venues VALUES(1810,'Oberzenthalle Beerfelden','Albert-Stifter-Straße 8','Beerfelden','64743','DE','Haftmittel verboten',0,'2026-06-06 19:25:55');
INSERT INTO venues VALUES(1811,'Sport- und Spielhalle','Dr.-Fritz-Schmitt-Ring','Buchen','74722','DE','Haftmittel verboten',0,'2026-06-06 19:25:55');
INSERT INTO venues VALUES(1812,'Sportzentrum Odenwald','Henry-Dunant-Straße','Buchen','74722','DE','Haftmittel verboten',0,'2026-06-06 19:25:55');
INSERT INTO venues VALUES(1813,'Nibelungen-Halle','Theodor-Heuss-Ring 21','Walldürn','74731','DE','Haftmittel verboten',0,'2026-06-06 19:25:55');
INSERT INTO venues VALUES(1814,'Sporthalle','Jahnstraße 12','Höpfingen','74746','DE','Haftmittel verboten',0,'2026-06-06 19:25:55');
INSERT INTO venues VALUES(1815,'PLARENA','Eugen-Pfaff-Ring 1','Plankstadt','68723','DE','Haftmittel verboten',0,'2026-06-06 19:25:55');
INSERT INTO venues VALUES(1816,'Pattberghalle','Heidelbergerstr. 39','Neckarelz','74821','DE','Haftmittel verboten',0,'2026-06-06 19:25:55');
INSERT INTO venues VALUES(1817,'Jahnhalle','Hammerweg 7','Mosbach','74821','DE','Haftmittel verboten',0,'2026-06-06 19:25:55');
INSERT INTO venues VALUES(1818,'Ludwig-Erhard-Sporthalle','Jean-de-la-Fontaine-Straße 1','Mosbach','74821','DE','Haftmittel verboten',0,'2026-06-06 19:25:55');
INSERT INTO venues VALUES(1819,'Pattberghalle','Heidelbergerstrasse 39','Mosbach-Neckarelz','74821','DE','Haftmittel verboten',0,'2026-06-06 19:25:55');
INSERT INTO venues VALUES(1820,'Neckarhalle','Am Park 8','Obrigheim','74847','DE','Haftmittel verboten',0,'2026-06-06 19:25:55');
INSERT INTO venues VALUES(1821,'TSG Sportzentrum Ludwigshafen-Friesenheim','Eschenbachstraße 85','Ludwigshafen','67063','DE','Haftmittel verboten',0,'2026-06-06 19:25:55');
INSERT INTO venues VALUES(1822,'Vereinsgaststätte TB Gaisburg','Waldebene O 241','Stuttgart','70186','DE','',0,'2026-06-06 21:01:27');
CREATE TABLE conversations (
    id         INTEGER PRIMARY KEY,
    type       TEXT    NOT NULL CHECK(type IN ('direct', 'group')),
    name       TEXT,
    created_by INTEGER NOT NULL REFERENCES users(id),
    created_at DATETIME NOT NULL DEFAULT CURRENT_TIMESTAMP
);
INSERT INTO conversations VALUES(2,'group','Test',13,'2026-06-06 16:25:33');
INSERT INTO conversations VALUES(3,'direct',NULL,5,'2026-06-06 16:36:45');
INSERT INTO conversations VALUES(4,'direct',NULL,5,'2026-06-06 16:41:02');
INSERT INTO conversations VALUES(7,'direct',NULL,4,'2026-06-07 11:04:15');
INSERT INTO conversations VALUES(8,'direct',NULL,13,'2026-06-07 11:08:42');
INSERT INTO conversations VALUES(9,'group','Key User',4,'2026-06-07 11:09:26');
INSERT INTO conversations VALUES(10,'direct',NULL,15,'2026-06-07 11:24:52');
INSERT INTO conversations VALUES(11,'direct',NULL,14,'2026-06-07 11:25:29');
INSERT INTO conversations VALUES(12,'group','Baders',14,'2026-06-07 11:25:54');
INSERT INTO conversations VALUES(13,'direct',NULL,18,'2026-06-07 18:03:59');
INSERT INTO conversations VALUES(14,'direct',NULL,13,'2026-06-08 12:47:09');
INSERT INTO conversations VALUES(15,'direct',NULL,12,'2026-06-08 12:57:02');
CREATE TABLE conversation_members (
    conversation_id INTEGER NOT NULL REFERENCES conversations(id) ON DELETE CASCADE,
    user_id         INTEGER NOT NULL REFERENCES users(id),
    joined_at       DATETIME NOT NULL DEFAULT CURRENT_TIMESTAMP,
    left_at         DATETIME,
    PRIMARY KEY (conversation_id, user_id)
);
INSERT INTO conversation_members VALUES(2,13,'2026-06-06 16:25:33','2026-06-07 11:08:26');
INSERT INTO conversation_members VALUES(2,8,'2026-06-06 16:25:33','2026-06-07 07:18:35');
INSERT INTO conversation_members VALUES(2,16,'2026-06-06 16:25:33',NULL);
INSERT INTO conversation_members VALUES(2,4,'2026-06-06 16:25:33','2026-06-07 20:48:39');
INSERT INTO conversation_members VALUES(3,5,'2026-06-06 16:36:45',NULL);
INSERT INTO conversation_members VALUES(3,8,'2026-06-06 16:36:45','2026-06-07 07:18:26');
INSERT INTO conversation_members VALUES(4,5,'2026-06-06 16:41:02',NULL);
INSERT INTO conversation_members VALUES(4,11,'2026-06-06 16:41:02',NULL);
INSERT INTO conversation_members VALUES(7,4,'2026-06-07 11:04:15',NULL);
INSERT INTO conversation_members VALUES(7,8,'2026-06-07 11:04:15',NULL);
INSERT INTO conversation_members VALUES(8,13,'2026-06-07 11:08:42',NULL);
INSERT INTO conversation_members VALUES(8,17,'2026-06-07 11:08:42',NULL);
INSERT INTO conversation_members VALUES(9,4,'2026-06-07 11:09:26',NULL);
INSERT INTO conversation_members VALUES(9,6,'2026-06-07 11:09:26',NULL);
INSERT INTO conversation_members VALUES(9,11,'2026-06-07 11:09:26',NULL);
INSERT INTO conversation_members VALUES(9,14,'2026-06-07 11:09:26',NULL);
INSERT INTO conversation_members VALUES(9,12,'2026-06-07 11:09:26',NULL);
INSERT INTO conversation_members VALUES(9,16,'2026-06-07 11:09:26',NULL);
INSERT INTO conversation_members VALUES(10,15,'2026-06-07 11:24:52',NULL);
INSERT INTO conversation_members VALUES(10,14,'2026-06-07 11:24:52','2026-06-07 11:28:17');
INSERT INTO conversation_members VALUES(11,14,'2026-06-07 11:25:29','2026-06-07 11:28:16');
INSERT INTO conversation_members VALUES(11,7,'2026-06-07 11:25:29',NULL);
INSERT INTO conversation_members VALUES(12,14,'2026-06-07 11:25:54','2026-06-07 11:27:00');
INSERT INTO conversation_members VALUES(12,15,'2026-06-07 11:25:54','2026-06-07 11:27:02');
INSERT INTO conversation_members VALUES(12,7,'2026-06-07 11:25:54',NULL);
INSERT INTO conversation_members VALUES(13,18,'2026-06-07 18:03:59',NULL);
INSERT INTO conversation_members VALUES(13,4,'2026-06-07 18:03:59',NULL);
INSERT INTO conversation_members VALUES(14,13,'2026-06-08 12:47:09',NULL);
INSERT INTO conversation_members VALUES(14,8,'2026-06-08 12:47:09',NULL);
INSERT INTO conversation_members VALUES(15,12,'2026-06-08 12:57:02',NULL);
INSERT INTO conversation_members VALUES(15,4,'2026-06-08 12:57:02',NULL);
CREATE TABLE messages (
    id              INTEGER PRIMARY KEY,
    conversation_id INTEGER NOT NULL REFERENCES conversations(id) ON DELETE CASCADE,
    sender_id       INTEGER NOT NULL REFERENCES users(id),
    body            TEXT    NOT NULL CHECK(length(body) > 0 AND length(body) <= 2000),
    sent_at         DATETIME NOT NULL DEFAULT CURRENT_TIMESTAMP
, reply_to_id INTEGER REFERENCES messages(id), edited_at DATETIME, deleted_at DATETIME);
INSERT INTO messages VALUES(2,2,13,'Test','2026-06-06 16:25:43',NULL,NULL,NULL);
INSERT INTO messages VALUES(3,2,13,'…','2026-06-06 16:25:55',NULL,NULL,NULL);
INSERT INTO messages VALUES(5,2,8,'Hallo Jannes','2026-06-06 16:26:35',NULL,NULL,NULL);
INSERT INTO messages VALUES(6,2,13,'Hi','2026-06-06 16:26:46',NULL,NULL,NULL);
INSERT INTO messages VALUES(7,2,8,'Julia, wie kann man die Push-Benachrichtigungen aktivieren?','2026-06-06 16:27:12',NULL,NULL,NULL);
INSERT INTO messages VALUES(8,2,8,'Jannes, klappt es jetzt?','2026-06-06 16:28:23',NULL,NULL,NULL);
INSERT INTO messages VALUES(9,2,8,'?','2026-06-06 16:28:42',NULL,NULL,NULL);
INSERT INTO messages VALUES(10,2,16,'Ich hab mich ausgeloggt und dann wieder eingeloggt','2026-06-06 16:29:05',NULL,NULL,NULL);
INSERT INTO messages VALUES(11,2,16,'Dann wurde ich gefragt, ob ich sie zulassen möchte','2026-06-06 16:29:18',NULL,NULL,NULL);
INSERT INTO messages VALUES(12,2,8,'Ok','2026-06-06 16:29:24',NULL,NULL,NULL);
INSERT INTO messages VALUES(13,2,13,'Dankeschön Julia','2026-06-06 16:30:04',NULL,NULL,NULL);
INSERT INTO messages VALUES(14,2,8,'Dann klappt es  jetzt sicher','2026-06-06 16:30:59',NULL,NULL,NULL);
INSERT INTO messages VALUES(15,3,5,'Hallo','2026-06-06 16:36:51',NULL,NULL,NULL);
INSERT INTO messages VALUES(16,3,8,'Hi','2026-06-06 16:38:55',NULL,NULL,NULL);
INSERT INTO messages VALUES(17,3,8,'Jetz','2026-06-06 16:39:54',NULL,NULL,NULL);
INSERT INTO messages VALUES(18,3,8,'Jetzt','2026-06-06 16:39:58',NULL,NULL,NULL);
INSERT INTO messages VALUES(19,4,5,'Hallo','2026-06-06 16:41:07',NULL,NULL,NULL);
INSERT INTO messages VALUES(20,4,11,'Hallo','2026-06-06 16:41:20',NULL,NULL,NULL);
INSERT INTO messages VALUES(21,4,11,'Wie kann man die Mitteilungen komplett lesen?','2026-06-06 16:41:43',NULL,NULL,NULL);
INSERT INTO messages VALUES(22,4,5,'Muss man noch ändern','2026-06-06 16:42:33',NULL,NULL,NULL);
INSERT INTO messages VALUES(23,4,5,'Quer geht es','2026-06-06 16:42:47',NULL,NULL,NULL);
INSERT INTO messages VALUES(24,4,11,'In der App geht es noch gar nicht. Da fehlt die Funktion "Nachrichten"','2026-06-06 16:43:26',NULL,NULL,NULL);
INSERT INTO messages VALUES(25,4,5,'Melde dich kurz vllt einmal ab und wieder ein','2026-06-06 16:44:04',NULL,NULL,NULL);
INSERT INTO messages VALUES(26,4,11,'Hat geklappt','2026-06-06 16:44:43',NULL,NULL,NULL);
INSERT INTO messages VALUES(27,4,11,'Aber quer geht es auch nicht','2026-06-06 16:45:05',NULL,NULL,NULL);
INSERT INTO messages VALUES(28,4,11,'Dein Chat funktioniert super','2026-06-06 16:45:19',NULL,NULL,NULL);
INSERT INTO messages VALUES(44,7,4,'Teste mal bitte nochmal Die mobil Version bzgl Zoom','2026-06-07 11:04:35',NULL,NULL,NULL);
INSERT INTO messages VALUES(45,7,8,'Tut','2026-06-07 11:05:37',NULL,NULL,NULL);
INSERT INTO messages VALUES(46,8,13,'Was geht mein Bre','2026-06-07 11:08:59',NULL,NULL,NULL);
INSERT INTO messages VALUES(47,9,4,'Bitte testet mal die Chat Funktion.','2026-06-07 11:10:07',NULL,NULL,NULL);
INSERT INTO messages VALUES(48,9,4,'Was würdet ihr euch wünschen? Wo sollte man einen Chat starten können?','2026-06-07 11:10:30',NULL,NULL,NULL);
INSERT INTO messages VALUES(49,8,13,'Was machen wir an deinem und Josuas Geburtstag?','2026-06-07 11:17:43',NULL,NULL,NULL);
INSERT INTO messages VALUES(50,8,17,'wahrscheinlich laser tag','2026-06-07 11:21:19',NULL,NULL,NULL);
INSERT INTO messages VALUES(51,8,13,'Geil','2026-06-07 11:21:36',NULL,NULL,NULL);
INSERT INTO messages VALUES(52,8,13,'Mit übernachten?','2026-06-07 11:22:30',NULL,NULL,NULL);
INSERT INTO messages VALUES(53,8,13,'Laser Tag dann wahrscheinlich am 20.6 oder?','2026-06-07 11:23:21',NULL,NULL,NULL);
INSERT INTO messages VALUES(54,10,15,'Hallo','2026-06-07 11:24:56',NULL,NULL,NULL);
INSERT INTO messages VALUES(55,12,14,'Hallo, ich hab euch lieb, auch wenn ich so oft mecker. Bin halt ne Ziege!','2026-06-07 11:26:36',NULL,NULL,NULL);
INSERT INTO messages VALUES(56,9,14,'Ich finde es gut so. Eventuell auf der Übersichtsseite, vielleicht ist es dann für die, die öfters Nachrichten schreiben einfacher.','2026-06-07 11:33:51',NULL,NULL,NULL);
INSERT INTO messages VALUES(57,9,14,'Bereits verschickte Nachrichten kann man nicht mehr bearbeiten oder löschen?','2026-06-07 11:34:55',NULL,NULL,NULL);
INSERT INTO messages VALUES(58,9,11,'Ich fände es auch gut, wenn man von der Übersicht darauf zu greifen könnte.','2026-06-07 11:53:36',NULL,NULL,NULL);
INSERT INTO messages VALUES(59,9,11,'Kann man auf Nachrichten antworten?','2026-06-07 11:53:53',NULL,NULL,NULL);
INSERT INTO messages VALUES(60,9,4,'Nicht auf Broadcast messages. Nur auf normale Nachrichten','2026-06-07 11:58:58',NULL,NULL,NULL);
INSERT INTO messages VALUES(61,9,4,'Ah. Du meinst auf einzelne in der Historie?','2026-06-07 11:59:18',NULL,NULL,NULL);
INSERT INTO messages VALUES(62,9,11,'Ja','2026-06-07 12:03:59',NULL,NULL,NULL);
INSERT INTO messages VALUES(63,9,11,'Z.B. wie bei WhatsApp die Nachricht nach rechts stipendien und dadurch darauf antworten','2026-06-07 12:04:38',NULL,NULL,NULL);
INSERT INTO messages VALUES(64,7,8,'Funktioniert','2026-06-07 16:25:03',NULL,NULL,NULL);
INSERT INTO messages VALUES(65,13,18,'Hallo','2026-06-07 18:04:05',NULL,NULL,NULL);
INSERT INTO messages VALUES(66,13,4,'Hallo zurück','2026-06-07 18:04:27',NULL,NULL,NULL);
INSERT INTO messages VALUES(67,9,4,'@flo: teste jetzt mal','2026-06-07 18:56:49',63,NULL,NULL);
INSERT INTO messages VALUES(68,9,4,'Bei eigenen ist es lustig :)','2026-06-07 18:58:33',NULL,NULL,NULL);
INSERT INTO messages VALUES(69,9,11,'Funktioniert super','2026-06-07 19:17:43',67,NULL,NULL);
INSERT INTO messages VALUES(70,9,11,'Bei eigenen auch...','2026-06-07 19:18:09',63,NULL,NULL);
INSERT INTO messages VALUES(71,9,11,'Wie wäre es, wenn man auf die Nachrichten auch über das Dashboard Zugriff hätte','2026-06-07 19:19:48',NULL,NULL,NULL);
INSERT INTO messages VALUES(72,9,4,'Wie meinst Du? Was willst du da sehen oder machen können.','2026-06-07 19:23:18',NULL,NULL,NULL);
INSERT INTO messages VALUES(73,9,4,'Andrea meinte auch wie bei Spond aus Gruppe auswählen. Wo würde das Sinn ergeben? Allen Eltern bei „Mein Team“, allen Spielern, …','2026-06-07 19:24:15',NULL,NULL,NULL);
INSERT INTO messages VALUES(74,9,11,'Genau','2026-06-07 19:25:05',73,NULL,NULL);
INSERT INTO messages VALUES(75,8,17,'ne 19','2026-06-08 10:58:54',NULL,NULL,NULL);
INSERT INTO messages VALUES(76,8,17,'ja','2026-06-08 10:59:00',52,NULL,NULL);
INSERT INTO messages VALUES(77,8,13,'Ok','2026-06-08 10:59:10',75,NULL,NULL);
INSERT INTO messages VALUES(78,8,13,'Hhh','2026-06-08 11:45:00',NULL,NULL,NULL);
INSERT INTO messages VALUES(79,8,13,'Ne*a','2026-06-08 11:59:34',NULL,NULL,'2026-06-08 14:14:05');
INSERT INTO messages VALUES(80,8,13,'Spielt Handball','2026-06-08 11:59:48',NULL,NULL,'2026-06-08 14:14:02');
INSERT INTO messages VALUES(81,8,13,'Wo schlafen wir bei deinem Geburtstag','2026-06-08 12:00:44',NULL,NULL,'2026-06-08 14:14:00');
INSERT INTO messages VALUES(82,8,13,'Das * ist der Buchstabe den du noch herausfinden musst','2026-06-08 12:02:31',79,NULL,'2026-06-08 14:13:57');
INSERT INTO messages VALUES(83,8,13,'Lass an deinem Geburtstag machen flaschendrehen mit Crush sagen aber es dürfen nur welche mit crush mitmachen und zuhören','2026-06-08 12:04:03',NULL,NULL,'2026-06-08 14:14:34');
INSERT INTO messages VALUES(84,14,13,'How old are you now???','2026-06-08 12:47:39',NULL,NULL,NULL);
INSERT INTO messages VALUES(85,14,13,'How old are you now???','2026-06-08 12:47:58',NULL,NULL,NULL);
INSERT INTO messages VALUES(86,15,12,'Hallo Ulrich,','2026-06-08 12:57:12',NULL,NULL,NULL);
INSERT INTO messages VALUES(87,15,12,'Habe eben gesehen, dass jetzt Möglichkeiten eines Chats gibt!','2026-06-08 12:57:47',NULL,NULL,NULL);
INSERT INTO messages VALUES(88,15,12,'Sensationell!!!','2026-06-08 12:57:54',NULL,NULL,NULL);
INSERT INTO messages VALUES(89,15,12,'Kann man jetzt Gruppenchats der Teams hier drüber laufen lassen? Da macht ja dann hoffentlich auch Brigitte mit😉','2026-06-08 12:59:37',NULL,NULL,NULL);
INSERT INTO messages VALUES(90,15,4,'Danke','2026-06-08 17:07:38',88,NULL,NULL);
INSERT INTO messages VALUES(91,15,4,'Müsste jemand mal Werbung machen','2026-06-08 17:08:01',89,NULL,NULL);
CREATE TABLE message_reads (
    message_id INTEGER NOT NULL REFERENCES messages(id) ON DELETE CASCADE,
    user_id    INTEGER NOT NULL REFERENCES users(id),
    read_at    DATETIME NOT NULL DEFAULT CURRENT_TIMESTAMP,
    PRIMARY KEY (message_id, user_id)
);
INSERT INTO message_reads VALUES(3,8,'2026-06-06 16:26:26');
INSERT INTO message_reads VALUES(2,8,'2026-06-06 16:26:26');
INSERT INTO message_reads VALUES(5,13,'2026-06-06 16:26:35');
INSERT INTO message_reads VALUES(6,8,'2026-06-06 16:26:53');
INSERT INTO message_reads VALUES(7,13,'2026-06-06 16:27:12');
INSERT INTO message_reads VALUES(9,16,'2026-06-06 16:28:50');
INSERT INTO message_reads VALUES(8,16,'2026-06-06 16:28:50');
INSERT INTO message_reads VALUES(7,16,'2026-06-06 16:28:50');
INSERT INTO message_reads VALUES(6,16,'2026-06-06 16:28:50');
INSERT INTO message_reads VALUES(5,16,'2026-06-06 16:28:50');
INSERT INTO message_reads VALUES(3,16,'2026-06-06 16:28:50');
INSERT INTO message_reads VALUES(2,16,'2026-06-06 16:28:50');
INSERT INTO message_reads VALUES(10,8,'2026-06-06 16:29:07');
INSERT INTO message_reads VALUES(11,8,'2026-06-06 16:29:18');
INSERT INTO message_reads VALUES(12,16,'2026-06-06 16:29:24');
INSERT INTO message_reads VALUES(12,13,'2026-06-06 16:29:55');
INSERT INTO message_reads VALUES(11,13,'2026-06-06 16:29:55');
INSERT INTO message_reads VALUES(10,13,'2026-06-06 16:29:55');
INSERT INTO message_reads VALUES(9,13,'2026-06-06 16:29:55');
INSERT INTO message_reads VALUES(8,13,'2026-06-06 16:29:55');
INSERT INTO message_reads VALUES(13,8,'2026-06-06 16:30:14');
INSERT INTO message_reads VALUES(14,13,'2026-06-06 16:31:08');
INSERT INTO message_reads VALUES(14,4,'2026-06-06 16:38:23');
INSERT INTO message_reads VALUES(13,4,'2026-06-06 16:38:23');
INSERT INTO message_reads VALUES(12,4,'2026-06-06 16:38:23');
INSERT INTO message_reads VALUES(11,4,'2026-06-06 16:38:23');
INSERT INTO message_reads VALUES(10,4,'2026-06-06 16:38:23');
INSERT INTO message_reads VALUES(9,4,'2026-06-06 16:38:23');
INSERT INTO message_reads VALUES(8,4,'2026-06-06 16:38:23');
INSERT INTO message_reads VALUES(7,4,'2026-06-06 16:38:23');
INSERT INTO message_reads VALUES(6,4,'2026-06-06 16:38:23');
INSERT INTO message_reads VALUES(5,4,'2026-06-06 16:38:23');
INSERT INTO message_reads VALUES(3,4,'2026-06-06 16:38:23');
INSERT INTO message_reads VALUES(2,4,'2026-06-06 16:38:23');
INSERT INTO message_reads VALUES(15,8,'2026-06-06 16:38:53');
INSERT INTO message_reads VALUES(16,5,'2026-06-06 16:39:23');
INSERT INTO message_reads VALUES(18,5,'2026-06-06 16:39:59');
INSERT INTO message_reads VALUES(17,5,'2026-06-06 16:39:59');
INSERT INTO message_reads VALUES(19,11,'2026-06-06 16:41:16');
INSERT INTO message_reads VALUES(20,5,'2026-06-06 16:41:20');
INSERT INTO message_reads VALUES(21,5,'2026-06-06 16:41:43');
INSERT INTO message_reads VALUES(23,11,'2026-06-06 16:42:56');
INSERT INTO message_reads VALUES(22,11,'2026-06-06 16:42:56');
INSERT INTO message_reads VALUES(24,5,'2026-06-06 16:43:26');
INSERT INTO message_reads VALUES(25,11,'2026-06-06 16:44:04');
INSERT INTO message_reads VALUES(26,5,'2026-06-06 16:44:58');
INSERT INTO message_reads VALUES(27,5,'2026-06-06 16:45:05');
INSERT INTO message_reads VALUES(28,5,'2026-06-06 16:45:19');
INSERT INTO message_reads VALUES(14,16,'2026-06-06 21:08:51');
INSERT INTO message_reads VALUES(13,16,'2026-06-06 21:08:51');
INSERT INTO message_reads VALUES(44,8,'2026-06-07 11:05:00');
INSERT INTO message_reads VALUES(48,11,'2026-06-07 11:17:36');
INSERT INTO message_reads VALUES(47,11,'2026-06-07 11:17:36');
INSERT INTO message_reads VALUES(49,17,'2026-06-07 11:21:00');
INSERT INTO message_reads VALUES(46,17,'2026-06-07 11:21:00');
INSERT INTO message_reads VALUES(50,13,'2026-06-07 11:21:33');
INSERT INTO message_reads VALUES(48,14,'2026-06-07 11:23:38');
INSERT INTO message_reads VALUES(47,14,'2026-06-07 11:23:38');
INSERT INTO message_reads VALUES(54,14,'2026-06-07 11:25:15');
INSERT INTO message_reads VALUES(55,15,'2026-06-07 11:26:37');
INSERT INTO message_reads VALUES(48,16,'2026-06-07 11:28:19');
INSERT INTO message_reads VALUES(47,16,'2026-06-07 11:28:19');
INSERT INTO message_reads VALUES(57,11,'2026-06-07 11:51:50');
INSERT INTO message_reads VALUES(56,11,'2026-06-07 11:51:50');
INSERT INTO message_reads VALUES(59,4,'2026-06-07 11:58:36');
INSERT INTO message_reads VALUES(58,4,'2026-06-07 11:58:36');
INSERT INTO message_reads VALUES(57,4,'2026-06-07 11:58:36');
INSERT INTO message_reads VALUES(56,4,'2026-06-07 11:58:36');
INSERT INTO message_reads VALUES(61,11,'2026-06-07 12:03:43');
INSERT INTO message_reads VALUES(60,11,'2026-06-07 12:03:43');
INSERT INTO message_reads VALUES(63,14,'2026-06-07 12:37:42');
INSERT INTO message_reads VALUES(62,14,'2026-06-07 12:37:42');
INSERT INTO message_reads VALUES(61,14,'2026-06-07 12:37:42');
INSERT INTO message_reads VALUES(60,14,'2026-06-07 12:37:42');
INSERT INTO message_reads VALUES(59,14,'2026-06-07 12:37:42');
INSERT INTO message_reads VALUES(58,14,'2026-06-07 12:37:42');
INSERT INTO message_reads VALUES(63,4,'2026-06-07 13:50:09');
INSERT INTO message_reads VALUES(62,4,'2026-06-07 13:50:09');
INSERT INTO message_reads VALUES(45,4,'2026-06-07 13:50:23');
INSERT INTO message_reads VALUES(65,4,'2026-06-07 18:04:21');
INSERT INTO message_reads VALUES(64,4,'2026-06-07 18:06:32');
INSERT INTO message_reads VALUES(68,11,'2026-06-07 19:17:21');
INSERT INTO message_reads VALUES(67,11,'2026-06-07 19:17:21');
INSERT INTO message_reads VALUES(71,16,'2026-06-07 19:20:55');
INSERT INTO message_reads VALUES(70,16,'2026-06-07 19:20:55');
INSERT INTO message_reads VALUES(69,16,'2026-06-07 19:20:55');
INSERT INTO message_reads VALUES(68,16,'2026-06-07 19:20:55');
INSERT INTO message_reads VALUES(67,16,'2026-06-07 19:20:55');
INSERT INTO message_reads VALUES(63,16,'2026-06-07 19:20:55');
INSERT INTO message_reads VALUES(62,16,'2026-06-07 19:20:55');
INSERT INTO message_reads VALUES(61,16,'2026-06-07 19:20:55');
INSERT INTO message_reads VALUES(60,16,'2026-06-07 19:20:55');
INSERT INTO message_reads VALUES(59,16,'2026-06-07 19:20:55');
INSERT INTO message_reads VALUES(58,16,'2026-06-07 19:20:55');
INSERT INTO message_reads VALUES(57,16,'2026-06-07 19:20:55');
INSERT INTO message_reads VALUES(56,16,'2026-06-07 19:20:55');
INSERT INTO message_reads VALUES(71,4,'2026-06-07 19:22:37');
INSERT INTO message_reads VALUES(70,4,'2026-06-07 19:22:37');
INSERT INTO message_reads VALUES(69,4,'2026-06-07 19:22:37');
INSERT INTO message_reads VALUES(73,11,'2026-06-07 19:24:28');
INSERT INTO message_reads VALUES(72,11,'2026-06-07 19:24:28');
INSERT INTO message_reads VALUES(74,4,'2026-06-07 19:26:24');
INSERT INTO message_reads VALUES(74,14,'2026-06-07 19:54:34');
INSERT INTO message_reads VALUES(73,14,'2026-06-07 19:54:34');
INSERT INTO message_reads VALUES(72,14,'2026-06-07 19:54:34');
INSERT INTO message_reads VALUES(71,14,'2026-06-07 19:54:34');
INSERT INTO message_reads VALUES(70,14,'2026-06-07 19:54:34');
INSERT INTO message_reads VALUES(69,14,'2026-06-07 19:54:34');
INSERT INTO message_reads VALUES(68,14,'2026-06-07 19:54:34');
INSERT INTO message_reads VALUES(67,14,'2026-06-07 19:54:34');
INSERT INTO message_reads VALUES(74,6,'2026-06-08 05:17:04');
INSERT INTO message_reads VALUES(73,6,'2026-06-08 05:17:04');
INSERT INTO message_reads VALUES(72,6,'2026-06-08 05:17:04');
INSERT INTO message_reads VALUES(71,6,'2026-06-08 05:17:04');
INSERT INTO message_reads VALUES(70,6,'2026-06-08 05:17:04');
INSERT INTO message_reads VALUES(69,6,'2026-06-08 05:17:04');
INSERT INTO message_reads VALUES(68,6,'2026-06-08 05:17:04');
INSERT INTO message_reads VALUES(67,6,'2026-06-08 05:17:04');
INSERT INTO message_reads VALUES(63,6,'2026-06-08 05:17:04');
INSERT INTO message_reads VALUES(62,6,'2026-06-08 05:17:04');
INSERT INTO message_reads VALUES(61,6,'2026-06-08 05:17:04');
INSERT INTO message_reads VALUES(60,6,'2026-06-08 05:17:04');
INSERT INTO message_reads VALUES(59,6,'2026-06-08 05:17:04');
INSERT INTO message_reads VALUES(58,6,'2026-06-08 05:17:04');
INSERT INTO message_reads VALUES(57,6,'2026-06-08 05:17:04');
INSERT INTO message_reads VALUES(56,6,'2026-06-08 05:17:04');
INSERT INTO message_reads VALUES(48,6,'2026-06-08 05:17:04');
INSERT INTO message_reads VALUES(47,6,'2026-06-08 05:17:04');
INSERT INTO message_reads VALUES(53,17,'2026-06-08 10:58:41');
INSERT INTO message_reads VALUES(52,17,'2026-06-08 10:58:41');
INSERT INTO message_reads VALUES(51,17,'2026-06-08 10:58:41');
INSERT INTO message_reads VALUES(76,13,'2026-06-08 10:59:01');
INSERT INTO message_reads VALUES(75,13,'2026-06-08 10:59:01');
INSERT INTO message_reads VALUES(77,17,'2026-06-08 10:59:10');
INSERT INTO message_reads VALUES(74,12,'2026-06-08 12:52:19');
INSERT INTO message_reads VALUES(73,12,'2026-06-08 12:52:19');
INSERT INTO message_reads VALUES(72,12,'2026-06-08 12:52:19');
INSERT INTO message_reads VALUES(71,12,'2026-06-08 12:52:19');
INSERT INTO message_reads VALUES(70,12,'2026-06-08 12:52:19');
INSERT INTO message_reads VALUES(69,12,'2026-06-08 12:52:19');
INSERT INTO message_reads VALUES(68,12,'2026-06-08 12:52:19');
INSERT INTO message_reads VALUES(67,12,'2026-06-08 12:52:19');
INSERT INTO message_reads VALUES(63,12,'2026-06-08 12:52:19');
INSERT INTO message_reads VALUES(62,12,'2026-06-08 12:52:19');
INSERT INTO message_reads VALUES(61,12,'2026-06-08 12:52:19');
INSERT INTO message_reads VALUES(60,12,'2026-06-08 12:52:19');
INSERT INTO message_reads VALUES(59,12,'2026-06-08 12:52:19');
INSERT INTO message_reads VALUES(58,12,'2026-06-08 12:52:19');
INSERT INTO message_reads VALUES(57,12,'2026-06-08 12:52:19');
INSERT INTO message_reads VALUES(56,12,'2026-06-08 12:52:19');
INSERT INTO message_reads VALUES(48,12,'2026-06-08 12:52:19');
INSERT INTO message_reads VALUES(47,12,'2026-06-08 12:52:19');
INSERT INTO message_reads VALUES(83,17,'2026-06-08 14:07:23');
INSERT INTO message_reads VALUES(82,17,'2026-06-08 14:07:23');
INSERT INTO message_reads VALUES(81,17,'2026-06-08 14:07:23');
INSERT INTO message_reads VALUES(80,17,'2026-06-08 14:07:23');
INSERT INTO message_reads VALUES(79,17,'2026-06-08 14:07:23');
INSERT INTO message_reads VALUES(78,17,'2026-06-08 14:07:23');
INSERT INTO message_reads VALUES(89,4,'2026-06-08 17:07:14');
INSERT INTO message_reads VALUES(88,4,'2026-06-08 17:07:14');
INSERT INTO message_reads VALUES(87,4,'2026-06-08 17:07:14');
INSERT INTO message_reads VALUES(86,4,'2026-06-08 17:07:14');
INSERT INTO message_reads VALUES(91,12,'2026-06-08 17:36:53');
INSERT INTO message_reads VALUES(90,12,'2026-06-08 17:36:53');
CREATE TABLE broadcasts (
    id          INTEGER PRIMARY KEY,
    sender_id   INTEGER NOT NULL REFERENCES users(id),
    target_type TEXT    NOT NULL CHECK(target_type IN ('all', 'team', 'role')),
    target_id   INTEGER,
    target_role TEXT,
    body        TEXT    NOT NULL CHECK(length(body) > 0 AND length(body) <= 2000),
    sent_at     DATETIME NOT NULL DEFAULT CURRENT_TIMESTAMP
, edited_at DATETIME);
INSERT INTO broadcasts VALUES(1,1,'all',NULL,NULL,'Es gibt nun in TeamWERK einen ersten Stand eines Messaging Dienstes','2026-06-06 16:37:52',NULL);
CREATE TABLE broadcast_reads (
    broadcast_id INTEGER NOT NULL REFERENCES broadcasts(id) ON DELETE CASCADE,
    user_id      INTEGER NOT NULL REFERENCES users(id),
    read_at      DATETIME, hidden_at DATETIME,
    PRIMARY KEY (broadcast_id, user_id)
);
INSERT INTO broadcast_reads VALUES(1,4,'2026-06-06 16:38:43',NULL);
INSERT INTO broadcast_reads VALUES(1,1,'2026-06-06 16:37:52',NULL);
INSERT INTO broadcast_reads VALUES(1,8,'2026-06-06 16:39:12',NULL);
INSERT INTO broadcast_reads VALUES(1,14,'2026-06-06 18:12:37',NULL);
INSERT INTO broadcast_reads VALUES(1,11,'2026-06-06 16:39:47',NULL);
INSERT INTO broadcast_reads VALUES(1,16,'2026-06-06 21:09:26',NULL);
INSERT INTO broadcast_reads VALUES(1,5,'2026-06-06 16:40:24',NULL);
INSERT INTO broadcast_reads VALUES(1,13,'2026-06-06 16:38:03',NULL);
INSERT INTO broadcast_reads VALUES(1,15,'2026-06-07 11:02:20',NULL);
INSERT INTO broadcast_reads VALUES(1,12,'2026-06-08 12:54:41',NULL);
INSERT INTO broadcast_reads VALUES(1,6,'2026-06-06 19:54:09',NULL);
INSERT INTO broadcast_reads VALUES(1,9,NULL,NULL);
INSERT INTO broadcast_reads VALUES(1,7,NULL,NULL);
INSERT INTO broadcast_reads VALUES(1,10,NULL,NULL);
CREATE TABLE IF NOT EXISTS "duty_slots" (
    id           INTEGER  PRIMARY KEY AUTOINCREMENT,
    event_name   TEXT     NOT NULL,
    event_date   DATE     NOT NULL,
    event_time   TEXT,
    duty_type_id INTEGER  NOT NULL REFERENCES duty_types(id) ON DELETE RESTRICT,
    role_desc    TEXT,
    slots_total  INTEGER  NOT NULL DEFAULT 1,
    slots_filled INTEGER  NOT NULL DEFAULT 0,
    team_id      INTEGER  REFERENCES teams(id)   ON DELETE SET NULL,
    season_id    INTEGER  NOT NULL REFERENCES seasons(id) ON DELETE CASCADE,
    game_id      INTEGER  REFERENCES games(id)   ON DELETE CASCADE,
    created_at   DATETIME NOT NULL DEFAULT CURRENT_TIMESTAMP,
    audiences    TEXT
);
INSERT INTO duty_slots VALUES(199,'Heimspiel vs. Sommerfest','2026-06-27','11:00',11,'',4,0,NULL,1,NULL,'2026-05-23 12:55:12',NULL);
INSERT INTO duty_slots VALUES(328,'Heimspiel vs. Test','2026-06-07','13:30',8,'',2,1,20,2,NULL,'2026-06-06 08:14:14',NULL);
INSERT INTO duty_slots VALUES(339,'Heimspiel vs. Test','2026-06-07','13:45',4,'',1,1,21,2,NULL,'2026-06-06 10:38:13',NULL);
INSERT INTO duty_slots VALUES(347,'Auswärtsspiel vs. Test','2026-06-13','11:45',4,'',1,1,21,2,NULL,'2026-06-06 10:38:35',NULL);
INSERT INTO duty_slots VALUES(348,'Auswärtsspiel vs. Test','2026-06-13','11:45',10,'',1,0,21,2,NULL,'2026-06-06 10:38:35',NULL);
INSERT INTO duty_slots VALUES(349,'Auswärtsspiel vs. Test','2026-06-13','12:00',12,'',1,0,21,2,NULL,'2026-06-06 10:38:35',NULL);
INSERT INTO duty_slots VALUES(350,'Heimspiel vs. Test','2026-06-07','12:30',8,'',2,0,21,2,NULL,'2026-06-06 14:01:11',NULL);
INSERT INTO duty_slots VALUES(351,'Heimspiel vs. Test','2026-06-07','13:45',4,'',1,0,21,2,NULL,'2026-06-06 14:01:11',NULL);
INSERT INTO duty_slots VALUES(352,'Heimspiel vs. Test','2026-06-07','13:45',5,'',1,0,21,2,NULL,'2026-06-06 14:01:11',NULL);
INSERT INTO duty_slots VALUES(353,'Heimspiel vs. Test','2026-06-07','13:30',3,'',2,0,21,2,NULL,'2026-06-06 14:01:11',NULL);
INSERT INTO duty_slots VALUES(354,'Heimspiel vs. Test','2026-06-07','14:30',3,'',2,0,21,2,NULL,'2026-06-06 14:01:11',NULL);
INSERT INTO duty_slots VALUES(355,'Heimspiel vs. Test','2026-06-07','12:30',14,'',1,0,21,2,NULL,'2026-06-06 14:01:11',NULL);
INSERT INTO duty_slots VALUES(356,'Heimspiel vs. Test','2026-06-07','12:30',13,'',1,0,21,2,NULL,'2026-06-06 14:01:11',NULL);
INSERT INTO duty_slots VALUES(357,'Heimspiel vs. Test','2026-06-07','13:00',11,'',1,0,21,2,NULL,'2026-06-06 14:01:11',NULL);
INSERT INTO duty_slots VALUES(358,'Heimspiel vs. Test','2026-06-07','14:00',12,'',1,0,21,2,NULL,'2026-06-06 14:01:11',NULL);
INSERT INTO duty_slots VALUES(359,'Heimspiel vs. Test','2026-06-07','14:45',4,'',1,0,20,2,NULL,'2026-06-06 14:01:11',NULL);
INSERT INTO duty_slots VALUES(360,'Heimspiel vs. Test','2026-06-07','14:45',5,'',1,0,20,2,NULL,'2026-06-06 14:01:11',NULL);
INSERT INTO duty_slots VALUES(361,'Heimspiel vs. Test','2026-06-07','14:30',3,'',2,0,20,2,NULL,'2026-06-06 14:01:11',NULL);
INSERT INTO duty_slots VALUES(362,'Heimspiel vs. Test','2026-06-07','15:30',3,'',2,0,20,2,NULL,'2026-06-06 14:01:11',NULL);
INSERT INTO duty_slots VALUES(363,'Heimspiel vs. Test','2026-06-07','16:30',9,'',2,0,20,2,NULL,'2026-06-06 14:01:11',NULL);
INSERT INTO duty_slots VALUES(364,'Heimspiel vs. Test','2026-06-07','13:30',14,'',1,0,20,2,NULL,'2026-06-06 14:01:11',NULL);
INSERT INTO duty_slots VALUES(365,'Heimspiel vs. Test','2026-06-07','13:30',13,'',1,0,20,2,NULL,'2026-06-06 14:01:11',NULL);
INSERT INTO duty_slots VALUES(366,'Heimspiel vs. Test','2026-06-07','14:00',11,'',1,1,20,2,NULL,'2026-06-06 14:01:11',NULL);
INSERT INTO duty_slots VALUES(367,'Heimspiel vs. Test','2026-06-07','15:00',12,'',1,0,20,2,NULL,'2026-06-06 14:01:11',NULL);
CREATE TABLE notification_preferences (
    user_id       INTEGER NOT NULL REFERENCES users(id) ON DELETE CASCADE,
    category      TEXT    NOT NULL,
    push_enabled  INTEGER NOT NULL DEFAULT 1,
    email_enabled INTEGER NOT NULL DEFAULT 0,
    PRIMARY KEY (user_id, category),
    CHECK (category IN ('games','trainings','duties','duty_reminders','carpooling','membership'))
);
INSERT INTO notification_preferences VALUES(4,'trainings',1,1);
INSERT INTO notification_preferences VALUES(4,'duties',1,1);
INSERT INTO notification_preferences VALUES(4,'carpooling',1,1);
INSERT INTO notification_preferences VALUES(4,'games',1,1);
CREATE TABLE notification_log (
    user_id  INTEGER NOT NULL REFERENCES users(id) ON DELETE CASCADE,
    ref_type TEXT    NOT NULL,
    ref_id   INTEGER NOT NULL,
    sent_at  DATETIME NOT NULL DEFAULT CURRENT_TIMESTAMP,
    PRIMARY KEY (user_id, ref_type, ref_id)
);
CREATE TABLE member_absences (
    id         INTEGER PRIMARY KEY,
    member_id  INTEGER NOT NULL REFERENCES members(id) ON DELETE CASCADE,
    type       TEXT    NOT NULL CHECK(type IN ('vacation','injury')),
    start_date DATE    NOT NULL,
    end_date   DATE    NOT NULL,
    note       TEXT    NOT NULL DEFAULT '',
    created_by INTEGER NOT NULL REFERENCES users(id),
    created_at TEXT    NOT NULL DEFAULT (datetime('now'))
);
CREATE TABLE users (
    id                 INTEGER  PRIMARY KEY AUTOINCREMENT,
    email              TEXT,
    password           TEXT     NOT NULL DEFAULT '',
    role               TEXT     NOT NULL DEFAULT 'standard'
                       CHECK (role IN ('admin','standard')),
    team_id            INTEGER  REFERENCES teams(id) ON DELETE SET NULL,
    created_at         DATETIME NOT NULL DEFAULT CURRENT_TIMESTAMP,
    updated_at         DATETIME NOT NULL DEFAULT CURRENT_TIMESTAMP,
    first_name         TEXT     NOT NULL DEFAULT '',
    last_name          TEXT     NOT NULL DEFAULT '',
    street             TEXT,
    zip                TEXT,
    city               TEXT,
    photo_path         TEXT,
    duty_reminder_days INT      NULL DEFAULT NULL,
    last_login_at      DATETIME,
    can_login          INTEGER  NOT NULL DEFAULT 1
);
INSERT INTO users VALUES(1,'admin@team-stuttgart.org','$2a$10$IXtPkF85ufjR6/j5G/XWT.Zybxx3bBuUbkYHIxcdi38llQJ5yaPey','admin',NULL,'2026-05-18 20:03:23','2026-05-18 20:03:23','admin','',NULL,NULL,NULL,'user-photos/0a08de7b-187e-40a5-993d-2b76ba4ddfde.jpeg',NULL,'2026-06-08 12:39:58',1);
INSERT INTO users VALUES(4,'Ulrich@diefranks.eu','$2a$10$yn10sRQERkztgQrg.0mI8OgzHjUcCw6xB5ionRQXePfLpO0/ODPcq','standard',NULL,'2026-05-18 20:49:31','2026-06-06 07:11:41.637077259 +0000 UTC m=+29916.089752283','Ulrich','Frank','Solitudestr. 84','70499','Stuttgart','user-photos/5408d77b-c146-46bd-bf71-5ecfbfe7b7d7.jpeg',2,'2026-06-08 19:43:12',1);
INSERT INTO users VALUES(5,'jakob@diefranks.eu','$2a$10$xaKob.SuUVAg2TT2LaEDvuAtUPhYkRK5oIjpmh.p4TiDxqbR3bt22','standard',5,'2026-05-19 17:20:16','2026-06-06 12:55:22.657753596 +0000 UTC m=+1760.666392552','Jakob','Frank','Solitudestr. 84 B','70499','Stuttgart','user-photos/ffc1502d-effc-4b95-8114-6bebce4752d0.jpeg',NULL,'2026-06-06 16:49:54',1);
INSERT INTO users VALUES(6,'mail@team-stuttgart.org','$2a$10$JhjZ0sCph69ohfSVORb.b.HWiEem/sTYPsjpm1Gs2RfY2c.WX3meS','admin',NULL,'2026-05-21 15:17:25','2026-06-04 13:34:27.597572846 +0000 UTC m=+19043.371775298','Denise','Manz',NULL,NULL,NULL,NULL,NULL,'2026-06-08 15:43:50',1);
INSERT INTO users VALUES(7,'steffen.bader@gmx.net','$2a$10$S6ujNJ7YQeBEFtdaPK3IL.YXDX9BXot5GuOVgA6kyvA2NSl10jaOe','standard',NULL,'2026-05-22 05:11:10','2026-05-22 05:11:10','Steffen','Bader',NULL,NULL,NULL,NULL,NULL,NULL,1);
INSERT INTO users VALUES(8,'andrea@diefranks.eu','$2a$10$HQZ9PBEsjO82vFMZ3mqUy.A4Y1EDM.Ldesg7jNBV5KAlxQAfXnrWq','standard',NULL,'2026-05-23 12:47:49','2026-06-06 22:09:16.747803683 +0000 UTC m=+782.031456152','Andrea','Frank','Solitudestr. 84 B','70499','Stuttgart','user-photos/e3e61f8f-e44b-47e6-abdf-174dc61ccfb8.jpg',NULL,'2026-06-08 08:05:08',1);
INSERT INTO users VALUES(9,'meike_weigel@web.de','$2a$10$palCxRrkuN5XmUq1X/QWFuW8Rnj8XKG8CMFryOm3nKrApL5YUKHqK','standard',NULL,'2026-05-23 12:56:28','2026-05-23 12:56:28','Meike','Weigel',NULL,NULL,NULL,NULL,NULL,NULL,1);
INSERT INTO users VALUES(10,'vorstand@team-stuttgart.org','$2a$10$K0W5KHXj1tQ.Xq6wubWYGOHGMy5umla8KyPB/OYJu1IgYshnFBfoy','standard',NULL,'2026-05-24 15:36:39','2026-06-03 11:36:58.606336149 +0000 UTC m=+7908.051291416','Marko','Baisch',NULL,NULL,NULL,NULL,NULL,NULL,1);
INSERT INTO users VALUES(11,'florian.steinle@gmx.de','$2a$10$5BH2I5rEPLL4u.jPdMK43uikVh.hdf9ABhgWA5zxA81lVLe6MQBhy','standard',NULL,'2026-05-26 10:28:11','2026-06-06 11:00:05.743464162 +0000 UTC m=+4750.812431899','Florian ','Steinle','Pflasteräckerstraße 63','70186','Stuttgart ','user-photos/86e704a6-75b5-4acf-ab8a-ff8697e0ec74.jpg',2,'2026-06-07 19:17:11',1);
INSERT INTO users VALUES(12,'mail@matthias-baisch.de','$2a$10$TffBC0N/OPkcOGt3pMm2oeusqq6cReqje/aMMaS5T73dbjnPuKFX2','standard',NULL,'2026-06-03 21:05:28','2026-06-03 21:05:28','Matthias','Baisch',NULL,NULL,NULL,NULL,NULL,'2026-06-05 20:42:32',1);
INSERT INTO users VALUES(13,'jannes@diefranks.eu','$2a$10$3irSqYlkp8GRNFwQ5fDGruZl8g8qicbLVAsRNIM5aXnsiCZuPMvUS','standard',NULL,'2026-06-04 14:06:07','2026-06-06 21:10:20.694349821 +0000 UTC m=+1644.881151454','Jannes','Frank','Solitudestr. 84 B','70499','Stuttgart','user-photos/a7215a8d-cadd-47b8-81d1-6ef3700f9d1e.jpg',2,'2026-06-06 21:11:40',1);
INSERT INTO users VALUES(14,'einies@gmx.net','$2a$10$e27Zb2YhAcPwOiNzVAQAfexNfNv/3f2AIHYcdxwGEfVynfzz.h7ly','standard',NULL,'2026-06-04 19:08:40','2026-06-06 15:59:20.099243261 +0000 UTC m=+4915.368974712','Ines','Bader',NULL,NULL,NULL,'user-photos/8b994fc9-45d8-48ee-8dcd-12210a85d944.jpg',2,'2026-06-07 12:39:06',1);
INSERT INTO users VALUES(15,'julian_bader@gmx.de','$2a$10$eGwjc4e9KViAZYIb7hRjIODtpiWeHvAiWnmDUZhM0OHDA2MIBN1ju','standard',NULL,'2026-06-05 18:12:37','2026-06-07 11:04:46.851614527 +0000 UTC m=+1885.071683066','Julian','Bader',NULL,NULL,NULL,NULL,NULL,'2026-06-07 17:15:48',1);
INSERT INTO users VALUES(16,'j.wurster81@gmail.com','$2a$10$BQpEhijgCDNCbfsfw0KGw.FIiyP/82xKrDzzMkccMXK0DGztaXg.a','standard',NULL,'2026-06-06 10:35:35','2026-06-06 10:35:35','Julia','Wurster',NULL,NULL,NULL,NULL,NULL,'2026-06-06 14:03:02',1);
INSERT INTO users VALUES(17,'rawu20.13@gmail.com','$2a$10$WFw3e0RwvSNs2CEFTU59GuMk.uNRFHT9e6ILyNIZ7WTHpLl6XGDJu','standard',NULL,'2026-06-06 21:01:54','2026-06-06 21:01:54','Raphael','Wurster',NULL,NULL,NULL,NULL,NULL,'2026-06-06 21:03:57',1);
INSERT INTO users VALUES(18,'M.wurster81@gmail.com','$2a$10$D0pb7r8jhBLF5hHd9/JfneenAj45Py0/yao0ydpqhBPmQBCyD7tj6','standard',NULL,'2026-06-07 09:16:42','2026-06-07 09:16:42','Martin','Wurster',NULL,NULL,NULL,NULL,NULL,'2026-06-07 09:17:36',1);
INSERT INTO users VALUES(19,'brigitte_handball@t-online.de','$2a$10$gSxwqP7YxPoHei9JOeh20e/73TrcxCNW3RL5MP8fi8R9j5V.MEKVu','standard',NULL,'2026-06-07 09:18:53','2026-06-07 09:18:53','Brigitte','Billner',NULL,NULL,NULL,NULL,NULL,'2026-06-07 09:19:30',1);
DELETE FROM sqlite_sequence;
INSERT INTO sqlite_sequence VALUES('clubs',1);
INSERT INTO sqlite_sequence VALUES('membership_requests',4);
INSERT INTO sqlite_sequence VALUES('refresh_tokens',1393);
INSERT INTO sqlite_sequence VALUES('teams',22);
INSERT INTO sqlite_sequence VALUES('duty_types',14);
INSERT INTO sqlite_sequence VALUES('game_template_items',123);
INSERT INTO sqlite_sequence VALUES('seasons',3);
INSERT INTO sqlite_sequence VALUES('duty_assignments',23);
INSERT INTO sqlite_sequence VALUES('duty_accounts',3);
INSERT INTO sqlite_sequence VALUES('kader',29);
INSERT INTO sqlite_sequence VALUES('kader_members',175);
INSERT INTO sqlite_sequence VALUES('user_phones',9);
INSERT INTO sqlite_sequence VALUES('game_templates',5);
INSERT INTO sqlite_sequence VALUES('games',22);
INSERT INTO sqlite_sequence VALUES('push_subscriptions',572);
INSERT INTO sqlite_sequence VALUES('member_change_drafts',34);
INSERT INTO sqlite_sequence VALUES('mitfahrgelegenheiten',26);
INSERT INTO sqlite_sequence VALUES('carpooling_events',34);
INSERT INTO sqlite_sequence VALUES('mitfahrt_paarungen',12);
INSERT INTO sqlite_sequence VALUES('invitation_tokens',246);
INSERT INTO sqlite_sequence VALUES('file_folders',6);
INSERT INTO sqlite_sequence VALUES('folder_permissions',5);
INSERT INTO sqlite_sequence VALUES('files',17);
INSERT INTO sqlite_sequence VALUES('training_series',24);
INSERT INTO sqlite_sequence VALUES('training_sessions',569);
INSERT INTO sqlite_sequence VALUES('training_responses',56);
INSERT INTO sqlite_sequence VALUES('password_reset_tokens',2);
INSERT INTO sqlite_sequence VALUES('training_attendances',84);
INSERT INTO sqlite_sequence VALUES('members',210);
INSERT INTO sqlite_sequence VALUES('member_phones',2);
INSERT INTO sqlite_sequence VALUES('venues',1822);
INSERT INTO sqlite_sequence VALUES('duty_slots',367);
INSERT INTO sqlite_sequence VALUES('users',19);
CREATE UNIQUE INDEX version_unique ON schema_migrations (version);
CREATE UNIQUE INDEX kader_unique ON kader(season_id, age_class, gender, team_number);
CREATE INDEX idx_kader_season ON kader(season_id);
CREATE INDEX idx_kader_members_kader ON kader_members(kader_id);
CREATE INDEX idx_kader_members_member ON kader_members(member_id);
CREATE INDEX idx_member_change_drafts_member_id ON member_change_drafts(member_id);
CREATE VIEW team_memberships AS
SELECT km.id, km.member_id, k.team_id, k.season_id, 0 AS is_primary
FROM kader_members km
JOIN kader k ON k.id = km.kader_id
WHERE k.team_id IS NOT NULL

UNION

SELECT kt.kader_id * 100000 + kt.member_id, kt.member_id, k.team_id, k.season_id, 0
FROM kader_trainers kt
JOIN kader k ON k.id = kt.kader_id
WHERE k.team_id IS NOT NULL;
CREATE INDEX idx_push_subscriptions_user_id ON push_subscriptions(user_id);
CREATE UNIQUE INDEX idx_mitfahr_biete_unique
  ON mitfahrgelegenheiten(game_id, user_id)
  WHERE typ = 'biete';
CREATE INDEX idx_training_sessions_team_date ON training_sessions(team_id, date);
CREATE INDEX idx_training_sessions_series ON training_sessions(series_id);
CREATE INDEX idx_training_responses_training ON training_responses(training_id);
CREATE INDEX idx_training_responses_member ON training_responses(member_id);
CREATE INDEX idx_training_attendances_training ON training_attendances(training_id);
CREATE INDEX idx_training_series_team ON training_series(team_id);
CREATE INDEX idx_training_responses_responded_by ON training_responses(responded_by);
CREATE UNIQUE INDEX idx_members_member_number ON members(member_number) WHERE member_number IS NOT NULL;
CREATE VIEW user_accessible_teams AS
SELECT m.user_id, k.team_id, k.season_id
FROM kader_members km
JOIN kader k ON k.id = km.kader_id
JOIN members m ON m.id = km.member_id
WHERE k.team_id IS NOT NULL
UNION ALL
SELECT fl.parent_user_id AS user_id, k.team_id, k.season_id
FROM family_links fl
JOIN kader_members km ON km.member_id = fl.member_id
JOIN kader k ON k.id = km.kader_id
WHERE k.team_id IS NOT NULL
UNION ALL
SELECT m.user_id, k.team_id, k.season_id
FROM kader_trainers kt
JOIN kader k ON k.id = kt.kader_id
JOIN members m ON m.id = kt.member_id
WHERE k.team_id IS NOT NULL;
CREATE VIEW player_memberships AS
SELECT km.id, km.member_id, k.team_id, k.season_id
FROM kader_members km
JOIN kader k ON k.id = km.kader_id
WHERE k.team_id IS NOT NULL;
CREATE VIEW trainer_memberships AS
SELECT kt.kader_id * 100000 + kt.member_id AS id, kt.member_id, k.team_id, k.season_id
FROM kader_trainers kt
JOIN kader k ON k.id = kt.kader_id
WHERE k.team_id IS NOT NULL;
CREATE INDEX idx_venues_is_home ON venues(is_home_venue);
CREATE INDEX idx_conv_members_user ON conversation_members(user_id);
CREATE INDEX idx_messages_conv ON messages(conversation_id, sent_at DESC);
CREATE INDEX idx_message_reads_user ON message_reads(user_id);
CREATE INDEX idx_broadcast_reads_user ON broadcast_reads(user_id);
CREATE INDEX idx_member_absences_member ON member_absences(member_id);
CREATE INDEX idx_member_absences_dates  ON member_absences(start_date, end_date);
CREATE UNIQUE INDEX users_email_login_unique ON users(email)
WHERE can_login = 1 AND email IS NOT NULL;
COMMIT;
